image_id,date,frame_index,cell_line,label_good,hours_after_seeding,day,day_bin,seeding_density,flow_rate,author_split,path
220429_01,220429,1,HPMEC,1,0.0,1,0-1,"5,000,000.00",,train,train/good/cell_type_HPMEC/0-1_days/220429_01.png
220429_02,220429,2,HPMEC,1,0.0,1,0-1,"5,000,000.00",,train,train/good/cell_type_HPMEC/0-1_days/220429_02.png
220429_03,220429,3,HPMEC,0,0.0,1,0-1,"5,000,000.00",,test,test/bad/cell_type_HPMEC/0-1_days/220429_03.png
220429_04,220429,4,HPMEC,0,0.0,1,0-1,"5,000,000.00",,train,train/bad/cell_type_HPMEC/0-1_days/220429_04.png
220429_05,220429,5,HPMEC,1,0.0,1,0-1,"5,000,000.00",,val,val/good/cell_type_HPMEC/0-1_days/220429_05.png
220429_06,220429,6,HPMEC,1,0.0,1,0-1,"5,000,000.00",,train,train/good/cell_type_HPMEC/0-1_days/220429_06.png
220429_07,220429,7,HPMEC,0,0.0,1,0-1,"5,000,000.00",,train,train/bad/cell_type_HPMEC/0-1_days/220429_07.png
220429_08,220429,8,HPMEC,0,0.0,1,0-1,"5,000,000.00",,train,train/bad/cell_type_HPMEC/0-1_days/220429_08.png
220429_10,220429,10,HPMEC,1,2.0,1,0-1,"5,000,000.00",,test,test/good/cell_type_HPMEC/0-1_days/220429_10.png
220429_11,220429,11,HPMEC,1,2.0,1,0-1,"5,000,000.00",,val,val/good/cell_type_HPMEC/0-1_days/220429_11.png
220429_12,220429,12,HPMEC,1,2.0,1,0-1,"5,000,000.00",,test,test/good/cell_type_HPMEC/0-1_days/220429_12.png
220429_13,220429,13,HPMEC,0,2.0,1,0-1,"5,000,000.00",,train,train/bad/cell_type_HPMEC/0-1_days/220429_13.png
220429_14,220429,14,HPMEC,1,2.0,1,0-1,"5,000,000.00",,train,train/good/cell_type_HPMEC/0-1_days/220429_14.png
220429_15,220429,15,HPMEC,1,2.0,1,0-1,"5,000,000.00",,train,train/good/cell_type_HPMEC/0-1_days/220429_15.png
220429_16,220429,16,HPMEC,0,2.0,1,0-1,"5,000,000.00",,train,train/bad/cell_type_HPMEC/0-1_days/220429_16.png
220429_17,220429,17,HPMEC,0,2.0,1,0-1,"5,000,000.00",,val,val/bad/cell_type_HPMEC/0-1_days/220429_17.png
220429_19,220429,19,HSAEC,1,0.0,1,0-1,"1,500,000.00",,train,train/good/cell_type_HSAEC/0-1_days/220429_19.png
220429_20,220429,20,HSAEC,1,0.0,1,0-1,"1,500,000.00",,train,train/good/cell_type_HSAEC/0-1_days/220429_20.png
220429_21,220429,21,HSAEC,1,0.0,1,0-1,"1,500,000.00",,test,test/good/cell_type_HSAEC/0-1_days/220429_21.png
220429_22,220429,22,HSAEC,1,0.0,1,0-1,"1,500,000.00",,train,train/good/cell_type_HSAEC/0-1_days/220429_22.png
220429_23,220429,23,HSAEC,1,0.0,1,0-1,"1,500,000.00",,train,train/good/cell_type_HSAEC/0-1_days/220429_23.png
220429_24,220429,24,HSAEC,1,0.0,1,0-1,"1,500,000.00",,train,train/good/cell_type_HSAEC/0-1_days/220429_24.png
220429_25,220429,25,HSAEC,1,0.0,1,0-1,"1,500,000.00",,train,train/good/cell_type_HSAEC/0-1_days/220429_25.png
220429_26,220429,26,HSAEC,1,2.0,1,0-1,"1,500,000.00",,train,train/good/cell_type_HSAEC/0-1_days/220429_26.png
220429_27,220429,27,HSAEC,1,2.0,1,0-1,"1,500,000.00",,train,train/good/cell_type_HSAEC/0-1_days/220429_27.png
220429_28,220429,28,HSAEC,1,2.0,1,0-1,"1,500,000.00",,train,train/good/cell_type_HSAEC/0-1_days/220429_28.png
220429_29,220429,29,HSAEC,1,2.0,1,0-1,"1,500,000.00",,train,train/good/cell_type_HSAEC/0-1_days/220429_29.png
220429_30,220429,30,HSAEC,1,2.0,1,0-1,"1,500,000.00",,val,val/good/cell_type_HSAEC/0-1_days/220429_30.png
220429_31,220429,31,HSAEC,1,2.0,1,0-1,"1,500,000.00",,train,train/good/cell_type_HSAEC/0-1_days/220429_31.png
220429_32,220429,32,HSAEC,1,2.0,1,0-1,"1,500,000.00",,test,test/good/cell_type_HSAEC/0-1_days/220429_32.png
220429_33,220429,33,HSAEC,1,2.0,1,0-1,"1,500,000.00",,train,train/good/cell_type_HSAEC/0-1_days/220429_33.png
220502_1,220502,1,HSAEC,1,,4,4,,,train,train/good/cell_type_HSAEC/4_days/220502_1.png
220502_2,220502,2,HSAEC,1,,4,4,,,test,test/good/cell_type_HSAEC/4_days/220502_2.png
220502_3,220502,3,HSAEC,1,,4,4,,,train,train/good/cell_type_HSAEC/4_days/220502_3.png
220502_4,220502,4,HSAEC,1,,4,4,,,train,train/good/cell_type_HSAEC/4_days/220502_4.png
220502_5,220502,5,HSAEC,1,,4,4,,,train,train/good/cell_type_HSAEC/4_days/220502_5.png
220502_6,220502,6,HSAEC,1,,4,4,,,test,test/good/cell_type_HSAEC/4_days/220502_6.png
220502_7,220502,7,HSAEC,1,,4,4,,,train,train/good/cell_type_HSAEC/4_days/220502_7.png
220502_8,220502,8,HSAEC,1,,4,4,,,val,val/good/cell_type_HSAEC/4_days/220502_8.png
220503_1,220503,1,HSAEC,1,,5,4+,,,test,test/good/cell_type_HSAEC/4+_days/220503_1.png
220503_2,220503,2,HSAEC,1,,5,4+,,,test,test/good/cell_type_HSAEC/4+_days/220503_2.png
220503_3,220503,3,HSAEC,0,,5,4+,,,test,test/bad/cell_type_HSAEC/4+_days/220503_3.png
220503_4,220503,4,HSAEC,0,,5,4+,,,train,train/bad/cell_type_HSAEC/4+_days/220503_4.png
220503_5,220503,5,HSAEC,1,,5,4+,,,train,train/good/cell_type_HSAEC/4+_days/220503_5.png
220503_6,220503,6,HSAEC,0,,5,4+,,,test,test/bad/cell_type_HSAEC/4+_days/220503_6.png
220503_7,220503,7,HSAEC,1,,5,4+,,,val,val/good/cell_type_HSAEC/4+_days/220503_7.png
220503_8,220503,8,HSAEC,0,,5,4+,,,test,test/bad/cell_type_HSAEC/4+_days/220503_8.png
220506_1,220506,1,HSAEC,0,,3,2-3,"1,000,000.00",,train,train/bad/cell_type_HSAEC/2-3_days/220506_1.png
220506_2,220506,2,HSAEC,0,,3,2-3,"1,000,000.00",,train,train/bad/cell_type_HSAEC/2-3_days/220506_2.png
220506_3,220506,3,HSAEC,0,,3,2-3,"1,000,000.00",,train,train/bad/cell_type_HSAEC/2-3_days/220506_3.png
220506_4,220506,4,HSAEC,0,,3,2-3,"1,000,000.00",,test,test/bad/cell_type_HSAEC/2-3_days/220506_4.png
220506_5,220506,5,HSAEC,1,,3,2-3,"1,000,000.00",,train,train/good/cell_type_HSAEC/2-3_days/220506_5.png
220506_6,220506,6,HSAEC,1,,3,2-3,"1,000,000.00",,test,test/good/cell_type_HSAEC/2-3_days/220506_6.png
220506_7,220506,7,HSAEC,1,,3,2-3,"1,000,000.00",,train,train/good/cell_type_HSAEC/2-3_days/220506_7.png
220506_8,220506,8,HSAEC,0,,3,2-3,"1,000,000.00",,train,train/bad/cell_type_HSAEC/2-3_days/220506_8.png
220506_9,220506,9,CACO,0,,3,2-3,,,train,train/bad/cell_type_CACO/2-3_days/220506_9.png
220506_10,220506,10,CACO,1,,3,2-3,,,train,train/good/cell_type_CACO/2-3_days/220506_10.png
220506_11,220506,11,CACO,1,,3,2-3,,,val,val/good/cell_type_CACO/2-3_days/220506_11.png
220506_12,220506,12,CACO,1,,3,2-3,,,test,test/good/cell_type_CACO/2-3_days/220506_12.png
220506_13,220506,13,CACO,0,,3,2-3,,,train,train/bad/cell_type_CACO/2-3_days/220506_13.png
220506_14,220506,14,CACO,0,,3,2-3,,,train,train/bad/cell_type_CACO/2-3_days/220506_14.png
220506_15,220506,15,CACO,1,,3,2-3,,,train,train/good/cell_type_CACO/2-3_days/220506_15.png
220512_1,220512,1,HSAEC,0,,8,4+,,,train,train/bad/cell_type_HSAEC/4+_days/220512_1.png
220512_2,220512,2,HSAEC,1,,8,4+,,,test,test/good/cell_type_HSAEC/4+_days/220512_2.png
220512_3,220512,3,HSAEC,0,,8,4+,,,train,train/bad/cell_type_HSAEC/4+_days/220512_3.png
220512_4,220512,4,HSAEC,0,,8,4+,,,test,test/bad/cell_type_HSAEC/4+_days/220512_4.png
220512_5,220512,5,HSAEC,0,,8,4+,,,train,train/bad/cell_type_HSAEC/4+_days/220512_5.png
220512_6,220512,6,HSAEC,0,,8,4+,,,val,val/bad/cell_type_HSAEC/4+_days/220512_6.png
220512_7,220512,7,HSAEC,1,,8,4+,,,train,train/good/cell_type_HSAEC/4+_days/220512_7.png
220512_8,220512,8,HSAEC,1,,8,4+,,,train,train/good/cell_type_HSAEC/4+_days/220512_8.png
220512_9,220512,9,CACO,1,,8,4+,,,train,train/good/cell_type_CACO/4+_days/220512_9.png
220512_10,220512,10,CACO,0,,8,4+,,,train,train/bad/cell_type_CACO/4+_days/220512_10.png
220512_11,220512,11,CACO,1,,8,4+,,,train,train/good/cell_type_CACO/4+_days/220512_11.png
220512_12,220512,12,CACO,1,,8,4+,,,train,train/good/cell_type_CACO/4+_days/220512_12.png
220512_13,220512,13,CACO,0,,8,4+,,,train,train/bad/cell_type_CACO/4+_days/220512_13.png
220512_14,220512,14,CACO,1,,8,4+,,,test,test/good/cell_type_CACO/4+_days/220512_14.png
220512_15,220512,15,CACO,1,,8,4+,,,test,test/good/cell_type_CACO/4+_days/220512_15.png
220515_1,220515,1,CACO,1,,11,4+,,,test,test/good/cell_type_CACO/4+_days/220515_1.png
220515_2,220515,2,CACO,1,,11,4+,,,test,test/good/cell_type_CACO/4+_days/220515_2.png
220515_3,220515,3,CACO,1,,11,4+,,,test,test/good/cell_type_CACO/4+_days/220515_3.png
220515_4,220515,4,CACO,1,,11,4+,,,train,train/good/cell_type_CACO/4+_days/220515_4.png
220515_5,220515,5,CACO,0,,11,4+,,,train,train/bad/cell_type_CACO/4+_days/220515_5.png
220515_6,220515,6,CACO,1,,11,4+,,,train,train/good/cell_type_CACO/4+_days/220515_6.png
220515_7,220515,7,CACO,1,,11,4+,,,train,train/good/cell_type_CACO/4+_days/220515_7.png
220515_8,220515,8,CACO,1,,11,4+,,,train,train/good/cell_type_CACO/4+_days/220515_8.png
220515_9,220515,9,HSAEC,1,,11,4+,,,train,train/good/cell_type_HSAEC/4+_days/220515_9.png
220515_10,220515,10,HSAEC,1,,11,4+,,,train,train/good/cell_type_HSAEC/4+_days/220515_10.png
220515_11,220515,11,HSAEC,1,,11,4+,,,test,test/good/cell_type_HSAEC/4+_days/220515_11.png
220515_12,220515,12,HSAEC,0,,11,4+,,,train,train/bad/cell_type_HSAEC/4+_days/220515_12.png
220526_1,220526,1,HSAEC,0,,22,4+,,,test,test/bad/cell_type_HSAEC/4+_days/220526_1.png
220526_2,220526,2,HSAEC,0,,22,4+,,,train,train/bad/cell_type_HSAEC/4+_days/220526_2.png
220526_3,220526,3,HSAEC,1,,22,4+,,,train,train/good/cell_type_HSAEC/4+_days/220526_3.png
220526_4,220526,4,HSAEC,0,,22,4+,,,train,train/bad/cell_type_HSAEC/4+_days/220526_4.png
220526_5,220526,5,HSAEC,1,,22,4+,,,train,train/good/cell_type_HSAEC/4+_days/220526_5.png
220526_6,220526,6,HSAEC,1,,22,4+,,,train,train/good/cell_type_HSAEC/4+_days/220526_6.png
220606_1,220606,1,A549,1,,2,2-3,,,val,val/good/cell_type_A549/2-3_days/220606_1.png
220606_2,220606,2,A549,1,,2,2-3,,,train,train/good/cell_type_A549/2-3_days/220606_2.png
220606_3,220606,3,A549,1,,2,2-3,,,train,train/good/cell_type_A549/2-3_days/220606_3.png
220606_4,220606,4,A549,1,,2,2-3,,,train,train/good/cell_type_A549/2-3_days/220606_4.png
220606_5,220606,5,A549,0,,2,2-3,,,test,test/bad/cell_type_A549/2-3_days/220606_5.png
220606_6,220606,6,A549,1,,2,2-3,,,train,train/good/cell_type_A549/2-3_days/220606_6.png
220606_7,220606,7,A549,1,,2,2-3,,,train,train/good/cell_type_A549/2-3_days/220606_7.png
220606_8,220606,8,A549,0,,2,2-3,,,train,train/bad/cell_type_A549/2-3_days/220606_8.png
220606_10,220606,10,A549,1,,2,2-3,,,train,train/good/cell_type_A549/2-3_days/220606_10.png
220606_11,220606,11,A549,0,,2,2-3,,,train,train/bad/cell_type_A549/2-3_days/220606_11.png
220606_12,220606,12,CACO,0,,2,2-3,,,test,test/bad/cell_type_CACO/2-3_days/220606_12.png
220606_13,220606,13,CACO,0,,2,2-3,,,test,test/bad/cell_type_CACO/2-3_days/220606_13.png
220606_14,220606,14,CACO,0,,2,2-3,,,test,test/bad/cell_type_CACO/2-3_days/220606_14.png
220606_15,220606,15,CACO,0,,2,2-3,,,val,val/bad/cell_type_CACO/2-3_days/220606_15.png
220606_16,220606,16,CACO,0,,2,2-3,,,train,train/bad/cell_type_CACO/2-3_days/220606_16.png
220606_17,220606,17,CACO,1,,2,2-3,,,test,test/good/cell_type_CACO/2-3_days/220606_17.png
220606_18,220606,18,CACO,0,,2,2-3,,,train,train/bad/cell_type_CACO/2-3_days/220606_18.png
220606_19,220606,19,CACO,1,,2,2-3,,,val,val/good/cell_type_CACO/2-3_days/220606_19.png
220606_20,220606,20,CACO,1,,2,2-3,,,train,train/good/cell_type_CACO/2-3_days/220606_20.png
220606_21,220606,21,CACO,0,,2,2-3,,,train,train/bad/cell_type_CACO/2-3_days/220606_21.png
220606_22,220606,22,CACO,0,,2,2-3,,,train,train/bad/cell_type_CACO/2-3_days/220606_22.png
220608_1,220608,1,CACO,0,,4,4,,,train,train/bad/cell_type_CACO/4_days/220608_1.png
220608_2,220608,2,CACO,0,,4,4,,,train,train/bad/cell_type_CACO/4_days/220608_2.png
220608_3,220608,3,CACO,0,,4,4,,,train,train/bad/cell_type_CACO/4_days/220608_3.png
220608_4,220608,4,CACO,0,,4,4,,,train,train/bad/cell_type_CACO/4_days/220608_4.png
220608_5,220608,5,CACO,0,,4,4,,,train,train/bad/cell_type_CACO/4_days/220608_5.png
220608_6,220608,6,CACO,0,,4,4,,,train,train/bad/cell_type_CACO/4_days/220608_6.png
220608_7,220608,7,CACO,0,,4,4,,,test,test/bad/cell_type_CACO/4_days/220608_7.png
220608_8,220608,8,CACO,0,,4,4,,,test,test/bad/cell_type_CACO/4_days/220608_8.png
220608_9,220608,9,CACO,0,,4,4,,,test,test/bad/cell_type_CACO/4_days/220608_9.png
220608_10,220608,10,CACO,0,,4,4,,,val,val/bad/cell_type_CACO/4_days/220608_10.png
220608_11,220608,11,CACO,0,,4,4,,,train,train/bad/cell_type_CACO/4_days/220608_11.png
220608_12,220608,12,A549,0,,4,4,,,train,train/bad/cell_type_A549/4_days/220608_12.png
220608_13,220608,13,A549,0,,4,4,,,test,test/bad/cell_type_A549/4_days/220608_13.png
220608_14,220608,14,A549,0,,4,4,,,train,train/bad/cell_type_A549/4_days/220608_14.png
220608_15,220608,15,A549,0,,4,4,,,test,test/bad/cell_type_A549/4_days/220608_15.png
220608_16,220608,16,A549,0,,4,4,,,train,train/bad/cell_type_A549/4_days/220608_16.png
220608_17,220608,17,A549,0,,4,4,,,train,train/bad/cell_type_A549/4_days/220608_17.png
220608_18,220608,18,A549,0,,4,4,,,train,train/bad/cell_type_A549/4_days/220608_18.png
220608_19,220608,19,A549,0,,4,4,,,train,train/bad/cell_type_A549/4_days/220608_19.png
220608_20,220608,20,A549,0,,4,4,,,train,train/bad/cell_type_A549/4_days/220608_20.png
220608_21,220608,21,A549,0,,4,4,,,test,test/bad/cell_type_A549/4_days/220608_21.png
220608_22,220608,22,A549,0,,4,4,,,train,train/bad/cell_type_A549/4_days/220608_22.png
220608_23,220608,23,A549,0,,4,4,,,train,train/bad/cell_type_A549/4_days/220608_23.png
220609_1,220609,1,CACO,0,,5,4+,,,test,test/bad/cell_type_CACO/4+_days/220609_1.png
220609_2,220609,2,CACO,0,,5,4+,,,train,train/bad/cell_type_CACO/4+_days/220609_2.png
220609_3,220609,3,CACO,0,,5,4+,,,train,train/bad/cell_type_CACO/4+_days/220609_3.png
220609_4,220609,4,CACO,1,,5,4+,,,test,test/good/cell_type_CACO/4+_days/220609_4.png
220609_5,220609,5,CACO,1,,5,4+,,,test,test/good/cell_type_CACO/4+_days/220609_5.png
220609_6,220609,6,CACO,1,,5,4+,,,train,train/good/cell_type_CACO/4+_days/220609_6.png
220609_7,220609,7,CACO,1,,5,4+,,,train,train/good/cell_type_CACO/4+_days/220609_7.png
220609_8,220609,8,CACO,0,,5,4+,,,train,train/bad/cell_type_CACO/4+_days/220609_8.png
220609_9,220609,9,A549,1,,5,4+,,,test,test/good/cell_type_A549/4+_days/220609_9.png
220609_10,220609,10,A549,1,,5,4+,,,train,train/good/cell_type_A549/4+_days/220609_10.png
220609_11,220609,11,A549,1,,5,4+,,,test,test/good/cell_type_A549/4+_days/220609_11.png
220609_12,220609,12,A549,1,,5,4+,,,train,train/good/cell_type_A549/4+_days/220609_12.png
220609_13,220609,13,A549,1,,5,4+,,,train,train/good/cell_type_A549/4+_days/220609_13.png
220609_14,220609,14,A549,1,,5,4+,,,test,test/good/cell_type_A549/4+_days/220609_14.png
220609_15,220609,15,A549,1,,5,4+,,,val,val/good/cell_type_A549/4+_days/220609_15.png
220609_16,220609,16,A549,0,,5,4+,,,train,train/bad/cell_type_A549/4+_days/220609_16.png
220610_1,220610,1,CACO,0,,6,4+,,,train,train/bad/cell_type_CACO/4+_days/220610_1.png
220610_2,220610,2,CACO,1,,6,4+,,,train,train/good/cell_type_CACO/4+_days/220610_2.png
220610_3,220610,3,CACO,0,,6,4+,,,train,train/bad/cell_type_CACO/4+_days/220610_3.png
220610_4,220610,4,CACO,0,,6,4+,,,train,train/bad/cell_type_CACO/4+_days/220610_4.png
220610_5,220610,5,CACO,1,,6,4+,,,train,train/good/cell_type_CACO/4+_days/220610_5.png
220610_6,220610,6,CACO,1,,6,4+,,,train,train/good/cell_type_CACO/4+_days/220610_6.png
220610_7,220610,7,CACO,1,,6,4+,,,train,train/good/cell_type_CACO/4+_days/220610_7.png
220610_8,220610,8,CACO,1,,6,4+,,,train,train/good/cell_type_CACO/4+_days/220610_8.png
220610_9,220610,9,CACO,1,,6,4+,,,train,train/good/cell_type_CACO/4+_days/220610_9.png
220610_10,220610,10,CACO,0,,6,4+,,,val,val/bad/cell_type_CACO/4+_days/220610_10.png
220610_11,220610,11,CACO,1,,6,4+,,,train,train/good/cell_type_CACO/4+_days/220610_11.png
220610_12,220610,12,CACO,1,,6,4+,,,val,val/good/cell_type_CACO/4+_days/220610_12.png
220610_13,220610,13,A549,1,,6,4+,,,train,train/good/cell_type_A549/4+_days/220610_13.png
220610_14,220610,14,A549,1,,6,4+,,,train,train/good/cell_type_A549/4+_days/220610_14.png
220610_15,220610,15,A549,1,,6,4+,,,train,train/good/cell_type_A549/4+_days/220610_15.png
220610_16,220610,16,A549,1,,6,4+,,,train,train/good/cell_type_A549/4+_days/220610_16.png
220610_17,220610,17,A549,1,,6,4+,,,train,train/good/cell_type_A549/4+_days/220610_17.png
220610_18,220610,18,A549,1,,6,4+,,,train,train/good/cell_type_A549/4+_days/220610_18.png
220610_19,220610,19,A549,1,,6,4+,,,train,train/good/cell_type_A549/4+_days/220610_19.png
220610_20,220610,20,A549,1,,6,4+,,,train,train/good/cell_type_A549/4+_days/220610_20.png
220610_21,220610,21,A549,1,,6,4+,,,train,train/good/cell_type_A549/4+_days/220610_21.png
220610_22,220610,22,A549,0,,6,4+,,,train,train/bad/cell_type_A549/4+_days/220610_22.png
220610_23,220610,23,A549,0,,6,4+,,,train,train/bad/cell_type_A549/4+_days/220610_23.png
220610_24,220610,24,A549,1,,6,4+,,,train,train/good/cell_type_A549/4+_days/220610_24.png
220611_1,220611,1,CACO,1,,7,4+,,,test,test/good/cell_type_CACO/4+_days/220611_1.png
220611_2,220611,2,CACO,1,,7,4+,,,val,val/good/cell_type_CACO/4+_days/220611_2.png
220611_3,220611,3,CACO,1,,7,4+,,,train,train/good/cell_type_CACO/4+_days/220611_3.png
220611_4,220611,4,CACO,1,,7,4+,,,train,train/good/cell_type_CACO/4+_days/220611_4.png
220611_5,220611,5,CACO,1,,7,4+,,,test,test/good/cell_type_CACO/4+_days/220611_5.png
220611_6,220611,6,CACO,1,,7,4+,,,val,val/good/cell_type_CACO/4+_days/220611_6.png
220611_7,220611,7,CACO,1,,7,4+,,,train,train/good/cell_type_CACO/4+_days/220611_7.png
220611_8,220611,8,CACO,1,,7,4+,,,train,train/good/cell_type_CACO/4+_days/220611_8.png
220611_9,220611,9,CACO,0,,7,4+,,,test,test/bad/cell_type_CACO/4+_days/220611_9.png
220611_10,220611,10,CACO,1,,7,4+,,,train,train/good/cell_type_CACO/4+_days/220611_10.png
220611_11,220611,11,CACO,0,,7,4+,,,train,train/bad/cell_type_CACO/4+_days/220611_11.png
220611_12,220611,12,CACO,0,,7,4+,,,train,train/bad/cell_type_CACO/4+_days/220611_12.png
220611_13,220611,13,A549,1,,7,4+,,,test,test/good/cell_type_A549/4+_days/220611_13.png
220611_14,220611,14,A549,1,,7,4+,,,train,train/good/cell_type_A549/4+_days/220611_14.png
220611_15,220611,15,A549,1,,7,4+,,,test,test/good/cell_type_A549/4+_days/220611_15.png
220611_16,220611,16,A549,1,,7,4+,,,train,train/good/cell_type_A549/4+_days/220611_16.png
220611_17,220611,17,A549,0,,7,4+,,,train,train/bad/cell_type_A549/4+_days/220611_17.png
220611_18,220611,18,A549,1,,7,4+,,,test,test/good/cell_type_A549/4+_days/220611_18.png
220611_19,220611,19,A549,1,,7,4+,,,train,train/good/cell_type_A549/4+_days/220611_19.png
220611_20,220611,20,A549,1,,7,4+,,,train,train/good/cell_type_A549/4+_days/220611_20.png
220611_21,220611,21,A549,1,,7,4+,,,train,train/good/cell_type_A549/4+_days/220611_21.png
220611_22,220611,22,A549,0,,7,4+,,,test,test/bad/cell_type_A549/4+_days/220611_22.png
220611_23,220611,23,A549,1,,7,4+,,,train,train/good/cell_type_A549/4+_days/220611_23.png
220611_24,220611,24,A549,0,,7,4+,,,train,train/bad/cell_type_A549/4+_days/220611_24.png
220612_1,220612,1,CACO,1,,8,4+,,,train,train/good/cell_type_CACO/4+_days/220612_1.png
220612_2,220612,2,CACO,1,,8,4+,,,train,train/good/cell_type_CACO/4+_days/220612_2.png
220612_3,220612,3,CACO,0,,8,4+,,,train,train/bad/cell_type_CACO/4+_days/220612_3.png
220612_4,220612,4,CACO,1,,8,4+,,,train,train/good/cell_type_CACO/4+_days/220612_4.png
220612_5,220612,5,CACO,1,,8,4+,,,test,test/good/cell_type_CACO/4+_days/220612_5.png
220612_6,220612,6,CACO,1,,8,4+,,,val,val/good/cell_type_CACO/4+_days/220612_6.png
220612_7,220612,7,CACO,1,,8,4+,,,train,train/good/cell_type_CACO/4+_days/220612_7.png
220612_8,220612,8,CACO,1,,8,4+,,,test,test/good/cell_type_CACO/4+_days/220612_8.png
220612_9,220612,9,CACO,1,,8,4+,,,train,train/good/cell_type_CACO/4+_days/220612_9.png
220612_10,220612,10,CACO,1,,8,4+,,,train,train/good/cell_type_CACO/4+_days/220612_10.png
220612_11,220612,11,CACO,1,,8,4+,,,train,train/good/cell_type_CACO/4+_days/220612_11.png
220612_12,220612,12,CACO,1,,8,4+,,,train,train/good/cell_type_CACO/4+_days/220612_12.png
220612_13,220612,13,A549,1,,8,4+,,,train,train/good/cell_type_A549/4+_days/220612_13.png
220612_14,220612,14,A549,1,,8,4+,,,train,train/good/cell_type_A549/4+_days/220612_14.png
220612_15,220612,15,A549,1,,8,4+,,,test,test/good/cell_type_A549/4+_days/220612_15.png
220612_16,220612,16,A549,1,,8,4+,,,train,train/good/cell_type_A549/4+_days/220612_16.png
220612_17,220612,17,A549,0,,8,4+,,,train,train/bad/cell_type_A549/4+_days/220612_17.png
220612_18,220612,18,A549,0,,8,4+,,,val,val/bad/cell_type_A549/4+_days/220612_18.png
220612_19,220612,19,A549,1,,8,4+,,,train,train/good/cell_type_A549/4+_days/220612_19.png
220612_20,220612,20,A549,1,,8,4+,,,val,val/good/cell_type_A549/4+_days/220612_20.png
220612_21,220612,21,A549,1,,8,4+,,,train,train/good/cell_type_A549/4+_days/220612_21.png
220612_22,220612,22,A549,1,,8,4+,,,train,train/good/cell_type_A549/4+_days/220612_22.png
220612_23,220612,23,A549,1,,8,4+,,,train,train/good/cell_type_A549/4+_days/220612_23.png
220612_24,220612,24,A549,0,,8,4+,,,train,train/bad/cell_type_A549/4+_days/220612_24.png
220620_1,220620,1,A549,1,,16,4+,,,val,val/good/cell_type_A549/4+_days/220620_1.png
220620_2,220620,2,A549,1,,16,4+,,,train,train/good/cell_type_A549/4+_days/220620_2.png
220620_3,220620,3,A549,1,,16,4+,,,train,train/good/cell_type_A549/4+_days/220620_3.png
220620_4,220620,4,A549,1,,16,4+,,,val,val/good/cell_type_A549/4+_days/220620_4.png
220620_5,220620,5,A549,1,,16,4+,,,train,train/good/cell_type_A549/4+_days/220620_5.png
220620_6,220620,6,A549,1,,16,4+,,,train,train/good/cell_type_A549/4+_days/220620_6.png
220620_7,220620,7,A549,1,,16,4+,,,test,test/good/cell_type_A549/4+_days/220620_7.png
220620_8,220620,8,A549,1,,16,4+,,,train,train/good/cell_type_A549/4+_days/220620_8.png
220620_9,220620,9,A549,1,,16,4+,,,train,train/good/cell_type_A549/4+_days/220620_9.png
220620_10,220620,10,A549,1,,16,4+,,,test,test/good/cell_type_A549/4+_days/220620_10.png
220620_11,220620,11,A549,0,,16,4+,,,train,train/bad/cell_type_A549/4+_days/220620_11.png
220620_12,220620,12,A549,1,,16,4+,,,val,val/good/cell_type_A549/4+_days/220620_12.png
220626_1,220626,1,HPMEC,1,2.0,1,0-1,"10,000,000.00",,train,train/good/cell_type_HPMEC/0-1_days/220626_1.png
220626_2,220626,2,HPMEC,1,2.0,1,0-1,"10,000,000.00",,train,train/good/cell_type_HPMEC/0-1_days/220626_2.png
220626_3,220626,3,HPMEC,1,2.0,1,0-1,"10,000,000.00",,val,val/good/cell_type_HPMEC/0-1_days/220626_3.png
220626_4,220626,4,HPMEC,1,2.0,1,0-1,"10,000,000.00",,train,train/good/cell_type_HPMEC/0-1_days/220626_4.png
220626_5,220626,5,HPMEC,1,2.0,1,0-1,"10,000,000.00",,train,train/good/cell_type_HPMEC/0-1_days/220626_5.png
220626_6,220626,6,HPMEC,1,2.0,1,0-1,"10,000,000.00",,train,train/good/cell_type_HPMEC/0-1_days/220626_6.png
220626_7,220626,7,HPMEC,1,2.0,1,0-1,"10,000,000.00",,test,test/good/cell_type_HPMEC/0-1_days/220626_7.png
220626_8,220626,8,HPMEC,1,2.0,1,0-1,"10,000,000.00",,train,train/good/cell_type_HPMEC/0-1_days/220626_8.png
220626_9,220626,9,HSAEC,1,2.0,1,0-1,"6,000,000.00",,train,train/good/cell_type_HSAEC/0-1_days/220626_9.png
220626_10,220626,10,HSAEC,1,2.0,1,0-1,"6,000,000.00",,test,test/good/cell_type_HSAEC/0-1_days/220626_10.png
220626_11,220626,11,HSAEC,1,2.0,1,0-1,"6,000,000.00",,train,train/good/cell_type_HSAEC/0-1_days/220626_11.png
220626_12,220626,12,HSAEC,1,2.0,1,0-1,"6,000,000.00",,train,train/good/cell_type_HSAEC/0-1_days/220626_12.png
220626_13,220626,13,HSAEC,1,2.0,1,0-1,"6,000,000.00",,train,train/good/cell_type_HSAEC/0-1_days/220626_13.png
220626_14,220626,14,HSAEC,1,2.0,1,0-1,"6,000,000.00",,test,test/good/cell_type_HSAEC/0-1_days/220626_14.png
220626_15,220626,15,HSAEC,1,2.0,1,0-1,"6,000,000.00",,train,train/good/cell_type_HSAEC/0-1_days/220626_15.png
220626_16,220626,16,HSAEC,1,2.0,1,0-1,"6,000,000.00",,val,val/good/cell_type_HSAEC/0-1_days/220626_16.png
220630_01,220630,1,HSAEC,0,,4,4,,,test,test/bad/cell_type_HSAEC/4_days/220630_01.png
220630_02,220630,2,HSAEC,0,,4,4,,,test,test/bad/cell_type_HSAEC/4_days/220630_02.png
220630_03,220630,3,HSAEC,0,,4,4,,,train,train/bad/cell_type_HSAEC/4_days/220630_03.png
220630_04,220630,4,HSAEC,0,,4,4,,,train,train/bad/cell_type_HSAEC/4_days/220630_04.png
220630_05,220630,5,HSAEC,0,,4,4,,,test,test/bad/cell_type_HSAEC/4_days/220630_05.png
220630_06,220630,6,HSAEC,0,,4,4,,,train,train/bad/cell_type_HSAEC/4_days/220630_06.png
220630_07,220630,7,HSAEC,0,,4,4,,,train,train/bad/cell_type_HSAEC/4_days/220630_07.png
220630_08,220630,8,HSAEC,0,,4,4,,,test,test/bad/cell_type_HSAEC/4_days/220630_08.png
220630_09,220630,9,HSAEC,0,,4,4,,,train,train/bad/cell_type_HSAEC/4_days/220630_09.png
220630_10,220630,10,HSAEC,1,,4,4,,,test,test/good/cell_type_HSAEC/4_days/220630_10.png
220630_11,220630,11,HSAEC,1,,4,4,,,train,train/good/cell_type_HSAEC/4_days/220630_11.png
220630_12,220630,12,HSAEC,1,,4,4,,,train,train/good/cell_type_HSAEC/4_days/220630_12.png
220630_13,220630,13,HSAEC,0,,4,4,,,train,train/bad/cell_type_HSAEC/4_days/220630_13.png
220630_14,220630,14,HSAEC,0,,4,4,,,train,train/bad/cell_type_HSAEC/4_days/220630_14.png
220630_15,220630,15,HSAEC,0,,4,4,,,train,train/bad/cell_type_HSAEC/4_days/220630_15.png
220630_16,220630,16,HSAEC,0,,4,4,,,train,train/bad/cell_type_HSAEC/4_days/220630_16.png
220630_17,220630,17,HSAEC,0,,4,4,,,train,train/bad/cell_type_HSAEC/4_days/220630_17.png
220630_18,220630,18,HSAEC,0,,4,4,,,val,val/bad/cell_type_HSAEC/4_days/220630_18.png
220630_19,220630,19,HSAEC,0,,4,4,,,train,train/bad/cell_type_HSAEC/4_days/220630_19.png
220706_1,220706,1,HSAEC,0,,11,4+,,,val,val/bad/cell_type_HSAEC/4+_days/220706_1.png
220706_2,220706,2,HSAEC,0,,11,4+,,,test,test/bad/cell_type_HSAEC/4+_days/220706_2.png
220706_3,220706,3,HSAEC,1,,11,4+,,,train,train/good/cell_type_HSAEC/4+_days/220706_3.png
220706_4,220706,4,HSAEC,0,,11,4+,,,train,train/bad/cell_type_HSAEC/4+_days/220706_4.png
220706_5,220706,5,HSAEC,0,,11,4+,,,test,test/bad/cell_type_HSAEC/4+_days/220706_5.png
220706_6,220706,6,HSAEC,0,,11,4+,,,train,train/bad/cell_type_HSAEC/4+_days/220706_6.png
220706_7,220706,7,HSAEC,0,,11,4+,,,train,train/bad/cell_type_HSAEC/4+_days/220706_7.png
220706_8,220706,8,HSAEC,1,,11,4+,,,train,train/good/cell_type_HSAEC/4+_days/220706_8.png
220706_9,220706,9,HSAEC,1,,11,4+,,,test,test/good/cell_type_HSAEC/4+_days/220706_9.png
220706_10,220706,10,HSAEC,1,,11,4+,,,train,train/good/cell_type_HSAEC/4+_days/220706_10.png
220708_1,220708,1,HPMEC,0,0.0,1,0-1,"6,000,000/ml",,train,train/bad/cell_type_HPMEC/0-1_days/220708_1.png
220708_2,220708,2,HPMEC,0,0.0,1,0-1,"6,000,000/ml",,train,train/bad/cell_type_HPMEC/0-1_days/220708_2.png
220708_3,220708,3,HPMEC,1,0.0,1,0-1,"6,000,000/ml",,train,train/good/cell_type_HPMEC/0-1_days/220708_3.png
220708_4,220708,4,HPMEC,1,0.0,1,0-1,"6,000,000/ml",,test,test/good/cell_type_HPMEC/0-1_days/220708_4.png
220708_5,220708,5,HPMEC,1,0.0,1,0-1,"6,000,000/ml",,train,train/good/cell_type_HPMEC/0-1_days/220708_5.png
220708_6,220708,6,HPMEC,1,0.0,1,0-1,"6,000,000/ml",,test,test/good/cell_type_HPMEC/0-1_days/220708_6.png
220708_7,220708,7,HPMEC,1,0.0,1,0-1,"6,000,000/ml",,test,test/good/cell_type_HPMEC/0-1_days/220708_7.png
220708_8,220708,8,HSAEC,1,2.0,1,0-1,1.00E+06,,test,test/good/cell_type_HSAEC/0-1_days/220708_8.png
220708_9,220708,9,HSAEC,1,2.0,1,0-1,1.00E+06,,train,train/good/cell_type_HSAEC/0-1_days/220708_9.png
220708_10,220708,10,HSAEC,0,2.0,1,0-1,1.00E+06,,train,train/bad/cell_type_HSAEC/0-1_days/220708_10.png
220708_11,220708,11,HSAEC,0,2.0,1,0-1,1.00E+06,,test,test/bad/cell_type_HSAEC/0-1_days/220708_11.png
220708_12,220708,12,HSAEC,0,2.0,1,0-1,1.00E+06,,test,test/bad/cell_type_HSAEC/0-1_days/220708_12.png
220708_13,220708,13,HSAEC,0,2.0,1,0-1,1.00E+06,,train,train/bad/cell_type_HSAEC/0-1_days/220708_13.png
220715_1,220715,1,HPMEC,1,0.0,1,0-1,9.40E+06,,test,test/good/cell_type_HPMEC/0-1_days/220715_1.png
220715_2,220715,2,HPMEC,1,0.0,1,0-1,9.40E+06,,train,train/good/cell_type_HPMEC/0-1_days/220715_2.png
220715_3,220715,3,HPMEC,1,0.0,1,0-1,9.40E+06,,val,val/good/cell_type_HPMEC/0-1_days/220715_3.png
220715_4,220715,4,HPMEC,1,0.0,1,0-1,9.40E+06,,train,train/good/cell_type_HPMEC/0-1_days/220715_4.png
220715_5,220715,5,HPMEC,1,0.0,1,0-1,9.40E+06,,train,train/good/cell_type_HPMEC/0-1_days/220715_5.png
220715_6,220715,6,HPMEC,1,0.0,1,0-1,9.40E+06,,train,train/good/cell_type_HPMEC/0-1_days/220715_6.png
220715_7,220715,7,HPMEC,0,0.0,1,0-1,9.40E+06,,train,train/bad/cell_type_HPMEC/0-1_days/220715_7.png
220715_8,220715,8,HPMEC,0,0.0,1,0-1,9.40E+06,,train,train/bad/cell_type_HPMEC/0-1_days/220715_8.png
220715_9,220715,9,HPMEC,0,0.0,1,0-1,9.40E+06,,train,train/bad/cell_type_HPMEC/0-1_days/220715_9.png
220715_10,220715,10,HPMEC,1,0.0,1,0-1,9.40E+06,,train,train/good/cell_type_HPMEC/0-1_days/220715_10.png
220715_11,220715,11,HPMEC,1,0.0,1,0-1,9.40E+06,,train,train/good/cell_type_HPMEC/0-1_days/220715_11.png
220715_12,220715,12,HPMEC,1,0.0,1,0-1,9.40E+06,,train,train/good/cell_type_HPMEC/0-1_days/220715_12.png
220715_13,220715,13,HSAEC,1,2.0,1,0-1,1.47E+06,,train,train/good/cell_type_HSAEC/0-1_days/220715_13.png
220715_14,220715,14,HSAEC,1,2.0,1,0-1,1.47E+06,,train,train/good/cell_type_HSAEC/0-1_days/220715_14.png
220715_15,220715,15,HSAEC,1,2.0,1,0-1,1.47E+06,,train,train/good/cell_type_HSAEC/0-1_days/220715_15.png
220716_1,220716,1,HSAEC,1,,2,2-3,1.47E+06,,train,train/good/cell_type_HSAEC/2-3_days/220716_1.png
220716_2,220716,2,HSAEC,1,,2,2-3,1.47E+06,,train,train/good/cell_type_HSAEC/2-3_days/220716_2.png
220716_3,220716,3,HSAEC,1,,2,2-3,1.47E+06,,train,train/good/cell_type_HSAEC/2-3_days/220716_3.png
220716_4,220716,4,HSAEC,1,,2,2-3,1.47E+06,,train,train/good/cell_type_HSAEC/2-3_days/220716_4.png
220716_5,220716,5,HSAEC,1,,2,2-3,1.47E+06,,val,val/good/cell_type_HSAEC/2-3_days/220716_5.png
220716_6,220716,6,HSAEC,1,,2,2-3,1.47E+06,,train,train/good/cell_type_HSAEC/2-3_days/220716_6.png
220716_7,220716,7,HSAEC,1,,2,2-3,1.47E+06,,train,train/good/cell_type_HSAEC/2-3_days/220716_7.png
220716_8,220716,8,HSAEC,1,,2,2-3,1.47E+06,,test,test/good/cell_type_HSAEC/2-3_days/220716_8.png
220716_9,220716,9,HSAEC,1,,2,2-3,1.47E+06,,test,test/good/cell_type_HSAEC/2-3_days/220716_9.png
220718_1,220718,1,HSAEC,0,,3,2-3,,,train,train/bad/cell_type_HSAEC/2-3_days/220718_1.png
220718_2,220718,2,HSAEC,0,,3,2-3,,,val,val/bad/cell_type_HSAEC/2-3_days/220718_2.png
220718_3,220718,3,HSAEC,0,,3,2-3,,,test,test/bad/cell_type_HSAEC/2-3_days/220718_3.png
220718_4,220718,4,HSAEC,0,,3,2-3,,,test,test/bad/cell_type_HSAEC/2-3_days/220718_4.png
220718_5,220718,5,HSAEC,0,,3,2-3,,,train,train/bad/cell_type_HSAEC/2-3_days/220718_5.png
220718_6,220718,6,HSAEC,0,,3,2-3,,,test,test/bad/cell_type_HSAEC/2-3_days/220718_6.png
220718_7,220718,7,HSAEC,0,,3,2-3,,,train,train/bad/cell_type_HSAEC/2-3_days/220718_7.png
220718_8,220718,8,HSAEC,0,,3,2-3,,,train,train/bad/cell_type_HSAEC/2-3_days/220718_8.png
220718_9,220718,9,HSAEC,0,,3,2-3,,,train,train/bad/cell_type_HSAEC/2-3_days/220718_9.png
220721_1,220721,1,HSAEC,0,,6,4+,,,train,train/bad/cell_type_HSAEC/4+_days/220721_1.png
220721_2,220721,2,HSAEC,0,,6,4+,,,test,test/bad/cell_type_HSAEC/4+_days/220721_2.png
220721_3,220721,3,HSAEC,0,,6,4+,,,train,train/bad/cell_type_HSAEC/4+_days/220721_3.png
220721_4,220721,4,HSAEC,0,,6,4+,,,train,train/bad/cell_type_HSAEC/4+_days/220721_4.png
220721_5,220721,5,HSAEC,0,,6,4+,,,train,train/bad/cell_type_HSAEC/4+_days/220721_5.png
220721_6,220721,6,HSAEC,0,,6,4+,,,train,train/bad/cell_type_HSAEC/4+_days/220721_6.png
220722_1,220722,1,HSAEC,0,,7,4+,,,train,train/bad/cell_type_HSAEC/4+_days/220722_1.png
220722_2,220722,2,HSAEC,0,,7,4+,,,train,train/bad/cell_type_HSAEC/4+_days/220722_2.png
220722_3,220722,3,HSAEC,0,,7,4+,,,train,train/bad/cell_type_HSAEC/4+_days/220722_3.png
220722_4,220722,4,HSAEC,0,,7,4+,,,train,train/bad/cell_type_HSAEC/4+_days/220722_4.png
220722_5,220722,5,HSAEC,0,,7,4+,,,train,train/bad/cell_type_HSAEC/4+_days/220722_5.png
220722_6,220722,6,HSAEC,0,,7,4+,,,train,train/bad/cell_type_HSAEC/4+_days/220722_6.png
220722_7,220722,7,HSAEC,1,,7,4+,,,test,test/good/cell_type_HSAEC/4+_days/220722_7.png
220722_8,220722,8,HSAEC,1,,7,4+,,,train,train/good/cell_type_HSAEC/4+_days/220722_8.png
220722_9,220722,9,HSAEC,1,,7,4+,,,train,train/good/cell_type_HSAEC/4+_days/220722_9.png
220724_1,220724,1,HSAEC,0,,9,4+,,,test,test/bad/cell_type_HSAEC/4+_days/220724_1.png
220724_2,220724,2,HSAEC,1,,9,4+,,,train,train/good/cell_type_HSAEC/4+_days/220724_2.png
220724_3,220724,3,HSAEC,0,,9,4+,,,train,train/bad/cell_type_HSAEC/4+_days/220724_3.png
220724_4,220724,4,HSAEC,0,,9,4+,,,train,train/bad/cell_type_HSAEC/4+_days/220724_4.png
220724_5,220724,5,HSAEC,0,,9,4+,,,train,train/bad/cell_type_HSAEC/4+_days/220724_5.png
220724_6,220724,6,HSAEC,0,,9,4+,,,val,val/bad/cell_type_HSAEC/4+_days/220724_6.png
220724_7,220724,7,HSAEC,0,,9,4+,,,train,train/bad/cell_type_HSAEC/4+_days/220724_7.png
220724_8,220724,8,HSAEC,0,,9,4+,,,val,val/bad/cell_type_HSAEC/4+_days/220724_8.png
220724_9,220724,9,HSAEC,0,,9,4+,,,train,train/bad/cell_type_HSAEC/4+_days/220724_9.png
221012_1,221012,1,HSAEC,1,,3,2-3,,,val,val/good/cell_type_HSAEC/2-3_days/221012_1.png
221012_2,221012,2,HSAEC,1,,3,2-3,,,test,test/good/cell_type_HSAEC/2-3_days/221012_2.png
221012_3,221012,3,HSAEC,1,,3,2-3,,,test,test/good/cell_type_HSAEC/2-3_days/221012_3.png
221012_4,221012,4,HSAEC,1,,3,2-3,,,train,train/good/cell_type_HSAEC/2-3_days/221012_4.png
221012_5,221012,5,HSAEC,1,,3,2-3,,,test,test/good/cell_type_HSAEC/2-3_days/221012_5.png
221012_6,221012,6,HSAEC,1,,3,2-3,,,train,train/good/cell_type_HSAEC/2-3_days/221012_6.png
221012_7,221012,7,HSAEC,1,,3,2-3,,,train,train/good/cell_type_HSAEC/2-3_days/221012_7.png
221012_8,221012,8,HSAEC,1,,3,2-3,,,train,train/good/cell_type_HSAEC/2-3_days/221012_8.png
221012_9,221012,9,HSAEC,1,,3,2-3,,,train,train/good/cell_type_HSAEC/2-3_days/221012_9.png
221012_10,221012,10,HSAEC,1,,3,2-3,,,train,train/good/cell_type_HSAEC/2-3_days/221012_10.png
221012_11,221012,11,HSAEC,1,,3,2-3,,,test,test/good/cell_type_HSAEC/2-3_days/221012_11.png
221012_12,221012,12,HSAEC,1,,3,2-3,,,train,train/good/cell_type_HSAEC/2-3_days/221012_12.png
221012_13,221012,13,HSAEC,1,,3,2-3,,,train,train/good/cell_type_HSAEC/2-3_days/221012_13.png
221012_14,221012,14,HSAEC,1,,3,2-3,,,train,train/good/cell_type_HSAEC/2-3_days/221012_14.png
221012_15,221012,15,HSAEC,1,,3,2-3,,,train,train/good/cell_type_HSAEC/2-3_days/221012_15.png
221012_16,221012,16,HSAEC,1,,3,2-3,,,val,val/good/cell_type_HSAEC/2-3_days/221012_16.png
221012_17,221012,17,HSAEC,1,,3,2-3,,,train,train/good/cell_type_HSAEC/2-3_days/221012_17.png
221012_18,221012,18,HSAEC,1,,3,2-3,,,test,test/good/cell_type_HSAEC/2-3_days/221012_18.png
221012_19,221012,19,HSAEC,1,,3,2-3,,,train,train/good/cell_type_HSAEC/2-3_days/221012_19.png
221012_20,221012,20,HSAEC,1,,3,2-3,,,train,train/good/cell_type_HSAEC/2-3_days/221012_20.png
221012_21,221012,21,HSAEC,1,,3,2-3,,,train,train/good/cell_type_HSAEC/2-3_days/221012_21.png
221012_22,221012,22,HSAEC,1,,3,2-3,,,train,train/good/cell_type_HSAEC/2-3_days/221012_22.png
221012_23,221012,23,HSAEC,1,,3,2-3,,,train,train/good/cell_type_HSAEC/2-3_days/221012_23.png
221012_24,221012,24,HSAEC,1,,3,2-3,,,train,train/good/cell_type_HSAEC/2-3_days/221012_24.png
221010_1,221010,1,HPMEC,1,0.0,1,0-1,1.00E+07,,train,train/good/cell_type_HPMEC/0-1_days/221010_1.png
221010_2,221010,2,HPMEC,1,0.0,1,0-1,1.00E+07,,test,test/good/cell_type_HPMEC/0-1_days/221010_2.png
221010_3,221010,3,HPMEC,1,0.0,1,0-1,1.00E+07,,train,train/good/cell_type_HPMEC/0-1_days/221010_3.png
221010_4,221010,4,HPMEC,1,0.0,1,0-1,1.00E+07,,train,train/good/cell_type_HPMEC/0-1_days/221010_4.png
221010_5,221010,5,HPMEC,1,0.0,1,0-1,1.00E+07,,test,test/good/cell_type_HPMEC/0-1_days/221010_5.png
221010_6,221010,6,HPMEC,1,0.0,1,0-1,1.00E+07,,train,train/good/cell_type_HPMEC/0-1_days/221010_6.png
221010_7,221010,7,HPMEC,1,0.0,1,0-1,1.00E+07,,train,train/good/cell_type_HPMEC/0-1_days/221010_7.png
221010_8,221010,8,HPMEC,1,0.0,1,0-1,1.00E+07,,val,val/good/cell_type_HPMEC/0-1_days/221010_8.png
221010_9,221010,9,HPMEC,1,0.0,1,0-1,1.00E+07,,test,test/good/cell_type_HPMEC/0-1_days/221010_9.png
221010_10,221010,10,HPMEC,1,0.0,1,0-1,1.00E+07,,train,train/good/cell_type_HPMEC/0-1_days/221010_10.png
221010_11,221010,11,HPMEC,1,0.0,1,0-1,1.00E+07,,train,train/good/cell_type_HPMEC/0-1_days/221010_11.png
221010_12,221010,12,HPMEC,1,0.0,1,0-1,1.00E+07,,test,test/good/cell_type_HPMEC/0-1_days/221010_12.png
221010_13,221010,13,HPMEC,1,2.0,1,0-1,,,train,train/good/cell_type_HPMEC/0-1_days/221010_13.png
221010_14,221010,14,HPMEC,1,2.0,1,0-1,,,train,train/good/cell_type_HPMEC/0-1_days/221010_14.png
221010_15,221010,15,HPMEC,1,2.0,1,0-1,,,train,train/good/cell_type_HPMEC/0-1_days/221010_15.png
221010_16,221010,16,HPMEC,1,2.0,1,0-1,,,test,test/good/cell_type_HPMEC/0-1_days/221010_16.png
221010_17,221010,17,HSAEC,0,0.0,1,0-1,"10,000,000.00",,train,train/bad/cell_type_HSAEC/0-1_days/221010_17.png
221010_18,221010,18,HSAEC,0,0.0,1,0-1,"10,000,000.00",,train,train/bad/cell_type_HSAEC/0-1_days/221010_18.png
221010_19,221010,19,HSAEC,0,0.0,1,0-1,"10,000,000.00",,train,train/bad/cell_type_HSAEC/0-1_days/221010_19.png
221010_20,221010,20,HSAEC,1,0.0,1,0-1,"10,000,000.00",,test,test/good/cell_type_HSAEC/0-1_days/221010_20.png
221010_21,221010,21,HSAEC,1,0.0,1,0-1,"10,000,000.00",,train,train/good/cell_type_HSAEC/0-1_days/221010_21.png
221010_22,221010,22,HSAEC,1,0.0,1,0-1,"10,000,000.00",,train,train/good/cell_type_HSAEC/0-1_days/221010_22.png
221010_23,221010,23,HSAEC,1,0.0,1,0-1,"10,000,000.00",,test,test/good/cell_type_HSAEC/0-1_days/221010_23.png
221010_24,221010,24,HSAEC,1,0.0,1,0-1,"10,000,000.00",,train,train/good/cell_type_HSAEC/0-1_days/221010_24.png
221010_25,221010,25,HSAEC,1,0.0,1,0-1,"10,000,000.00",,val,val/good/cell_type_HSAEC/0-1_days/221010_25.png
221010_26,221010,26,HSAEC,1,0.0,1,0-1,"10,000,000.00",,train,train/good/cell_type_HSAEC/0-1_days/221010_26.png
221010_27,221010,27,HSAEC,1,0.0,1,0-1,"10,000,000.00",,test,test/good/cell_type_HSAEC/0-1_days/221010_27.png
221010_28,221010,28,HSAEC,0,0.0,1,0-1,"10,000,000.00",,test,test/bad/cell_type_HSAEC/0-1_days/221010_28.png
221010_29,221010,29,HPMEC,1,0.0,1,0-1,"10,000,000.00",,train,train/good/cell_type_HPMEC/0-1_days/221010_29.png
221010_30,221010,30,HPMEC,0,0.0,1,0-1,"10,000,000.00",,train,train/bad/cell_type_HPMEC/0-1_days/221010_30.png
221010_31,221010,31,HPMEC,0,0.0,1,0-1,"10,000,000.00",,train,train/bad/cell_type_HPMEC/0-1_days/221010_31.png
221010_32,221010,32,HPMEC,0,0.0,1,0-1,"10,000,000.00",,train,train/bad/cell_type_HPMEC/0-1_days/221010_32.png
221010_33,221010,33,HPMEC,0,0.0,1,0-1,"10,000,000.00",,val,val/bad/cell_type_HPMEC/0-1_days/221010_33.png
221010_34,221010,34,HPMEC,0,0.0,1,0-1,"10,000,000.00",,train,train/bad/cell_type_HPMEC/0-1_days/221010_34.png
221010_35,221010,35,HPMEC,0,0.0,1,0-1,"10,000,000.00",,train,train/bad/cell_type_HPMEC/0-1_days/221010_35.png
221010_36,221010,36,HPMEC,0,0.0,1,0-1,"10,000,000.00",,train,train/bad/cell_type_HPMEC/0-1_days/221010_36.png
221010_37,221010,37,HPMEC,0,0.0,1,0-1,"10,000,000.00",,train,train/bad/cell_type_HPMEC/0-1_days/221010_37.png
221010_38,221010,38,HPMEC,0,0.0,1,0-1,"10,000,000.00",,train,train/bad/cell_type_HPMEC/0-1_days/221010_38.png
221010_39,221010,39,HPMEC,0,0.0,1,0-1,"10,000,000.00",,train,train/bad/cell_type_HPMEC/0-1_days/221010_39.png
221010_40,221010,40,HPMEC,0,0.0,1,0-1,"10,000,000.00",,test,test/bad/cell_type_HPMEC/0-1_days/221010_40.png
221010_41,221010,41,HPMEC,1,2.0,1,0-1,,,train,train/good/cell_type_HPMEC/0-1_days/221010_41.png
221010_42,221010,42,HPMEC,1,2.0,1,0-1,,,test,test/good/cell_type_HPMEC/0-1_days/221010_42.png
221010_43,221010,43,HPMEC,0,2.0,1,0-1,,,train,train/bad/cell_type_HPMEC/0-1_days/221010_43.png
221010_44,221010,44,HPMEC,1,2.0,1,0-1,,,train,train/good/cell_type_HPMEC/0-1_days/221010_44.png
221010_45,221010,45,HPMEC,1,2.0,1,0-1,,,train,train/good/cell_type_HPMEC/0-1_days/221010_45.png
221010_46,221010,46,HSAEC,1,0.0,1,0-1,"10,000,000.00",,train,train/good/cell_type_HSAEC/0-1_days/221010_46.png
221010_47,221010,47,HSAEC,1,0.0,1,0-1,"10,000,000.00",,test,test/good/cell_type_HSAEC/0-1_days/221010_47.png
221010_48,221010,48,HSAEC,1,0.0,1,0-1,"10,000,000.00",,train,train/good/cell_type_HSAEC/0-1_days/221010_48.png
221010_49,221010,49,HSAEC,1,0.0,1,0-1,"10,000,000.00",,test,test/good/cell_type_HSAEC/0-1_days/221010_49.png
221010_50,221010,50,HSAEC,1,0.0,1,0-1,"10,000,000.00",,val,val/good/cell_type_HSAEC/0-1_days/221010_50.png
221010_51,221010,51,HSAEC,1,0.0,1,0-1,"10,000,000.00",,train,train/good/cell_type_HSAEC/0-1_days/221010_51.png
221010_52,221010,52,HSAEC,1,0.0,1,0-1,"10,000,000.00",,train,train/good/cell_type_HSAEC/0-1_days/221010_52.png
221010_53,221010,53,HSAEC,1,0.0,1,0-1,"10,000,000.00",,train,train/good/cell_type_HSAEC/0-1_days/221010_53.png
221010_54,221010,54,HSAEC,1,0.0,1,0-1,"10,000,000.00",,train,train/good/cell_type_HSAEC/0-1_days/221010_54.png
221010_55,221010,55,HSAEC,1,0.0,1,0-1,"10,000,000.00",,val,val/good/cell_type_HSAEC/0-1_days/221010_55.png
221010_56,221010,56,HSAEC,1,0.0,1,0-1,"10,000,000.00",,train,train/good/cell_type_HSAEC/0-1_days/221010_56.png
221010_57,221010,57,HSAEC,0,0.0,1,0-1,"10,000,000.00",,train,train/bad/cell_type_HSAEC/0-1_days/221010_57.png
221010_58,221010,58,HPMEC,1,0.0,1,0-1,"10,000,000.00",,train,train/good/cell_type_HPMEC/0-1_days/221010_58.png
221010_59,221010,59,HPMEC,0,0.0,1,0-1,"10,000,000.00",,test,test/bad/cell_type_HPMEC/0-1_days/221010_59.png
221010_60,221010,60,HPMEC,1,0.0,1,0-1,"10,000,000.00",,train,train/good/cell_type_HPMEC/0-1_days/221010_60.png
221010_61,221010,61,HPMEC,1,0.0,1,0-1,"10,000,000.00",,train,train/good/cell_type_HPMEC/0-1_days/221010_61.png
221010_62,221010,62,HPMEC,1,0.0,1,0-1,"10,000,000.00",,train,train/good/cell_type_HPMEC/0-1_days/221010_62.png
221010_63,221010,63,HPMEC,1,0.0,1,0-1,"10,000,000.00",,train,train/good/cell_type_HPMEC/0-1_days/221010_63.png
221010_64,221010,64,HPMEC,1,0.0,1,0-1,"10,000,000.00",,train,train/good/cell_type_HPMEC/0-1_days/221010_64.png
221010_65,221010,65,HPMEC,1,0.0,1,0-1,"10,000,000.00",,train,train/good/cell_type_HPMEC/0-1_days/221010_65.png
221010_66,221010,66,HPMEC,1,0.0,1,0-1,"10,000,000.00",,train,train/good/cell_type_HPMEC/0-1_days/221010_66.png
221010_67,221010,67,HUVEC,1,0.0,1,0-1,"10,000,000.00",,val,val/good/cell_type_HUVEC/0-1_days/221010_67.png
221010_68,221010,68,HUVEC,1,0.0,1,0-1,"10,000,000.00",,test,test/good/cell_type_HUVEC/0-1_days/221010_68.png
221010_69,221010,69,HUVEC,1,0.0,1,0-1,"10,000,000.00",,train,train/good/cell_type_HUVEC/0-1_days/221010_69.png
221010_70,221010,70,HUVEC,1,0.0,1,0-1,"10,000,000.00",,train,train/good/cell_type_HUVEC/0-1_days/221010_70.png
221010_71,221010,71,HUVEC,1,0.0,1,0-1,"10,000,000.00",,test,test/good/cell_type_HUVEC/0-1_days/221010_71.png
221010_72,221010,72,HUVEC,1,0.0,1,0-1,"10,000,000.00",,train,train/good/cell_type_HUVEC/0-1_days/221010_72.png
221010_73,221010,73,HUVEC,1,0.0,1,0-1,"10,000,000.00",,train,train/good/cell_type_HUVEC/0-1_days/221010_73.png
221010_74,221010,74,HUVEC,1,0.0,1,0-1,"10,000,000.00",,train,train/good/cell_type_HUVEC/0-1_days/221010_74.png
221010_75,221010,75,HUVEC,1,0.0,1,0-1,"10,000,000.00",,test,test/good/cell_type_HUVEC/0-1_days/221010_75.png
221010_76,221010,76,HPMEC,1,2.0,1,0-1,,,train,train/good/cell_type_HPMEC/0-1_days/221010_76.png
221010_77,221010,77,HPMEC,1,2.0,1,0-1,,,test,test/good/cell_type_HPMEC/0-1_days/221010_77.png
221010_78,221010,78,HPMEC,1,2.0,1,0-1,,,train,train/good/cell_type_HPMEC/0-1_days/221010_78.png
221010_79,221010,79,HUVEC,1,2.0,1,0-1,,,train,train/good/cell_type_HUVEC/0-1_days/221010_79.png
221010_80,221010,80,HUVEC,1,2.0,1,0-1,,,train,train/good/cell_type_HUVEC/0-1_days/221010_80.png
221010_81,221010,81,HUVEC,1,2.0,1,0-1,,,train,train/good/cell_type_HUVEC/0-1_days/221010_81.png
221010_82,221010,82,A549,1,0.0,1,0-1,"10,000,000.00",,test,test/good/cell_type_A549/0-1_days/221010_82.png
221010_83,221010,83,A549,1,0.0,1,0-1,"10,000,000.00",,test,test/good/cell_type_A549/0-1_days/221010_83.png
221010_84,221010,84,A549,1,0.0,1,0-1,"10,000,000.00",,test,test/good/cell_type_A549/0-1_days/221010_84.png
221010_85,221010,85,A549,1,0.0,1,0-1,"10,000,000.00",,train,train/good/cell_type_A549/0-1_days/221010_85.png
221010_86,221010,86,A549,1,0.0,1,0-1,"10,000,000.00",,train,train/good/cell_type_A549/0-1_days/221010_86.png
221010_87,221010,87,A549,1,0.0,1,0-1,"10,000,000.00",,train,train/good/cell_type_A549/0-1_days/221010_87.png
221010_88,221010,88,A549,1,0.0,1,0-1,"10,000,000.00",,train,train/good/cell_type_A549/0-1_days/221010_88.png
221010_89,221010,89,A549,1,0.0,1,0-1,"10,000,000.00",,train,train/good/cell_type_A549/0-1_days/221010_89.png
221010_90,221010,90,A549,1,0.0,1,0-1,"10,000,000.00",,train,train/good/cell_type_A549/0-1_days/221010_90.png
221010_91,221010,91,A549,1,0.0,1,0-1,"10,000,000.00",,train,train/good/cell_type_A549/0-1_days/221010_91.png
221010_92,221010,92,A549,1,0.0,1,0-1,"10,000,000.00",,train,train/good/cell_type_A549/0-1_days/221010_92.png
221010_93,221010,93,A549,1,0.0,1,0-1,"10,000,000.00",,train,train/good/cell_type_A549/0-1_days/221010_93.png
221010_94,221010,94,A549,1,0.0,1,0-1,"10,000,000.00",,train,train/good/cell_type_A549/0-1_days/221010_94.png
221010_95,221010,95,A549,1,0.0,1,0-1,"10,000,000.00",,train,train/good/cell_type_A549/0-1_days/221010_95.png
221010_96,221010,96,A549,1,0.0,1,0-1,"10,000,000.00",,test,test/good/cell_type_A549/0-1_days/221010_96.png
221010_97,221010,97,A549,1,0.0,1,0-1,"10,000,000.00",,test,test/good/cell_type_A549/0-1_days/221010_97.png
221010_98,221010,98,A549,1,0.0,1,0-1,"10,000,000.00",,train,train/good/cell_type_A549/0-1_days/221010_98.png
221010_99,221010,99,A549,1,0.0,1,0-1,"10,000,000.00",,test,test/good/cell_type_A549/0-1_days/221010_99.png
221123_1,221123,1,A549,0,,1,0-1,"2,600,000.00",,test,test/bad/cell_type_A549/0-1_days/221123_1.png
221123_2,221123,2,A549,0,,1,0-1,"2,600,000.00",,test,test/bad/cell_type_A549/0-1_days/221123_2.png
221123_3,221123,3,A549,1,,1,0-1,"2,600,000.00",,train,train/good/cell_type_A549/0-1_days/221123_3.png
221123_4,221123,4,A549,1,,1,0-1,"2,600,000.00",,train,train/good/cell_type_A549/0-1_days/221123_4.png
221123_5,221123,5,A549,0,,1,0-1,"2,600,000.00",,train,train/bad/cell_type_A549/0-1_days/221123_5.png
221123_6,221123,6,A549,0,,1,0-1,"2,600,000.00",,train,train/bad/cell_type_A549/0-1_days/221123_6.png
221123_7,221123,7,A549,0,,1,0-1,"2,600,000.00",,test,test/bad/cell_type_A549/0-1_days/221123_7.png
221123_8,221123,8,A549,0,,1,0-1,"2,600,000.00",,train,train/bad/cell_type_A549/0-1_days/221123_8.png
221123_9,221123,9,A549,0,,1,0-1,"2,600,000.00",,test,test/bad/cell_type_A549/0-1_days/221123_9.png
221123_10,221123,10,A549,0,,1,0-1,"2,600,000.00",,train,train/bad/cell_type_A549/0-1_days/221123_10.png
221123_11,221123,11,A549,0,,1,0-1,"2,600,000.00",,train,train/bad/cell_type_A549/0-1_days/221123_11.png
221123_12,221123,12,A549,0,,1,0-1,"2,600,000.00",,train,train/bad/cell_type_A549/0-1_days/221123_12.png
221214_18,221214,18,HPMEC,1,0.0,1,0-1,"9,000,000.00",,train,train/good/cell_type_HPMEC/0-1_days/221214_18.png
221214_19,221214,19,HPMEC,1,0.0,1,0-1,"9,000,000.00",,train,train/good/cell_type_HPMEC/0-1_days/221214_19.png
221214_20,221214,20,HPMEC,1,0.0,1,0-1,"9,000,000.00",,train,train/good/cell_type_HPMEC/0-1_days/221214_20.png
221214_21,221214,21,HPMEC,1,0.0,1,0-1,"9,000,000.00",,val,val/good/cell_type_HPMEC/0-1_days/221214_21.png
221214_22,221214,22,HPMEC,1,0.0,1,0-1,"9,000,000.00",,train,train/good/cell_type_HPMEC/0-1_days/221214_22.png
221214_23,221214,23,HPMEC,1,0.0,1,0-1,"9,000,000.00",,test,test/good/cell_type_HPMEC/0-1_days/221214_23.png
221214_24,221214,24,HPMEC,1,2.0,1,0-1,"9,000,000.00",,train,train/good/cell_type_HPMEC/0-1_days/221214_24.png
221214_25,221214,25,HPMEC,1,2.0,1,0-1,"9,000,000.00",,train,train/good/cell_type_HPMEC/0-1_days/221214_25.png
221214_26,221214,26,HPMEC,1,2.0,1,0-1,"9,000,000.00",,test,test/good/cell_type_HPMEC/0-1_days/221214_26.png
221214_27,221214,27,HPMEC,1,2.0,1,0-1,"9,000,000.00",,train,train/good/cell_type_HPMEC/0-1_days/221214_27.png
221214_28,221214,28,HPMEC,1,2.0,1,0-1,"9,000,000.00",,train,train/good/cell_type_HPMEC/0-1_days/221214_28.png
221214_29,221214,29,HPMEC,1,2.0,1,0-1,"9,000,000.00",,train,train/good/cell_type_HPMEC/0-1_days/221214_29.png
221214_30,221214,30,HPMEC,1,2.0,1,0-1,"9,000,000.00",,val,val/good/cell_type_HPMEC/0-1_days/221214_30.png
221214_31,221214,31,HPMEC,1,2.0,1,0-1,"9,000,000.00",,train,train/good/cell_type_HPMEC/0-1_days/221214_31.png
221214_32,221214,32,HPMEC,1,2.0,1,0-1,"9,000,000.00",,train,train/good/cell_type_HPMEC/0-1_days/221214_32.png
221214_33,221214,33,HPMEC,1,2.0,1,0-1,"9,000,000.00",,train,train/good/cell_type_HPMEC/0-1_days/221214_33.png
221214_34,221214,34,HPMEC,1,2.0,1,0-1,"9,000,000.00",,train,train/good/cell_type_HPMEC/0-1_days/221214_34.png
221214_35,221214,35,HPMEC,1,2.0,1,0-1,"9,000,000.00",,train,train/good/cell_type_HPMEC/0-1_days/221214_35.png
221215_1,221215,1,A549,1,,2,2-3,"9,000,000.00",,train,train/good/cell_type_A549/2-3_days/221215_1.png
221215_2,221215,2,A549,0,,2,2-3,"9,000,000.00",,train,train/bad/cell_type_A549/2-3_days/221215_2.png
221215_3,221215,3,A549,1,,2,2-3,"9,000,000.00",,train,train/good/cell_type_A549/2-3_days/221215_3.png
221215_4,221215,4,A549,1,,2,2-3,"9,000,000.00",,train,train/good/cell_type_A549/2-3_days/221215_4.png
221215_5,221215,5,A549,1,,2,2-3,"9,000,000.00",,train,train/good/cell_type_A549/2-3_days/221215_5.png
221215_6,221215,6,A549,1,,2,2-3,"9,000,000.00",,train,train/good/cell_type_A549/2-3_days/221215_6.png
221219_1,221219,1,A549,1,,5,4+,,,train,train/good/cell_type_A549/4+_days/221219_1.png
221219_2,221219,2,A549,1,,5,4+,,,train,train/good/cell_type_A549/4+_days/221219_2.png
221219_3,221219,3,A549,0,,5,4+,,,train,train/bad/cell_type_A549/4+_days/221219_3.png
221219_4,221219,4,A549,1,,5,4+,,,train,train/good/cell_type_A549/4+_days/221219_4.png
221219_5,221219,5,A549,0,,5,4+,,,train,train/bad/cell_type_A549/4+_days/221219_5.png
221219_6,221219,6,A549,0,,5,4+,,,train,train/bad/cell_type_A549/4+_days/221219_6.png
221219_7,221219,7,A549,1,,5,4+,,,train,train/good/cell_type_A549/4+_days/221219_7.png
221219_8,221219,8,A549,0,,5,4+,,,train,train/bad/cell_type_A549/4+_days/221219_8.png
221219_9,221219,9,A549,0,,5,4+,,,test,test/bad/cell_type_A549/4+_days/221219_9.png
221219_10,221219,10,A549,0,,5,4+,,,train,train/bad/cell_type_A549/4+_days/221219_10.png
221219_11,221219,11,A549,0,,5,4+,,,val,val/bad/cell_type_A549/4+_days/221219_11.png
221219_12,221219,12,A549,0,,5,4+,,,train,train/bad/cell_type_A549/4+_days/221219_12.png
221219_13,221219,13,A549,0,,5,4+,,,train,train/bad/cell_type_A549/4+_days/221219_13.png
221219_14,221219,14,A549,0,,5,4+,,,train,train/bad/cell_type_A549/4+_days/221219_14.png
221219_15,221219,15,A549,0,,5,4+,,,train,train/bad/cell_type_A549/4+_days/221219_15.png
221219_16,221219,16,A549,1,,5,4+,,,test,test/good/cell_type_A549/4+_days/221219_16.png
221219_17,221219,17,A549,1,,5,4+,,,test,test/good/cell_type_A549/4+_days/221219_17.png
221215_7,221215,7,HUVEC,0,0.0,1,0-1,"9,000,000.00",,test,test/bad/cell_type_HUVEC/0-1_days/221215_7.png
221215_8,221215,8,HUVEC,1,0.0,1,0-1,"9,000,000.00",,train,train/good/cell_type_HUVEC/0-1_days/221215_8.png
221215_9,221215,9,HUVEC,1,0.0,1,0-1,"9,000,000.00",,test,test/good/cell_type_HUVEC/0-1_days/221215_9.png
221215_10,221215,10,HUVEC,1,0.0,1,0-1,"9,000,000.00",,train,train/good/cell_type_HUVEC/0-1_days/221215_10.png
221215_11,221215,11,CACO,1,0.0,1,0-1,"2,000,000.00",,train,train/good/cell_type_CACO/0-1_days/221215_11.png
221215_12,221215,12,CACO,1,0.0,1,0-1,"2,000,000.00",,test,test/good/cell_type_CACO/0-1_days/221215_12.png
221215_13,221215,13,CACO,1,0.0,1,0-1,"2,000,000.00",,train,train/good/cell_type_CACO/0-1_days/221215_13.png
221215_14,221215,14,CACO,1,0.0,1,0-1,"2,000,000.00",,train,train/good/cell_type_CACO/0-1_days/221215_14.png
221215_15,221215,15,CACO,1,2.0,1,0-1,"2,000,000.00",,train,train/good/cell_type_CACO/0-1_days/221215_15.png
221215_16,221215,16,CACO,1,2.0,1,0-1,"2,000,000.00",,test,test/good/cell_type_CACO/0-1_days/221215_16.png
221215_17,221215,17,CACO,1,2.0,1,0-1,"2,000,000.00",,train,train/good/cell_type_CACO/0-1_days/221215_17.png
221215_18,221215,18,CACO,1,2.0,1,0-1,"2,000,000.00",,train,train/good/cell_type_CACO/0-1_days/221215_18.png
221215_19,221215,19,CACO,1,2.0,1,0-1,"2,000,000.00",,train,train/good/cell_type_CACO/0-1_days/221215_19.png
221215_20,221215,20,CACO,1,2.0,1,0-1,"2,000,000.00",,train,train/good/cell_type_CACO/0-1_days/221215_20.png
221215_21,221215,21,CACO,1,2.0,1,0-1,"2,000,000.00",,train,train/good/cell_type_CACO/0-1_days/221215_21.png
221215_22,221215,22,CACO,1,2.0,1,0-1,"2,000,000.00",,test,test/good/cell_type_CACO/0-1_days/221215_22.png
230109_1,230109,1,HPMEC,1,0.0,1,0-1,"9,000,000.00",,test,test/good/cell_type_HPMEC/0-1_days/230109_1.png
230109_2,230109,2,HPMEC,1,0.0,1,0-1,"9,000,000.00",,val,val/good/cell_type_HPMEC/0-1_days/230109_2.png
230109_3,230109,3,HPMEC,1,0.0,1,0-1,"9,000,000.00",,train,train/good/cell_type_HPMEC/0-1_days/230109_3.png
230109_4,230109,4,HPMEC,1,0.0,1,0-1,"9,000,000.00",,train,train/good/cell_type_HPMEC/0-1_days/230109_4.png
230109_5,230109,5,HPMEC,1,0.0,1,0-1,"9,000,000.00",,train,train/good/cell_type_HPMEC/0-1_days/230109_5.png
230109_6,230109,6,HPMEC,1,0.0,1,0-1,"9,000,000.00",,test,test/good/cell_type_HPMEC/0-1_days/230109_6.png
230109_7,230109,7,HPMEC,1,0.0,1,0-1,"9,000,000.00",,test,test/good/cell_type_HPMEC/0-1_days/230109_7.png
230109_8,230109,8,HPMEC,1,0.0,1,0-1,"9,000,000.00",,train,train/good/cell_type_HPMEC/0-1_days/230109_8.png
230109_9,230109,9,HPMEC,1,0.0,1,0-1,"9,000,000.00",,test,test/good/cell_type_HPMEC/0-1_days/230109_9.png
230109_10,230109,10,HPMEC,1,0.0,1,0-1,"9,000,000.00",,train,train/good/cell_type_HPMEC/0-1_days/230109_10.png
230109_11,230109,11,HPMEC,1,0.0,1,0-1,"9,000,000.00",,test,test/good/cell_type_HPMEC/0-1_days/230109_11.png
230109_12,230109,12,HPMEC,1,0.0,1,0-1,"9,000,000.00",,test,test/good/cell_type_HPMEC/0-1_days/230109_12.png
230109_13,230109,13,HPMEC,1,2.0,1,0-1,"9,000,000.00",,train,train/good/cell_type_HPMEC/0-1_days/230109_13.png
230109_14,230109,14,HPMEC,1,2.0,1,0-1,"9,000,000.00",,train,train/good/cell_type_HPMEC/0-1_days/230109_14.png
230109_15,230109,15,HPMEC,1,2.0,1,0-1,"9,000,000.00",,train,train/good/cell_type_HPMEC/0-1_days/230109_15.png
230109_16,230109,16,HPMEC,1,2.0,1,0-1,"9,000,000.00",,train,train/good/cell_type_HPMEC/0-1_days/230109_16.png
230109_17,230109,17,HPMEC,1,2.0,1,0-1,"9,000,000.00",,train,train/good/cell_type_HPMEC/0-1_days/230109_17.png
230109_18,230109,18,HPMEC,1,2.0,1,0-1,"9,000,000.00",,train,train/good/cell_type_HPMEC/0-1_days/230109_18.png
230109_19,230109,19,HPMEC,1,2.0,1,0-1,"9,000,000.00",,train,train/good/cell_type_HPMEC/0-1_days/230109_19.png
230109_20,230109,20,HPMEC,1,2.0,1,0-1,"9,000,000.00",,test,test/good/cell_type_HPMEC/0-1_days/230109_20.png
230109_21,230109,21,HPMEC,1,2.0,1,0-1,"9,000,000.00",,test,test/good/cell_type_HPMEC/0-1_days/230109_21.png
230109_22,230109,22,HPMEC,1,2.0,1,0-1,"9,000,000.00",,train,train/good/cell_type_HPMEC/0-1_days/230109_22.png
230109_23,230109,23,HPMEC,1,2.0,1,0-1,"9,000,000.00",,train,train/good/cell_type_HPMEC/0-1_days/230109_23.png
230109_24,230109,24,HPMEC,1,2.0,1,0-1,"9,000,000.00",,train,train/good/cell_type_HPMEC/0-1_days/230109_24.png
230109_25,230109,25,A549,1,0.0,1,0-1,"9,000,000.00",,train,train/good/cell_type_A549/0-1_days/230109_25.png
230109_26,230109,26,A549,1,0.0,1,0-1,"9,000,000.00",,train,train/good/cell_type_A549/0-1_days/230109_26.png
230109_27,230109,27,A549,1,0.0,1,0-1,"9,000,000.00",,test,test/good/cell_type_A549/0-1_days/230109_27.png
230109_28,230109,28,A549,1,0.0,1,0-1,"9,000,000.00",,train,train/good/cell_type_A549/0-1_days/230109_28.png
230109_29,230109,29,A549,1,0.0,1,0-1,"9,000,000.00",,train,train/good/cell_type_A549/0-1_days/230109_29.png
230109_30,230109,30,A549,1,0.0,1,0-1,"9,000,000.00",,train,train/good/cell_type_A549/0-1_days/230109_30.png
230109_31,230109,31,A549,1,0.0,1,0-1,"9,000,000.00",,train,train/good/cell_type_A549/0-1_days/230109_31.png
230109_32,230109,32,A549,1,0.0,1,0-1,"9,000,000.00",,test,test/good/cell_type_A549/0-1_days/230109_32.png
230109_33,230109,33,A549,1,0.0,1,0-1,"9,000,000.00",,test,test/good/cell_type_A549/0-1_days/230109_33.png
230109_34,230109,34,A549,1,0.0,1,0-1,"9,000,000.00",,train,train/good/cell_type_A549/0-1_days/230109_34.png
230109_35,230109,35,A549,1,0.0,1,0-1,"9,000,000.00",,val,val/good/cell_type_A549/0-1_days/230109_35.png
230109_36,230109,36,A549,1,0.0,1,0-1,"9,000,000.00",,val,val/good/cell_type_A549/0-1_days/230109_36.png
230109_60,230109,60,HPMEC,1,0.0,1,0-1,"9,000,000.00",,train,train/good/cell_type_HPMEC/0-1_days/230109_60.png
230109_61,230109,61,HPMEC,1,0.0,1,0-1,"9,000,000.00",,train,train/good/cell_type_HPMEC/0-1_days/230109_61.png
230109_62,230109,62,HPMEC,1,0.0,1,0-1,"9,000,000.00",,train,train/good/cell_type_HPMEC/0-1_days/230109_62.png
230109_63,230109,63,HPMEC,1,0.0,1,0-1,"9,000,000.00",,train,train/good/cell_type_HPMEC/0-1_days/230109_63.png
230109_64,230109,64,HPMEC,1,0.0,1,0-1,"9,000,000.00",,train,train/good/cell_type_HPMEC/0-1_days/230109_64.png
230109_65,230109,65,HPMEC,1,0.0,1,0-1,"9,000,000.00",,train,train/good/cell_type_HPMEC/0-1_days/230109_65.png
230109_66,230109,66,HPMEC,1,0.0,1,0-1,"9,000,000.00",,train,train/good/cell_type_HPMEC/0-1_days/230109_66.png
230109_67,230109,67,HPMEC,1,0.0,1,0-1,"9,000,000.00",,val,val/good/cell_type_HPMEC/0-1_days/230109_67.png
230109_68,230109,68,HPMEC,1,0.0,1,0-1,"9,000,000.00",,train,train/good/cell_type_HPMEC/0-1_days/230109_68.png
230109_69,230109,69,HPMEC,1,0.0,1,0-1,"9,000,000.00",,train,train/good/cell_type_HPMEC/0-1_days/230109_69.png
230109_70,230109,70,HPMEC,1,0.0,1,0-1,"9,000,000.00",,train,train/good/cell_type_HPMEC/0-1_days/230109_70.png
230109_71,230109,71,HPMEC,1,0.0,1,0-1,"9,000,000.00",,train,train/good/cell_type_HPMEC/0-1_days/230109_71.png
230109_72,230109,72,HPMEC,1,0.0,1,0-1,"9,000,000.00",,test,test/good/cell_type_HPMEC/0-1_days/230109_72.png
230109_73,230109,73,HPMEC,1,0.0,1,0-1,"9,000,000.00",,train,train/good/cell_type_HPMEC/0-1_days/230109_73.png
230109_74,230109,74,HPMEC,1,0.0,1,0-1,"9,000,000.00",,train,train/good/cell_type_HPMEC/0-1_days/230109_74.png
230109_75,230109,75,HPMEC,1,0.0,1,0-1,"9,000,000.00",,train,train/good/cell_type_HPMEC/0-1_days/230109_75.png
230109_76,230109,76,HPMEC,1,0.0,1,0-1,"9,000,000.00",,train,train/good/cell_type_HPMEC/0-1_days/230109_76.png
230109_77,230109,77,HPMEC,1,0.0,1,0-1,"9,000,000.00",,val,val/good/cell_type_HPMEC/0-1_days/230109_77.png
230109_78,230109,78,HPMEC,1,2.0,1,0-1,"9,000,000.00",,train,train/good/cell_type_HPMEC/0-1_days/230109_78.png
230109_79,230109,79,HPMEC,1,2.0,1,0-1,"9,000,000.00",,train,train/good/cell_type_HPMEC/0-1_days/230109_79.png
230109_80,230109,80,HPMEC,1,2.0,1,0-1,"9,000,000.00",,train,train/good/cell_type_HPMEC/0-1_days/230109_80.png
230109_81,230109,81,HPMEC,1,2.0,1,0-1,"9,000,000.00",,val,val/good/cell_type_HPMEC/0-1_days/230109_81.png
230109_82,230109,82,HPMEC,1,2.0,1,0-1,"9,000,000.00",,test,test/good/cell_type_HPMEC/0-1_days/230109_82.png
230109_83,230109,83,HPMEC,1,2.0,1,0-1,"9,000,000.00",,test,test/good/cell_type_HPMEC/0-1_days/230109_83.png
230109_84,230109,84,HPMEC,1,2.0,1,0-1,"9,000,000.00",,train,train/good/cell_type_HPMEC/0-1_days/230109_84.png
230109_85,230109,85,HPMEC,1,2.0,1,0-1,"9,000,000.00",,train,train/good/cell_type_HPMEC/0-1_days/230109_85.png
230109_86,230109,86,HPMEC,1,2.0,1,0-1,"9,000,000.00",,train,train/good/cell_type_HPMEC/0-1_days/230109_86.png
230109_87,230109,87,HPMEC,1,2.0,1,0-1,"9,000,000.00",,train,train/good/cell_type_HPMEC/0-1_days/230109_87.png
230109_88,230109,88,HPMEC,1,2.0,1,0-1,"9,000,000.00",,train,train/good/cell_type_HPMEC/0-1_days/230109_88.png
230109_89,230109,89,HPMEC,1,2.0,1,0-1,"9,000,000.00",,train,train/good/cell_type_HPMEC/0-1_days/230109_89.png
230109_90,230109,90,HPMEC,1,2.0,1,0-1,"9,000,000.00",,train,train/good/cell_type_HPMEC/0-1_days/230109_90.png
230109_91,230109,91,HPMEC,1,2.0,1,0-1,"9,000,000.00",,train,train/good/cell_type_HPMEC/0-1_days/230109_91.png
230109_92,230109,92,HPMEC,1,2.0,1,0-1,"9,000,000.00",,train,train/good/cell_type_HPMEC/0-1_days/230109_92.png
230109_93,230109,93,HPMEC,1,2.0,1,0-1,"9,000,000.00",,test,test/good/cell_type_HPMEC/0-1_days/230109_93.png
230109_94,230109,94,HPMEC,1,2.0,1,0-1,"9,000,000.00",,val,val/good/cell_type_HPMEC/0-1_days/230109_94.png
230109_95,230109,95,HPMEC,0,2.0,1,0-1,"9,000,000.00",,test,test/bad/cell_type_HPMEC/0-1_days/230109_95.png
230109_96,230109,96,A549,1,0.0,1,0-1,"9,000,000.00",,train,train/good/cell_type_A549/0-1_days/230109_96.png
230109_97,230109,97,A549,0,0.0,1,0-1,"9,000,000.00",,test,test/bad/cell_type_A549/0-1_days/230109_97.png
230109_98,230109,98,A549,1,0.0,1,0-1,"9,000,000.00",,train,train/good/cell_type_A549/0-1_days/230109_98.png
230109_99,230109,99,A549,1,0.0,1,0-1,"9,000,000.00",,train,train/good/cell_type_A549/0-1_days/230109_99.png
230109_100,230109,100,A549,1,0.0,1,0-1,"9,000,000.00",,train,train/good/cell_type_A549/0-1_days/230109_100.png
230109_101,230109,101,A549,1,0.0,1,0-1,"9,000,000.00",,train,train/good/cell_type_A549/0-1_days/230109_101.png
230109_102,230109,102,A549,0,0.0,1,0-1,"9,000,000.00",,train,train/bad/cell_type_A549/0-1_days/230109_102.png
230109_103,230109,103,A549,0,0.0,1,0-1,"9,000,000.00",,train,train/bad/cell_type_A549/0-1_days/230109_103.png
230109_104,230109,104,A549,0,0.0,1,0-1,"9,000,000.00",,train,train/bad/cell_type_A549/0-1_days/230109_104.png
230109_105,230109,105,A549,0,0.0,1,0-1,"9,000,000.00",,train,train/bad/cell_type_A549/0-1_days/230109_105.png
230109_106,230109,106,A549,0,0.0,1,0-1,"9,000,000.00",,train,train/bad/cell_type_A549/0-1_days/230109_106.png
230109_107,230109,107,A549,0,0.0,1,0-1,"9,000,000.00",,val,val/bad/cell_type_A549/0-1_days/230109_107.png
230109_108,230109,108,A549,1,0.0,1,0-1,"9,000,000.00",,train,train/good/cell_type_A549/0-1_days/230109_108.png
230109_109,230109,109,A549,1,0.0,1,0-1,"9,000,000.00",,val,val/good/cell_type_A549/0-1_days/230109_109.png
230109_110,230109,110,A549,1,0.0,1,0-1,"9,000,000.00",,train,train/good/cell_type_A549/0-1_days/230109_110.png
230109_111,230109,111,A549,1,0.0,1,0-1,"9,000,000.00",,train,train/good/cell_type_A549/0-1_days/230109_111.png
230109_112,230109,112,A549,0,0.0,1,0-1,"9,000,000.00",,train,train/bad/cell_type_A549/0-1_days/230109_112.png
230109_113,230109,113,A549,1,2.0,1,0-1,"9,000,000.00",,test,test/good/cell_type_A549/0-1_days/230109_113.png
230109_114,230109,114,A549,1,2.0,1,0-1,"9,000,000.00",,train,train/good/cell_type_A549/0-1_days/230109_114.png
230109_115,230109,115,A549,0,2.0,1,0-1,"9,000,000.00",,train,train/bad/cell_type_A549/0-1_days/230109_115.png
230109_116,230109,116,A549,1,2.0,1,0-1,"9,000,000.00",,train,train/good/cell_type_A549/0-1_days/230109_116.png
230109_117,230109,117,A549,1,2.0,1,0-1,"9,000,000.00",,train,train/good/cell_type_A549/0-1_days/230109_117.png
230109_118,230109,118,A549,1,2.0,1,0-1,"9,000,000.00",,train,train/good/cell_type_A549/0-1_days/230109_118.png
230109_119,230109,119,A549,0,2.0,1,0-1,"9,000,000.00",,train,train/bad/cell_type_A549/0-1_days/230109_119.png
230109_120,230109,120,A549,0,2.0,1,0-1,"9,000,000.00",,train,train/bad/cell_type_A549/0-1_days/230109_120.png
230109_121,230109,121,A549,0,2.0,1,0-1,"9,000,000.00",,val,val/bad/cell_type_A549/0-1_days/230109_121.png
230109_122,230109,122,A549,0,2.0,1,0-1,"9,000,000.00",,train,train/bad/cell_type_A549/0-1_days/230109_122.png
230109_123,230109,123,A549,0,2.0,1,0-1,"9,000,000.00",,train,train/bad/cell_type_A549/0-1_days/230109_123.png
230109_124,230109,124,A549,0,2.0,1,0-1,"9,000,000.00",,train,train/bad/cell_type_A549/0-1_days/230109_124.png
230109_125,230109,125,A549,0,2.0,1,0-1,"9,000,000.00",,test,test/bad/cell_type_A549/0-1_days/230109_125.png
230109_126,230109,126,A549,0,2.0,1,0-1,"9,000,000.00",,train,train/bad/cell_type_A549/0-1_days/230109_126.png
230109_127,230109,127,A549,0,2.0,1,0-1,"9,000,000.00",,train,train/bad/cell_type_A549/0-1_days/230109_127.png
230109_128,230109,128,A549,0,2.0,1,0-1,"9,000,000.00",,test,test/bad/cell_type_A549/0-1_days/230109_128.png
230109_129,230109,129,A549,1,2.0,1,0-1,"9,000,000.00",,train,train/good/cell_type_A549/0-1_days/230109_129.png
230109_130,230109,130,A549,0,2.0,1,0-1,"9,000,000.00",,train,train/bad/cell_type_A549/0-1_days/230109_130.png
230110_131,230110,131,A549,0,,2,2-3,"9,000,000.00",,test,test/bad/cell_type_A549/2-3_days/230110_131.png
230110_132,230110,132,A549,0,,2,2-3,"9,000,000.00",,train,train/bad/cell_type_A549/2-3_days/230110_132.png
230110_133,230110,133,A549,1,,2,2-3,"9,000,000.00",,train,train/good/cell_type_A549/2-3_days/230110_133.png
230110_134,230110,134,A549,1,,2,2-3,"9,000,000.00",,train,train/good/cell_type_A549/2-3_days/230110_134.png
230110_135,230110,135,A549,1,,2,2-3,"9,000,000.00",,train,train/good/cell_type_A549/2-3_days/230110_135.png
230110_136,230110,136,A549,1,,2,2-3,"9,000,000.00",,train,train/good/cell_type_A549/2-3_days/230110_136.png
230110_137,230110,137,A549,1,,2,2-3,"9,000,000.00",,train,train/good/cell_type_A549/2-3_days/230110_137.png
230110_138,230110,138,A549,1,,2,2-3,"9,000,000.00",,train,train/good/cell_type_A549/2-3_days/230110_138.png
230110_139,230110,139,A549,1,,2,2-3,"9,000,000.00",,train,train/good/cell_type_A549/2-3_days/230110_139.png
230110_140,230110,140,A549,0,,2,2-3,"9,000,000.00",,train,train/bad/cell_type_A549/2-3_days/230110_140.png
230110_141,230110,141,A549,0,,2,2-3,"9,000,000.00",,train,train/bad/cell_type_A549/2-3_days/230110_141.png
230110_142,230110,142,A549,0,,2,2-3,"9,000,000.00",,val,val/bad/cell_type_A549/2-3_days/230110_142.png
230110_143,230110,143,A549,1,,2,2-3,"9,000,000.00",,test,test/good/cell_type_A549/2-3_days/230110_143.png
230110_144,230110,144,A549,1,,2,2-3,"9,000,000.00",,train,train/good/cell_type_A549/2-3_days/230110_144.png
230110_145,230110,145,A549,1,,2,2-3,"9,000,000.00",,val,val/good/cell_type_A549/2-3_days/230110_145.png
230110_146,230110,146,A549,1,,2,2-3,"9,000,000.00",,train,train/good/cell_type_A549/2-3_days/230110_146.png
230110_147,230110,147,A549,0,,2,2-3,"9,000,000.00",,test,test/bad/cell_type_A549/2-3_days/230110_147.png
230119_1,230119,1,HPMEC,1,0.0,1,0-1,"9,000,000.00",,train,train/good/cell_type_HPMEC/0-1_days/230119_1.png
230119_2,230119,2,HPMEC,1,0.0,1,0-1,"9,000,000.00",,train,train/good/cell_type_HPMEC/0-1_days/230119_2.png
230119_3,230119,3,HPMEC,1,0.0,1,0-1,"9,000,000.00",,val,val/good/cell_type_HPMEC/0-1_days/230119_3.png
230119_4,230119,4,HPMEC,1,0.0,1,0-1,"9,000,000.00",,train,train/good/cell_type_HPMEC/0-1_days/230119_4.png
230119_5,230119,5,HPMEC,1,0.0,1,0-1,"9,000,000.00",,test,test/good/cell_type_HPMEC/0-1_days/230119_5.png
230119_6,230119,6,HPMEC,1,0.0,1,0-1,"9,000,000.00",,train,train/good/cell_type_HPMEC/0-1_days/230119_6.png
230119_7,230119,7,HPMEC,1,0.0,1,0-1,"9,000,000.00",,train,train/good/cell_type_HPMEC/0-1_days/230119_7.png
230119_8,230119,8,HPMEC,1,0.0,1,0-1,"9,000,000.00",,train,train/good/cell_type_HPMEC/0-1_days/230119_8.png
230119_9,230119,9,HPMEC,1,0.0,1,0-1,"9,000,000.00",,train,train/good/cell_type_HPMEC/0-1_days/230119_9.png
230119_10,230119,10,HPMEC,1,0.0,1,0-1,"9,000,000.00",,train,train/good/cell_type_HPMEC/0-1_days/230119_10.png
230119_11,230119,11,HPMEC,1,0.0,1,0-1,"9,000,000.00",,train,train/good/cell_type_HPMEC/0-1_days/230119_11.png
230119_12,230119,12,HPMEC,1,0.0,1,0-1,"9,000,000.00",,train,train/good/cell_type_HPMEC/0-1_days/230119_12.png
230119_13,230119,13,HPMEC,1,0.0,1,0-1,"9,000,000.00",,train,train/good/cell_type_HPMEC/0-1_days/230119_13.png
230119_14,230119,14,HPMEC,1,0.0,1,0-1,"9,000,000.00",,train,train/good/cell_type_HPMEC/0-1_days/230119_14.png
230119_15,230119,15,HPMEC,1,0.0,1,0-1,"9,000,000.00",,train,train/good/cell_type_HPMEC/0-1_days/230119_15.png
230119_16,230119,16,HPMEC,1,0.0,1,0-1,"9,000,000.00",,val,val/good/cell_type_HPMEC/0-1_days/230119_16.png
230119_17,230119,17,HPMEC,1,0.0,1,0-1,"9,000,000.00",,test,test/good/cell_type_HPMEC/0-1_days/230119_17.png
230119_18,230119,18,HPMEC,1,0.0,1,0-1,"9,000,000.00",,val,val/good/cell_type_HPMEC/0-1_days/230119_18.png
230119_19,230119,19,HPMEC,1,0.0,1,0-1,"9,000,000.00",,train,train/good/cell_type_HPMEC/0-1_days/230119_19.png
230119_20,230119,20,HPMEC,1,0.0,1,0-1,"9,000,000.00",,train,train/good/cell_type_HPMEC/0-1_days/230119_20.png
230119_21,230119,21,HPMEC,1,0.0,1,0-1,"9,000,000.00",,test,test/good/cell_type_HPMEC/0-1_days/230119_21.png
230119_22,230119,22,HPMEC,1,0.0,1,0-1,"9,000,000.00",,test,test/good/cell_type_HPMEC/0-1_days/230119_22.png
230119_23,230119,23,HPMEC,1,0.0,1,0-1,"9,000,000.00",,train,train/good/cell_type_HPMEC/0-1_days/230119_23.png
230119_24,230119,24,HPMEC,1,0.0,1,0-1,"9,000,000.00",,val,val/good/cell_type_HPMEC/0-1_days/230119_24.png
230119_25,230119,25,HPMEC,1,0.0,1,0-1,"9,000,000.00",,test,test/good/cell_type_HPMEC/0-1_days/230119_25.png
230119_26,230119,26,HPMEC,1,0.0,1,0-1,"9,000,000.00",,test,test/good/cell_type_HPMEC/0-1_days/230119_26.png
230119_27,230119,27,HPMEC,1,0.0,1,0-1,"9,000,000.00",,train,train/good/cell_type_HPMEC/0-1_days/230119_27.png
230119_28,230119,28,HPMEC,1,0.0,1,0-1,"9,000,000.00",,train,train/good/cell_type_HPMEC/0-1_days/230119_28.png
230119_29,230119,29,HPMEC,1,0.0,1,0-1,"9,000,000.00",,train,train/good/cell_type_HPMEC/0-1_days/230119_29.png
230119_30,230119,30,HPMEC,1,0.0,1,0-1,"9,000,000.00",,train,train/good/cell_type_HPMEC/0-1_days/230119_30.png
230119_31,230119,31,HPMEC,1,2.0,1,0-1,"9,000,000.00",,test,test/good/cell_type_HPMEC/0-1_days/230119_31.png
230119_32,230119,32,HPMEC,1,2.0,1,0-1,"9,000,000.00",,train,train/good/cell_type_HPMEC/0-1_days/230119_32.png
230119_33,230119,33,HPMEC,1,2.0,1,0-1,"9,000,000.00",,val,val/good/cell_type_HPMEC/0-1_days/230119_33.png
230119_34,230119,34,HPMEC,1,2.0,1,0-1,"9,000,000.00",,test,test/good/cell_type_HPMEC/0-1_days/230119_34.png
230119_35,230119,35,HPMEC,1,2.0,1,0-1,"9,000,000.00",,train,train/good/cell_type_HPMEC/0-1_days/230119_35.png
230119_36,230119,36,HPMEC,1,2.0,1,0-1,"9,000,000.00",,test,test/good/cell_type_HPMEC/0-1_days/230119_36.png
230119_37,230119,37,HPMEC,1,2.0,1,0-1,"9,000,000.00",,train,train/good/cell_type_HPMEC/0-1_days/230119_37.png
230119_38,230119,38,HPMEC,1,2.0,1,0-1,"9,000,000.00",,test,test/good/cell_type_HPMEC/0-1_days/230119_38.png
230119_39,230119,39,HPMEC,1,2.0,1,0-1,"9,000,000.00",,train,train/good/cell_type_HPMEC/0-1_days/230119_39.png
230119_40,230119,40,HPMEC,1,2.0,1,0-1,"9,000,000.00",,train,train/good/cell_type_HPMEC/0-1_days/230119_40.png
230119_41,230119,41,HSAEC,1,0.0,1,0-1,"6,000,000.00",,train,train/good/cell_type_HSAEC/0-1_days/230119_41.png
230119_42,230119,42,HSAEC,1,0.0,1,0-1,"6,000,000.00",,train,train/good/cell_type_HSAEC/0-1_days/230119_42.png
230119_43,230119,43,HSAEC,1,0.0,1,0-1,"6,000,000.00",,train,train/good/cell_type_HSAEC/0-1_days/230119_43.png
230119_44,230119,44,HSAEC,1,0.0,1,0-1,"6,000,000.00",,test,test/good/cell_type_HSAEC/0-1_days/230119_44.png
230119_45,230119,45,HSAEC,1,0.0,1,0-1,"6,000,000.00",,val,val/good/cell_type_HSAEC/0-1_days/230119_45.png
230119_46,230119,46,HSAEC,1,0.0,1,0-1,"6,000,000.00",,test,test/good/cell_type_HSAEC/0-1_days/230119_46.png
230119_47,230119,47,HSAEC,1,0.0,1,0-1,"6,000,000.00",,train,train/good/cell_type_HSAEC/0-1_days/230119_47.png
230119_48,230119,48,HSAEC,1,0.0,1,0-1,"6,000,000.00",,train,train/good/cell_type_HSAEC/0-1_days/230119_48.png
230119_49,230119,49,HSAEC,1,0.0,1,0-1,"6,000,000.00",,train,train/good/cell_type_HSAEC/0-1_days/230119_49.png
230119_50,230119,50,HSAEC,1,0.0,1,0-1,"6,000,000.00",,train,train/good/cell_type_HSAEC/0-1_days/230119_50.png
230119_51,230119,51,HSAEC,1,0.0,1,0-1,"6,000,000.00",,train,train/good/cell_type_HSAEC/0-1_days/230119_51.png
230119_52,230119,52,HSAEC,1,0.0,1,0-1,"6,000,000.00",,test,test/good/cell_type_HSAEC/0-1_days/230119_52.png
230119_53,230119,53,HSAEC,1,0.0,1,0-1,"6,000,000.00",,train,train/good/cell_type_HSAEC/0-1_days/230119_53.png
230119_54,230119,54,HSAEC,1,0.0,1,0-1,"6,000,000.00",,train,train/good/cell_type_HSAEC/0-1_days/230119_54.png
230119_55,230119,55,HSAEC,1,0.0,1,0-1,"6,000,000.00",,train,train/good/cell_type_HSAEC/0-1_days/230119_55.png
230119_56,230119,56,HSAEC,1,0.0,1,0-1,"6,000,000.00",,test,test/good/cell_type_HSAEC/0-1_days/230119_56.png
230119_57,230119,57,HSAEC,1,0.0,1,0-1,"6,000,000.00",,train,train/good/cell_type_HSAEC/0-1_days/230119_57.png
230119_58,230119,58,HSAEC,1,0.0,1,0-1,"6,000,000.00",,train,train/good/cell_type_HSAEC/0-1_days/230119_58.png
230119_59,230119,59,HSAEC,1,0.0,1,0-1,"6,000,000.00",,train,train/good/cell_type_HSAEC/0-1_days/230119_59.png
230119_60,230119,60,HSAEC,1,0.0,1,0-1,"6,000,000.00",,test,test/good/cell_type_HSAEC/0-1_days/230119_60.png
230119_61,230119,61,HSAEC,1,0.0,1,0-1,"6,000,000.00",,test,test/good/cell_type_HSAEC/0-1_days/230119_61.png
230119_62,230119,62,HSAEC,1,0.0,1,0-1,"6,000,000.00",,test,test/good/cell_type_HSAEC/0-1_days/230119_62.png
230119_63,230119,63,HSAEC,1,0.0,1,0-1,"6,000,000.00",,train,train/good/cell_type_HSAEC/0-1_days/230119_63.png
230119_64,230119,64,HSAEC,1,0.0,1,0-1,"6,000,000.00",,train,train/good/cell_type_HSAEC/0-1_days/230119_64.png
230119_65,230119,65,HSAEC,1,0.0,1,0-1,"6,000,000.00",,train,train/good/cell_type_HSAEC/0-1_days/230119_65.png
230119_66,230119,66,HSAEC,1,0.0,1,0-1,"6,000,000.00",,train,train/good/cell_type_HSAEC/0-1_days/230119_66.png
230119_67,230119,67,HSAEC,1,0.0,1,0-1,"6,000,000.00",,train,train/good/cell_type_HSAEC/0-1_days/230119_67.png
230119_68,230119,68,HSAEC,1,0.0,1,0-1,"6,000,000.00",,train,train/good/cell_type_HSAEC/0-1_days/230119_68.png
230119_69,230119,69,HSAEC,1,0.0,1,0-1,"6,000,000.00",,train,train/good/cell_type_HSAEC/0-1_days/230119_69.png
230119_70,230119,70,HSAEC,1,0.0,1,0-1,"6,000,000.00",,val,val/good/cell_type_HSAEC/0-1_days/230119_70.png
230123_1,230123,1,HSAEC,1,,5,4+,,,train,train/good/cell_type_HSAEC/4+_days/230123_1.png
230123_2,230123,2,HSAEC,1,,5,4+,,,train,train/good/cell_type_HSAEC/4+_days/230123_2.png
230123_3,230123,3,HSAEC,1,,5,4+,,,train,train/good/cell_type_HSAEC/4+_days/230123_3.png
230123_4,230123,4,HSAEC,0,,5,4+,,,train,train/bad/cell_type_HSAEC/4+_days/230123_4.png
230123_5,230123,5,HSAEC,0,,5,4+,,,train,train/bad/cell_type_HSAEC/4+_days/230123_5.png
230123_6,230123,6,HPMEC,1,,5,4+,,,train,train/good/cell_type_HPMEC/4+_days/230123_6.png
230123_7,230123,7,HSAEC,1,,5,4+,,,val,val/good/cell_type_HSAEC/4+_days/230123_7.png
230123_8,230123,8,HSAEC,1,,5,4+,,,train,train/good/cell_type_HSAEC/4+_days/230123_8.png
230123_9,230123,9,HPMEC,1,,5,4+,,,train,train/good/cell_type_HPMEC/4+_days/230123_9.png
230123_10,230123,10,HSAEC,1,,5,4+,,,train,train/good/cell_type_HSAEC/4+_days/230123_10.png
230123_11,230123,11,HSAEC,1,,5,4+,,,train,train/good/cell_type_HSAEC/4+_days/230123_11.png
230123_12,230123,12,HPMEC,1,,5,4+,,,train,train/good/cell_type_HPMEC/4+_days/230123_12.png
230123_13,230123,13,HSAEC,1,,5,4+,,,train,train/good/cell_type_HSAEC/4+_days/230123_13.png
230123_14,230123,14,HSAEC,1,,5,4+,,,val,val/good/cell_type_HSAEC/4+_days/230123_14.png
230123_15,230123,15,HPMEC,1,,5,4+,,,train,train/good/cell_type_HPMEC/4+_days/230123_15.png
230123_16,230123,16,HSAEC,0,,5,4+,,,train,train/bad/cell_type_HSAEC/4+_days/230123_16.png
230123_17,230123,17,HSAEC,1,,5,4+,,,train,train/good/cell_type_HSAEC/4+_days/230123_17.png
230123_18,230123,18,HPMEC,0,,5,4+,,,test,test/bad/cell_type_HPMEC/4+_days/230123_18.png
230123_19,230123,19,HSAEC,1,,5,4+,,,train,train/good/cell_type_HSAEC/4+_days/230123_19.png
230123_20,230123,20,HSAEC,1,,5,4+,,,test,test/good/cell_type_HSAEC/4+_days/230123_20.png
230123_21,230123,21,HSAEC,1,,5,4+,,,test,test/good/cell_type_HSAEC/4+_days/230123_21.png
230123_22,230123,22,HSAEC,1,,5,4+,,,train,train/good/cell_type_HSAEC/4+_days/230123_22.png
230123_23,230123,23,HSAEC,1,,5,4+,,,train,train/good/cell_type_HSAEC/4+_days/230123_23.png
230123_24,230123,24,HSAEC,1,,5,4+,,,train,train/good/cell_type_HSAEC/4+_days/230123_24.png
230123_25,230123,25,HSAEC,1,,5,4+,,,train,train/good/cell_type_HSAEC/4+_days/230123_25.png
230123_26,230123,26,HSAEC,1,,5,4+,,,test,test/good/cell_type_HSAEC/4+_days/230123_26.png
230206_1,230206,1,HPMEC,1,0.0,0,0-1,"9,000,000.00",,train,train/good/cell_type_HPMEC/0-1_days/230206_1.png
230206_2,230206,2,HPMEC,1,0.0,0,0-1,"9,000,000.00",,train,train/good/cell_type_HPMEC/0-1_days/230206_2.png
230206_3,230206,3,HPMEC,1,0.0,0,0-1,"9,000,000.00",,train,train/good/cell_type_HPMEC/0-1_days/230206_3.png
230206_4,230206,4,HPMEC,0,0.0,0,0-1,"9,000,000.00",,test,test/bad/cell_type_HPMEC/0-1_days/230206_4.png
230206_5,230206,5,HPMEC,0,0.0,0,0-1,"9,000,000.00",,train,train/bad/cell_type_HPMEC/0-1_days/230206_5.png
230206_6,230206,6,HPMEC,1,0.0,0,0-1,"9,000,000.00",,train,train/good/cell_type_HPMEC/0-1_days/230206_6.png
230206_7,230206,7,HPMEC,0,0.0,0,0-1,"9,000,000.00",,train,train/bad/cell_type_HPMEC/0-1_days/230206_7.png
230206_8,230206,8,HPMEC,0,0.0,0,0-1,"9,000,000.00",,train,train/bad/cell_type_HPMEC/0-1_days/230206_8.png
230206_9,230206,9,HPMEC,1,0.0,0,0-1,"9,000,000.00",,train,train/good/cell_type_HPMEC/0-1_days/230206_9.png
230206_10,230206,10,HPMEC,1,0.0,0,0-1,"9,000,000.00",,train,train/good/cell_type_HPMEC/0-1_days/230206_10.png
230206_11,230206,11,HPMEC,1,0.0,0,0-1,"9,000,000.00",,train,train/good/cell_type_HPMEC/0-1_days/230206_11.png
230206_12,230206,12,HPMEC,1,0.0,0,0-1,"9,000,000.00",,train,train/good/cell_type_HPMEC/0-1_days/230206_12.png
230206_13,230206,13,A549,1,0.0,0,0-1,"9,000,000.00",,test,test/good/cell_type_A549/0-1_days/230206_13.png
230206_14,230206,14,A549,1,0.0,0,0-1,"9,000,000.00",,train,train/good/cell_type_A549/0-1_days/230206_14.png
230206_15,230206,15,A549,1,0.0,0,0-1,"9,000,000.00",,train,train/good/cell_type_A549/0-1_days/230206_15.png
230206_16,230206,16,A549,1,0.0,0,0-1,"9,000,000.00",,test,test/good/cell_type_A549/0-1_days/230206_16.png
230206_17,230206,17,A549,1,0.0,0,0-1,"9,000,000.00",,train,train/good/cell_type_A549/0-1_days/230206_17.png
230206_18,230206,18,A549,1,0.0,0,0-1,"9,000,000.00",,train,train/good/cell_type_A549/0-1_days/230206_18.png
230206_19,230206,19,A549,1,0.0,0,0-1,"9,000,000.00",,train,train/good/cell_type_A549/0-1_days/230206_19.png
230206_20,230206,20,A549,1,0.0,0,0-1,"9,000,000.00",,train,train/good/cell_type_A549/0-1_days/230206_20.png
230206_21,230206,21,A549,1,0.0,0,0-1,"9,000,000.00",,train,train/good/cell_type_A549/0-1_days/230206_21.png
230206_22,230206,22,A549,1,0.0,0,0-1,"9,000,000.00",,train,train/good/cell_type_A549/0-1_days/230206_22.png
230206_23,230206,23,A549,1,0.0,0,0-1,"9,000,000.00",,train,train/good/cell_type_A549/0-1_days/230206_23.png
230206_24,230206,24,A549,1,0.0,0,0-1,"9,000,000.00",,train,train/good/cell_type_A549/0-1_days/230206_24.png
230206_25,230206,25,A549,1,2.0,0,0-1,"9,000,000.00",,val,val/good/cell_type_A549/0-1_days/230206_25.png
230206_26,230206,26,A549,1,2.0,0,0-1,"9,000,000.00",,train,train/good/cell_type_A549/0-1_days/230206_26.png
230206_27,230206,27,A549,0,2.0,0,0-1,"9,000,000.00",,val,val/bad/cell_type_A549/0-1_days/230206_27.png
230206_28,230206,28,A549,1,2.0,0,0-1,"9,000,000.00",,val,val/good/cell_type_A549/0-1_days/230206_28.png
230206_29,230206,29,A549,1,2.0,0,0-1,"9,000,000.00",,val,val/good/cell_type_A549/0-1_days/230206_29.png
230206_30,230206,30,A549,1,2.0,0,0-1,"9,000,000.00",,train,train/good/cell_type_A549/0-1_days/230206_30.png
230206_31,230206,31,A549,1,2.0,0,0-1,"9,000,000.00",,train,train/good/cell_type_A549/0-1_days/230206_31.png
230206_32,230206,32,A549,1,2.0,0,0-1,"9,000,000.00",,test,test/good/cell_type_A549/0-1_days/230206_32.png
230206_33,230206,33,A549,1,2.0,0,0-1,"9,000,000.00",,test,test/good/cell_type_A549/0-1_days/230206_33.png
230206_34,230206,34,A549,1,0.0,0,0-1,"9,000,000.00",,train,train/good/cell_type_A549/0-1_days/230206_34.png
230206_35,230206,35,A549,1,0.0,0,0-1,"9,000,000.00",,test,test/good/cell_type_A549/0-1_days/230206_35.png
230206_36,230206,36,A549,1,0.0,0,0-1,"9,000,000.00",,train,train/good/cell_type_A549/0-1_days/230206_36.png
230206_37,230206,37,A549,1,0.0,0,0-1,"9,000,000.00",,test,test/good/cell_type_A549/0-1_days/230206_37.png
230206_38,230206,38,A549,1,0.0,0,0-1,"9,000,000.00",,train,train/good/cell_type_A549/0-1_days/230206_38.png
230206_39,230206,39,A549,1,0.0,0,0-1,"9,000,000.00",,train,train/good/cell_type_A549/0-1_days/230206_39.png
230206_40,230206,40,A549,1,0.0,0,0-1,"9,000,000.00",,train,train/good/cell_type_A549/0-1_days/230206_40.png
230206_41,230206,41,A549,1,0.0,0,0-1,"9,000,000.00",,train,train/good/cell_type_A549/0-1_days/230206_41.png
230206_42,230206,42,A549,1,0.0,0,0-1,"9,000,000.00",,val,val/good/cell_type_A549/0-1_days/230206_42.png
230206_43,230206,43,A549,1,0.0,0,0-1,"9,000,000.00",,train,train/good/cell_type_A549/0-1_days/230206_43.png
230206_44,230206,44,A549,1,0.0,0,0-1,"9,000,000.00",,train,train/good/cell_type_A549/0-1_days/230206_44.png
230206_45,230206,45,A549,1,0.0,0,0-1,"9,000,000.00",,train,train/good/cell_type_A549/0-1_days/230206_45.png
230206_46,230206,46,A549,1,2.0,2,2-3,"9,000,000.00",,train,train/good/cell_type_A549/2-3_days/230206_46.png
230206_47,230206,47,A549,1,2.0,2,2-3,"9,000,000.00",,test,test/good/cell_type_A549/2-3_days/230206_47.png
230206_48,230206,48,A549,1,2.0,2,2-3,"9,000,000.00",,test,test/good/cell_type_A549/2-3_days/230206_48.png
230206_49,230206,49,A549,1,2.0,2,2-3,"9,000,000.00",,val,val/good/cell_type_A549/2-3_days/230206_49.png
230206_50,230206,50,A549,1,2.0,2,2-3,"9,000,000.00",,train,train/good/cell_type_A549/2-3_days/230206_50.png
230206_51,230206,51,A549,1,2.0,2,2-3,"9,000,000.00",,train,train/good/cell_type_A549/2-3_days/230206_51.png
230206_52,230206,52,A549,1,2.0,2,2-3,"9,000,000.00",,train,train/good/cell_type_A549/2-3_days/230206_52.png
230206_53,230206,53,A549,1,2.0,2,2-3,"9,000,000.00",,train,train/good/cell_type_A549/2-3_days/230206_53.png
230206_54,230206,54,A549,1,2.0,2,2-3,"9,000,000.00",,train,train/good/cell_type_A549/2-3_days/230206_54.png
230206_55,230206,55,A549,1,2.0,2,2-3,"9,000,000.00",,train,train/good/cell_type_A549/2-3_days/230206_55.png
230206_56,230206,56,A549,1,2.0,2,2-3,"9,000,000.00",,test,test/good/cell_type_A549/2-3_days/230206_56.png
230206_57,230206,57,A549,1,2.0,2,2-3,"9,000,000.00",,test,test/good/cell_type_A549/2-3_days/230206_57.png
230214_1,230214,1,HPMEC,1,0.0,0,0-1,"9,000,000.00",2uL/min,train,train/good/cell_type_HPMEC/0-1_days/230214_1.png
230214_2,230214,2,HPMEC,1,0.0,0,0-1,"9,000,000.00",2uL/min,train,train/good/cell_type_HPMEC/0-1_days/230214_2.png
230214_3,230214,3,HPMEC,1,0.0,0,0-1,"9,000,000.00",2uL/min,test,test/good/cell_type_HPMEC/0-1_days/230214_3.png
230214_4,230214,4,HPMEC,1,0.0,0,0-1,"9,000,000.00",2uL/min,train,train/good/cell_type_HPMEC/0-1_days/230214_4.png
230214_5,230214,5,HPMEC,1,0.0,0,0-1,"9,000,000.00",2uL/min,test,test/good/cell_type_HPMEC/0-1_days/230214_5.png
230214_6,230214,6,HPMEC,1,0.0,0,0-1,"9,000,000.00",2uL/min,train,train/good/cell_type_HPMEC/0-1_days/230214_6.png
230214_7,230214,7,HPMEC,1,0.0,0,0-1,"9,000,000.00",2uL/min,test,test/good/cell_type_HPMEC/0-1_days/230214_7.png
230214_8,230214,8,HPMEC,1,0.0,0,0-1,"9,000,000.00",2uL/min,train,train/good/cell_type_HPMEC/0-1_days/230214_8.png
230214_9,230214,9,HPMEC,1,0.0,0,0-1,"9,000,000.00",2uL/min,train,train/good/cell_type_HPMEC/0-1_days/230214_9.png
230214_10,230214,10,HPMEC,1,0.0,0,0-1,"9,000,000.00",2uL/min,train,train/good/cell_type_HPMEC/0-1_days/230214_10.png
230214_11,230214,11,HPMEC,1,0.0,0,0-1,"9,000,000.00",2uL/min,train,train/good/cell_type_HPMEC/0-1_days/230214_11.png
230214_12,230214,12,HPMEC,0,0.0,0,0-1,"9,000,000.00",2uL/min,train,train/bad/cell_type_HPMEC/0-1_days/230214_12.png
230214_13,230214,13,HPMEC,1,0.0,0,0-1,"9,000,000.00",2uL/min,train,train/good/cell_type_HPMEC/0-1_days/230214_13.png
230214_14,230214,14,HPMEC,1,0.0,0,0-1,"9,000,000.00",2uL/min,train,train/good/cell_type_HPMEC/0-1_days/230214_14.png
230214_15,230214,15,HPMEC,1,0.0,0,0-1,"9,000,000.00",2uL/min,train,train/good/cell_type_HPMEC/0-1_days/230214_15.png
230214_16,230214,16,HPMEC,1,0.0,0,0-1,"9,000,000.00",2uL/min,train,train/good/cell_type_HPMEC/0-1_days/230214_16.png
230214_17,230214,17,HPMEC,1,0.0,0,0-1,"9,000,000.00",2uL/min,train,train/good/cell_type_HPMEC/0-1_days/230214_17.png
230214_18,230214,18,HPMEC,1,0.0,0,0-1,"9,000,000.00",2uL/min,train,train/good/cell_type_HPMEC/0-1_days/230214_18.png
230214_19,230214,19,HPMEC,1,0.0,0,0-1,"9,000,000.00",2uL/min,train,train/good/cell_type_HPMEC/0-1_days/230214_19.png
230214_20,230214,20,HPMEC,1,0.0,0,0-1,"9,000,000.00",2uL/min,train,train/good/cell_type_HPMEC/0-1_days/230214_20.png
230214_21,230214,21,HPMEC,1,0.0,0,0-1,"9,000,000.00",2uL/min,train,train/good/cell_type_HPMEC/0-1_days/230214_21.png
230214_22,230214,22,HPMEC,1,0.0,0,0-1,"9,000,000.00",2uL/min,train,train/good/cell_type_HPMEC/0-1_days/230214_22.png
230214_23,230214,23,HPMEC,1,0.0,0,0-1,"9,000,000.00",2uL/min,train,train/good/cell_type_HPMEC/0-1_days/230214_23.png
230214_24,230214,24,HPMEC,1,0.0,0,0-1,"9,000,000.00",2uL/min,val,val/good/cell_type_HPMEC/0-1_days/230214_24.png
230214_25,230214,25,HPMEC,1,2.0,0,0-1,"9,000,000.00",2uL/min,train,train/good/cell_type_HPMEC/0-1_days/230214_25.png
230214_26,230214,26,HPMEC,1,2.0,0,0-1,"9,000,000.00",2uL/min,train,train/good/cell_type_HPMEC/0-1_days/230214_26.png
230214_27,230214,27,HPMEC,1,2.0,0,0-1,"9,000,000.00",2uL/min,test,test/good/cell_type_HPMEC/0-1_days/230214_27.png
230214_28,230214,28,HPMEC,1,2.0,0,0-1,"9,000,000.00",2uL/min,train,train/good/cell_type_HPMEC/0-1_days/230214_28.png
230214_29,230214,29,HPMEC,1,2.0,0,0-1,"9,000,000.00",2uL/min,train,train/good/cell_type_HPMEC/0-1_days/230214_29.png
230214_30,230214,30,HPMEC,1,2.0,0,0-1,"9,000,000.00",2uL/min,test,test/good/cell_type_HPMEC/0-1_days/230214_30.png
230214_31,230214,31,HPMEC,1,2.0,0,0-1,"9,000,000.00",2uL/min,train,train/good/cell_type_HPMEC/0-1_days/230214_31.png
230214_32,230214,32,HPMEC,1,2.0,0,0-1,"9,000,000.00",2uL/min,val,val/good/cell_type_HPMEC/0-1_days/230214_32.png
230214_33,230214,33,HPMEC,1,2.0,0,0-1,"9,000,000.00",2uL/min,test,test/good/cell_type_HPMEC/0-1_days/230214_33.png
230214_34,230214,34,HPMEC,1,2.0,0,0-1,"9,000,000.00",2uL/min,train,train/good/cell_type_HPMEC/0-1_days/230214_34.png
230214_35,230214,35,HPMEC,1,2.0,0,0-1,"9,000,000.00",2uL/min,train,train/good/cell_type_HPMEC/0-1_days/230214_35.png
230214_36,230214,36,HPMEC,0,2.0,0,0-1,"9,000,000.00",2uL/min,test,test/bad/cell_type_HPMEC/0-1_days/230214_36.png
230214_37,230214,37,HPMEC,1,2.0,0,0-1,"9,000,000.00",2uL/min,train,train/good/cell_type_HPMEC/0-1_days/230214_37.png
230214_38,230214,38,HPMEC,1,2.0,0,0-1,"9,000,000.00",2uL/min,train,train/good/cell_type_HPMEC/0-1_days/230214_38.png
230214_39,230214,39,HPMEC,1,2.0,0,0-1,"9,000,000.00",2uL/min,train,train/good/cell_type_HPMEC/0-1_days/230214_39.png
230214_40,230214,40,HPMEC,1,2.0,0,0-1,"9,000,000.00",2uL/min,test,test/good/cell_type_HPMEC/0-1_days/230214_40.png
230214_41,230214,41,HPMEC,1,2.0,0,0-1,"9,000,000.00",2uL/min,test,test/good/cell_type_HPMEC/0-1_days/230214_41.png
230214_42,230214,42,HPMEC,1,2.0,0,0-1,"9,000,000.00",2uL/min,test,test/good/cell_type_HPMEC/0-1_days/230214_42.png
230214_43,230214,43,HPMEC,1,2.0,0,0-1,"9,000,000.00",2uL/min,test,test/good/cell_type_HPMEC/0-1_days/230214_43.png
230214_44,230214,44,HPMEC,1,2.0,0,0-1,"9,000,000.00",2uL/min,test,test/good/cell_type_HPMEC/0-1_days/230214_44.png
230214_45,230214,45,HPMEC,1,2.0,0,0-1,"9,000,000.00",2uL/min,train,train/good/cell_type_HPMEC/0-1_days/230214_45.png
230214_46,230214,46,HPMEC,0,2.0,0,0-1,"9,000,000.00",2uL/min,train,train/bad/cell_type_HPMEC/0-1_days/230214_46.png
230214_47,230214,47,HPMEC,1,2.0,0,0-1,"9,000,000.00",2uL/min,train,train/good/cell_type_HPMEC/0-1_days/230214_47.png
230214_48,230214,48,HPMEC,1,2.0,0,0-1,"9,000,000.00",2uL/min,train,train/good/cell_type_HPMEC/0-1_days/230214_48.png
230215_1,230215,1,HPMEC,1,,1,0-1,"9,000,000.00",2uL/min,train,train/good/cell_type_HPMEC/0-1_days/230215_1.png
230215_2,230215,2,HPMEC,1,,1,0-1,"9,000,000.00",2uL/min,val,val/good/cell_type_HPMEC/0-1_days/230215_2.png
230215_3,230215,3,HPMEC,1,,1,0-1,"9,000,000.00",2uL/min,train,train/good/cell_type_HPMEC/0-1_days/230215_3.png
230215_4,230215,4,HPMEC,1,,1,0-1,"9,000,000.00",2uL/min,train,train/good/cell_type_HPMEC/0-1_days/230215_4.png
230215_5,230215,5,HPMEC,0,,1,0-1,"9,000,000.00",2uL/min,train,train/bad/cell_type_HPMEC/0-1_days/230215_5.png
230215_6,230215,6,HPMEC,0,,1,0-1,"9,000,000.00",2uL/min,train,train/bad/cell_type_HPMEC/0-1_days/230215_6.png
230215_7,230215,7,HPMEC,1,,1,0-1,"9,000,000.00",2uL/min,train,train/good/cell_type_HPMEC/0-1_days/230215_7.png
230215_8,230215,8,HPMEC,0,,1,0-1,"9,000,000.00",2uL/min,train,train/bad/cell_type_HPMEC/0-1_days/230215_8.png
230215_9,230215,9,HPMEC,1,,1,0-1,"9,000,000.00",2uL/min,train,train/good/cell_type_HPMEC/0-1_days/230215_9.png
230215_10,230215,10,HPMEC,1,,1,0-1,"9,000,000.00",2uL/min,train,train/good/cell_type_HPMEC/0-1_days/230215_10.png
230215_11,230215,11,HPMEC,1,,1,0-1,"9,000,000.00",2uL/min,val,val/good/cell_type_HPMEC/0-1_days/230215_11.png
230215_12,230215,12,HPMEC,1,,1,0-1,"9,000,000.00",2uL/min,train,train/good/cell_type_HPMEC/0-1_days/230215_12.png
230215_13,230215,13,HPMEC,1,,1,0-1,"9,000,000.00",2uL/min,test,test/good/cell_type_HPMEC/0-1_days/230215_13.png
230215_14,230215,14,HPMEC,1,,1,0-1,"9,000,000.00",2uL/min,val,val/good/cell_type_HPMEC/0-1_days/230215_14.png
230215_15,230215,15,HPMEC,1,,1,0-1,"9,000,000.00",2uL/min,train,train/good/cell_type_HPMEC/0-1_days/230215_15.png
230215_16,230215,16,HPMEC,1,,1,0-1,"9,000,000.00",2uL/min,test,test/good/cell_type_HPMEC/0-1_days/230215_16.png
230215_17,230215,17,HPMEC,1,,1,0-1,"9,000,000.00",2uL/min,train,train/good/cell_type_HPMEC/0-1_days/230215_17.png
230215_18,230215,18,HPMEC,0,,1,0-1,"9,000,000.00",2uL/min,val,val/bad/cell_type_HPMEC/0-1_days/230215_18.png
230215_19,230215,19,HPMEC,0,,1,0-1,"9,000,000.00",2uL/min,train,train/bad/cell_type_HPMEC/0-1_days/230215_19.png
230215_20,230215,20,HPMEC,1,,1,0-1,"9,000,000.00",2uL/min,train,train/good/cell_type_HPMEC/0-1_days/230215_20.png
230215_21,230215,21,HPMEC,1,,1,0-1,"9,000,000.00",2uL/min,val,val/good/cell_type_HPMEC/0-1_days/230215_21.png
230215_22,230215,22,HPMEC,0,,1,0-1,"9,000,000.00",2uL/min,val,val/bad/cell_type_HPMEC/0-1_days/230215_22.png
230215_23,230215,23,HPMEC,0,,1,0-1,"9,000,000.00",2uL/min,test,test/bad/cell_type_HPMEC/0-1_days/230215_23.png
230215_24,230215,24,HPMEC,0,,1,0-1,"9,000,000.00",2uL/min,train,train/bad/cell_type_HPMEC/0-1_days/230215_24.png
230216_1,230216,1,HPMEC,1,,3,2-3,"9,000,000.00",2uL/min,val,val/good/cell_type_HPMEC/2-3_days/230216_1.png
230216_2,230216,2,HPMEC,1,,3,2-3,"9,000,000.00",2uL/min,train,train/good/cell_type_HPMEC/2-3_days/230216_2.png
230216_3,230216,3,HPMEC,1,,3,2-3,"9,000,000.00",2uL/min,train,train/good/cell_type_HPMEC/2-3_days/230216_3.png
230216_4,230216,4,HPMEC,1,,3,2-3,"9,000,000.00",2uL/min,train,train/good/cell_type_HPMEC/2-3_days/230216_4.png
230216_5,230216,5,HPMEC,1,,3,2-3,"9,000,000.00",2uL/min,train,train/good/cell_type_HPMEC/2-3_days/230216_5.png
230216_6,230216,6,HPMEC,1,,3,2-3,"9,000,000.00",2uL/min,train,train/good/cell_type_HPMEC/2-3_days/230216_6.png
230314_36,230314,36,HPMEC,1,2.0,1,0-1,"9,000,000.00",2uL/min,val,val/good/cell_type_HPMEC/0-1_days/230314_36.png
230314_37,230314,37,HPMEC,1,2.0,1,0-1,"9,000,000.00",2uL/min,train,train/good/cell_type_HPMEC/0-1_days/230314_37.png
230314_38,230314,38,HPMEC,1,2.0,1,0-1,"9,000,000.00",2uL/min,train,train/good/cell_type_HPMEC/0-1_days/230314_38.png
230314_39,230314,39,HPMEC,1,2.0,1,0-1,"9,000,000.00",2uL/min,train,train/good/cell_type_HPMEC/0-1_days/230314_39.png
230314_40,230314,40,HPMEC,1,2.0,1,0-1,"9,000,000.00",2uL/min,train,train/good/cell_type_HPMEC/0-1_days/230314_40.png
230314_41,230314,41,HPMEC,1,2.0,1,0-1,"9,000,000.00",2uL/min,train,train/good/cell_type_HPMEC/0-1_days/230314_41.png
230314_42,230314,42,HPMEC,1,2.0,1,0-1,"9,000,000.00",2uL/min,train,train/good/cell_type_HPMEC/0-1_days/230314_42.png
230314_43,230314,43,HPMEC,1,2.0,1,0-1,"9,000,000.00",2uL/min,val,val/good/cell_type_HPMEC/0-1_days/230314_43.png
230314_44,230314,44,HPMEC,1,2.0,1,0-1,"9,000,000.00",2uL/min,train,train/good/cell_type_HPMEC/0-1_days/230314_44.png
230314_45,230314,45,HPMEC,1,2.0,1,0-1,"9,000,000.00",2uL/min,train,train/good/cell_type_HPMEC/0-1_days/230314_45.png
230314_46,230314,46,HPMEC,1,2.0,1,0-1,"9,000,000.00",2uL/min,val,val/good/cell_type_HPMEC/0-1_days/230314_46.png
230314_47,230314,47,HPMEC,1,2.0,1,0-1,"9,000,000.00",2uL/min,train,train/good/cell_type_HPMEC/0-1_days/230314_47.png
230314_48,230314,48,HPMEC,1,2.0,1,0-1,"9,000,000.00",2uL/min,test,test/good/cell_type_HPMEC/0-1_days/230314_48.png
230314_49,230314,49,HPMEC,1,2.0,1,0-1,"9,000,000.00",2uL/min,train,train/good/cell_type_HPMEC/0-1_days/230314_49.png
230314_50,230314,50,HPMEC,1,2.0,1,0-1,"9,000,000.00",2uL/min,test,test/good/cell_type_HPMEC/0-1_days/230314_50.png
230314_1,230314,1,HPMEC,1,2.0,1,0-1,9.0E+06,2uL/min,train,train/good/cell_type_HPMEC/0-1_days/230314_1.png
230314_2,230314,2,HPMEC,1,2.0,1,0-1,9.0E+06,2uL/min,train,train/good/cell_type_HPMEC/0-1_days/230314_2.png
230314_3,230314,3,HPMEC,1,2.0,1,0-1,9.0E+06,2uL/min,train,train/good/cell_type_HPMEC/0-1_days/230314_3.png
230314_4,230314,4,HPMEC,1,2.0,1,0-1,9.0E+06,2uL/min,train,train/good/cell_type_HPMEC/0-1_days/230314_4.png
230314_5,230314,5,HPMEC,1,2.0,1,0-1,9.0E+06,2uL/min,train,train/good/cell_type_HPMEC/0-1_days/230314_5.png
230314_6,230314,6,HPMEC,1,2.0,1,0-1,9.0E+06,2uL/min,train,train/good/cell_type_HPMEC/0-1_days/230314_6.png
230314_7,230314,7,HPMEC,1,2.0,1,0-1,9.0E+06,2uL/min,test,test/good/cell_type_HPMEC/0-1_days/230314_7.png
230314_8,230314,8,HPMEC,0,2.0,1,0-1,9.0E+06,2uL/min,train,train/bad/cell_type_HPMEC/0-1_days/230314_8.png
230314_9,230314,9,HPMEC,0,2.0,1,0-1,9.0E+06,2uL/min,train,train/bad/cell_type_HPMEC/0-1_days/230314_9.png
230314_10,230314,10,HPMEC,0,2.0,1,0-1,9.0E+06,2uL/min,test,test/bad/cell_type_HPMEC/0-1_days/230314_10.png
230314_11,230314,11,HPMEC,0,2.0,1,0-1,9.0E+06,2uL/min,train,train/bad/cell_type_HPMEC/0-1_days/230314_11.png
230314_12,230314,12,HPMEC,0,2.0,1,0-1,9.0E+06,2uL/min,val,val/bad/cell_type_HPMEC/0-1_days/230314_12.png
230314_13,230314,13,HPMEC,0,2.0,1,0-1,9.0E+06,2uL/min,train,train/bad/cell_type_HPMEC/0-1_days/230314_13.png
230314_14,230314,14,HPMEC,0,2.0,1,0-1,9.0E+06,2uL/min,test,test/bad/cell_type_HPMEC/0-1_days/230314_14.png
230314_15,230314,15,HPMEC,0,2.0,1,0-1,9.0E+06,2uL/min,train,train/bad/cell_type_HPMEC/0-1_days/230314_15.png
230314_16,230314,16,HPMEC,0,2.0,1,0-1,9.0E+06,2uL/min,train,train/bad/cell_type_HPMEC/0-1_days/230314_16.png
230314_17,230314,17,HPMEC,0,2.0,1,0-1,9.0E+06,2uL/min,train,train/bad/cell_type_HPMEC/0-1_days/230314_17.png
230314_18,230314,18,HPMEC,0,2.0,1,0-1,9.0E+06,2uL/min,train,train/bad/cell_type_HPMEC/0-1_days/230314_18.png
230314_19,230314,19,HPMEC,0,2.0,1,0-1,9.0E+06,2uL/min,train,train/bad/cell_type_HPMEC/0-1_days/230314_19.png
230314_20,230314,20,HPMEC,0,2.0,1,0-1,9.0E+06,2uL/min,train,train/bad/cell_type_HPMEC/0-1_days/230314_20.png
230314_21,230314,21,HPMEC,0,2.0,1,0-1,9.0E+06,2uL/min,test,test/bad/cell_type_HPMEC/0-1_days/230314_21.png
230314_22,230314,22,HPMEC,0,2.0,1,0-1,9.0E+06,2uL/min,train,train/bad/cell_type_HPMEC/0-1_days/230314_22.png
230314_23,230314,23,HPMEC,0,2.0,1,0-1,9.0E+06,2uL/min,val,val/bad/cell_type_HPMEC/0-1_days/230314_23.png
230314_24,230314,24,HPMEC,0,2.0,1,0-1,9.0E+06,2uL/min,val,val/bad/cell_type_HPMEC/0-1_days/230314_24.png
230314_25,230314,25,HPMEC,0,2.0,1,0-1,9.0E+06,2uL/min,train,train/bad/cell_type_HPMEC/0-1_days/230314_25.png
230314_26,230314,26,HPMEC,0,2.0,1,0-1,9.0E+06,2uL/min,test,test/bad/cell_type_HPMEC/0-1_days/230314_26.png
230314_27,230314,27,HPMEC,0,2.0,1,0-1,9.0E+06,2uL/min,val,val/bad/cell_type_HPMEC/0-1_days/230314_27.png
230314_28,230314,28,HPMEC,0,2.0,1,0-1,9.0E+06,2uL/min,train,train/bad/cell_type_HPMEC/0-1_days/230314_28.png
230314_29,230314,29,HPMEC,0,2.0,1,0-1,9.0E+06,2uL/min,train,train/bad/cell_type_HPMEC/0-1_days/230314_29.png
230314_30,230314,30,HPMEC,0,2.0,1,0-1,9.0E+06,2uL/min,train,train/bad/cell_type_HPMEC/0-1_days/230314_30.png
230314_31,230314,31,HPMEC,0,2.0,1,0-1,9.0E+06,2uL/min,train,train/bad/cell_type_HPMEC/0-1_days/230314_31.png
230314_32,230314,32,HPMEC,0,2.0,1,0-1,9.0E+06,2uL/min,train,train/bad/cell_type_HPMEC/0-1_days/230314_32.png
230314_33,230314,33,HPMEC,0,2.0,1,0-1,9.0E+06,2uL/min,train,train/bad/cell_type_HPMEC/0-1_days/230314_33.png
230314_34,230314,34,HPMEC,0,2.0,1,0-1,9.0E+06,2uL/min,train,train/bad/cell_type_HPMEC/0-1_days/230314_34.png
230314_35,230314,35,HPMEC,0,2.0,1,0-1,9.0E+06,2uL/min,train,train/bad/cell_type_HPMEC/0-1_days/230314_35.png
230315_1,230315,1,HPMEC,0,,2,2-3,9.0E+06,2uL/min,train,train/bad/cell_type_HPMEC/2-3_days/230315_1.png
230315_2,230315,2,HPMEC,0,,2,2-3,9.0E+06,2uL/min,test,test/bad/cell_type_HPMEC/2-3_days/230315_2.png
230315_3,230315,3,HPMEC,1,,2,2-3,9.0E+06,2uL/min,train,train/good/cell_type_HPMEC/2-3_days/230315_3.png
230315_4,230315,4,HPMEC,1,,2,2-3,9.0E+06,2uL/min,train,train/good/cell_type_HPMEC/2-3_days/230315_4.png
230315_5,230315,5,HPMEC,1,,2,2-3,9.0E+06,2uL/min,train,train/good/cell_type_HPMEC/2-3_days/230315_5.png
230315_6,230315,6,HPMEC,1,,2,2-3,9.0E+06,2uL/min,train,train/good/cell_type_HPMEC/2-3_days/230315_6.png
230315_7,230315,7,HPMEC,1,,2,2-3,9.0E+06,2uL/min,train,train/good/cell_type_HPMEC/2-3_days/230315_7.png
230315_8,230315,8,HPMEC,1,,2,2-3,9.0E+06,2uL/min,val,val/good/cell_type_HPMEC/2-3_days/230315_8.png
230315_9,230315,9,HPMEC,1,,2,2-3,9.0E+06,2uL/min,test,test/good/cell_type_HPMEC/2-3_days/230315_9.png
230315_10,230315,10,HPMEC,1,,2,2-3,9.0E+06,2uL/min,val,val/good/cell_type_HPMEC/2-3_days/230315_10.png
230315_11,230315,11,HPMEC,1,,2,2-3,9.0E+06,2uL/min,train,train/good/cell_type_HPMEC/2-3_days/230315_11.png
230315_12,230315,12,HPMEC,1,,2,2-3,9.0E+06,2uL/min,train,train/good/cell_type_HPMEC/2-3_days/230315_12.png
230315_13,230315,13,HPMEC,1,,2,2-3,9.0E+06,2uL/min,train,train/good/cell_type_HPMEC/2-3_days/230315_13.png
230315_14,230315,14,HPMEC,1,,2,2-3,9.0E+06,2uL/min,train,train/good/cell_type_HPMEC/2-3_days/230315_14.png
230315_15,230315,15,HPMEC,1,,2,2-3,9.0E+06,2uL/min,train,train/good/cell_type_HPMEC/2-3_days/230315_15.png
230315_16,230315,16,HPMEC,1,,2,2-3,9.0E+06,2uL/min,test,test/good/cell_type_HPMEC/2-3_days/230315_16.png
230315_17,230315,17,HPMEC,1,,2,2-3,9.0E+06,2uL/min,train,train/good/cell_type_HPMEC/2-3_days/230315_17.png
230315_18,230315,18,HPMEC,1,,2,2-3,9.0E+06,2uL/min,train,train/good/cell_type_HPMEC/2-3_days/230315_18.png
230315_19,230315,19,HPMEC,0,,2,2-3,9.0E+06,2uL/min,train,train/bad/cell_type_HPMEC/2-3_days/230315_19.png
230315_20,230315,20,HPMEC,1,,2,2-3,9.0E+06,2uL/min,train,train/good/cell_type_HPMEC/2-3_days/230315_20.png
230315_21,230315,21,HPMEC,1,,2,2-3,9.0E+06,2uL/min,val,val/good/cell_type_HPMEC/2-3_days/230315_21.png
230315_22,230315,22,HPMEC,0,,2,2-3,9.0E+06,2uL/min,test,test/bad/cell_type_HPMEC/2-3_days/230315_22.png
230315_23,230315,23,HPMEC,0,,2,2-3,9.0E+06,2uL/min,test,test/bad/cell_type_HPMEC/2-3_days/230315_23.png
230315_24,230315,24,HPMEC,0,,2,2-3,9.0E+06,2uL/min,train,train/bad/cell_type_HPMEC/2-3_days/230315_24.png
230315_25,230315,25,HPMEC,0,,2,2-3,9.0E+06,2uL/min,train,train/bad/cell_type_HPMEC/2-3_days/230315_25.png
230315_26,230315,26,HPMEC,0,,2,2-3,9.0E+06,2uL/min,test,test/bad/cell_type_HPMEC/2-3_days/230315_26.png
230315_27,230315,27,HPMEC,0,,2,2-3,9.0E+06,2uL/min,train,train/bad/cell_type_HPMEC/2-3_days/230315_27.png
230315_28,230315,28,HPMEC,0,,2,2-3,9.0E+06,2uL/min,train,train/bad/cell_type_HPMEC/2-3_days/230315_28.png
230315_29,230315,29,HPMEC,0,,2,2-3,9.0E+06,2uL/min,test,test/bad/cell_type_HPMEC/2-3_days/230315_29.png
230315_30,230315,30,HPMEC,0,,2,2-3,9.0E+06,2uL/min,train,train/bad/cell_type_HPMEC/2-3_days/230315_30.png
230315_31,230315,31,HPMEC,0,,2,2-3,9.0E+06,2uL/min,train,train/bad/cell_type_HPMEC/2-3_days/230315_31.png
230315_32,230315,32,HPMEC,0,,2,2-3,9.0E+06,2uL/min,train,train/bad/cell_type_HPMEC/2-3_days/230315_32.png
230315_33,230315,33,HPMEC,0,,2,2-3,9.0E+06,2uL/min,test,test/bad/cell_type_HPMEC/2-3_days/230315_33.png
230315_34,230315,34,HPMEC,0,,2,2-3,9.0E+06,2uL/min,train,train/bad/cell_type_HPMEC/2-3_days/230315_34.png
230315_35,230315,35,HPMEC,0,,2,2-3,9.0E+06,2uL/min,train,train/bad/cell_type_HPMEC/2-3_days/230315_35.png
230315_36,230315,36,HPMEC,0,,2,2-3,9.0E+06,2uL/min,train,train/bad/cell_type_HPMEC/2-3_days/230315_36.png
230315_37,230315,37,HPMEC,1,,2,2-3,9.0E+06,2uL/min,train,train/good/cell_type_HPMEC/2-3_days/230315_37.png
230315_38,230315,38,HPMEC,1,,2,2-3,9.0E+06,2uL/min,test,test/good/cell_type_HPMEC/2-3_days/230315_38.png
230315_39,230315,39,HPMEC,1,,2,2-3,9.0E+06,2uL/min,train,train/good/cell_type_HPMEC/2-3_days/230315_39.png
230315_40,230315,40,HPMEC,0,,2,2-3,9.0E+06,2uL/min,train,train/bad/cell_type_HPMEC/2-3_days/230315_40.png
230315_41,230315,41,HPMEC,0,,2,2-3,9.0E+06,2uL/min,test,test/bad/cell_type_HPMEC/2-3_days/230315_41.png
230315_42,230315,42,HPMEC,1,,2,2-3,9.0E+06,2uL/min,train,train/good/cell_type_HPMEC/2-3_days/230315_42.png
230315_43,230315,43,HPMEC,1,,2,2-3,9.0E+06,2uL/min,train,train/good/cell_type_HPMEC/2-3_days/230315_43.png
230315_44,230315,44,HPMEC,1,,2,2-3,9.0E+06,2uL/min,test,test/good/cell_type_HPMEC/2-3_days/230315_44.png
230315_45,230315,45,HPMEC,1,,2,2-3,9.0E+06,2uL/min,train,train/good/cell_type_HPMEC/2-3_days/230315_45.png
230315_46,230315,46,HPMEC,1,,2,2-3,9.0E+06,2uL/min,train,train/good/cell_type_HPMEC/2-3_days/230315_46.png
230315_47,230315,47,HPMEC,1,,2,2-3,9.0E+06,2uL/min,train,train/good/cell_type_HPMEC/2-3_days/230315_47.png
230315_48,230315,48,HPMEC,1,,2,2-3,9.0E+06,2uL/min,train,train/good/cell_type_HPMEC/2-3_days/230315_48.png
230315_49,230315,49,HPMEC,1,,2,2-3,9.0E+06,2uL/min,train,train/good/cell_type_HPMEC/2-3_days/230315_49.png
230315_50,230315,50,HPMEC,1,,2,2-3,9.0E+06,2uL/min,test,test/good/cell_type_HPMEC/2-3_days/230315_50.png
230315_51,230315,51,HPMEC,1,,2,2-3,9.0E+06,2uL/min,train,train/good/cell_type_HPMEC/2-3_days/230315_51.png
230315_52,230315,52,HPMEC,1,,2,2-3,9.0E+06,2uL/min,train,train/good/cell_type_HPMEC/2-3_days/230315_52.png
230315_53,230315,53,HPMEC,1,,2,2-3,9.0E+06,2uL/min,val,val/good/cell_type_HPMEC/2-3_days/230315_53.png
230315_54,230315,54,HPMEC,1,,2,2-3,9.0E+06,2uL/min,train,train/good/cell_type_HPMEC/2-3_days/230315_54.png
230315_55,230315,55,HPMEC,1,,2,2-3,9.0E+06,2uL/min,train,train/good/cell_type_HPMEC/2-3_days/230315_55.png
230315_56,230315,56,HPMEC,0,,2,2-3,9.0E+06,2uL/min,test,test/bad/cell_type_HPMEC/2-3_days/230315_56.png
230315_57,230315,57,HPMEC,0,,2,2-3,9.0E+06,2uL/min,train,train/bad/cell_type_HPMEC/2-3_days/230315_57.png
230315_58,230315,58,HPMEC,0,,2,2-3,9.0E+06,2uL/min,train,train/bad/cell_type_HPMEC/2-3_days/230315_58.png
230315_59,230315,59,HPMEC,0,,2,2-3,9.0E+06,2uL/min,train,train/bad/cell_type_HPMEC/2-3_days/230315_59.png
230315_60,230315,60,HPMEC,0,,2,2-3,9.0E+06,2uL/min,val,val/bad/cell_type_HPMEC/2-3_days/230315_60.png
230315_61,230315,61,HPMEC,0,,2,2-3,9.0E+06,2uL/min,train,train/bad/cell_type_HPMEC/2-3_days/230315_61.png
230315_62,230315,62,HPMEC,0,,2,2-3,9.0E+06,2uL/min,train,train/bad/cell_type_HPMEC/2-3_days/230315_62.png
230315_63,230315,63,HPMEC,0,,2,2-3,9.0E+06,2uL/min,train,train/bad/cell_type_HPMEC/2-3_days/230315_63.png
230315_64,230315,64,HPMEC,0,,2,2-3,9.0E+06,2uL/min,val,val/bad/cell_type_HPMEC/2-3_days/230315_64.png
230315_65,230315,65,HPMEC,1,,2,2-3,9.0E+06,2uL/min,train,train/good/cell_type_HPMEC/2-3_days/230315_65.png
230315_66,230315,66,HPMEC,1,,2,2-3,9.0E+06,2uL/min,test,test/good/cell_type_HPMEC/2-3_days/230315_66.png
230315_67,230315,67,HPMEC,1,,2,2-3,9.0E+06,2uL/min,train,train/good/cell_type_HPMEC/2-3_days/230315_67.png
230315_68,230315,68,HPMEC,1,,2,2-3,9.0E+06,2uL/min,test,test/good/cell_type_HPMEC/2-3_days/230315_68.png
230315_69,230315,69,HPMEC,1,,2,2-3,9.0E+06,2uL/min,val,val/good/cell_type_HPMEC/2-3_days/230315_69.png
230315_70,230315,70,HPMEC,1,,2,2-3,9.0E+06,2uL/min,test,test/good/cell_type_HPMEC/2-3_days/230315_70.png
230315_71,230315,71,HPMEC,1,,2,2-3,9.0E+06,2uL/min,train,train/good/cell_type_HPMEC/2-3_days/230315_71.png
230315_72,230315,72,HPMEC,1,,2,2-3,9.0E+06,2uL/min,test,test/good/cell_type_HPMEC/2-3_days/230315_72.png
230315_73,230315,73,HPMEC,0,,2,2-3,9.0E+06,2uL/min,train,train/bad/cell_type_HPMEC/2-3_days/230315_73.png
230315_74,230315,74,HPMEC,0,,2,2-3,9.0E+06,2uL/min,train,train/bad/cell_type_HPMEC/2-3_days/230315_74.png
230315_75,230315,75,HPMEC,0,,2,2-3,9.0E+06,2uL/min,val,val/bad/cell_type_HPMEC/2-3_days/230315_75.png
230315_76,230315,76,HPMEC,0,,2,2-3,9.0E+06,2uL/min,train,train/bad/cell_type_HPMEC/2-3_days/230315_76.png
230315_77,230315,77,HPMEC,0,,2,2-3,9.0E+06,2uL/min,test,test/bad/cell_type_HPMEC/2-3_days/230315_77.png
230315_78,230315,78,HPMEC,0,,2,2-3,9.0E+06,2uL/min,train,train/bad/cell_type_HPMEC/2-3_days/230315_78.png
230315_79,230315,79,HPMEC,0,,2,2-3,9.0E+06,2uL/min,train,train/bad/cell_type_HPMEC/2-3_days/230315_79.png
230315_80,230315,80,HPMEC,0,,2,2-3,9.0E+06,2uL/min,test,test/bad/cell_type_HPMEC/2-3_days/230315_80.png
230315_81,230315,81,HPMEC,0,,2,2-3,9.0E+06,2uL/min,train,train/bad/cell_type_HPMEC/2-3_days/230315_81.png
230315_82,230315,82,HPMEC,1,,2,2-3,9.0E+06,2uL/min,test,test/good/cell_type_HPMEC/2-3_days/230315_82.png
230315_83,230315,83,HPMEC,1,,2,2-3,9.0E+06,2uL/min,train,train/good/cell_type_HPMEC/2-3_days/230315_83.png
230315_84,230315,84,HPMEC,1,,2,2-3,9.0E+06,2uL/min,test,test/good/cell_type_HPMEC/2-3_days/230315_84.png
230315_85,230315,85,HPMEC,1,,2,2-3,9.0E+06,2uL/min,train,train/good/cell_type_HPMEC/2-3_days/230315_85.png
230315_86,230315,86,HPMEC,1,,2,2-3,9.0E+06,2uL/min,train,train/good/cell_type_HPMEC/2-3_days/230315_86.png
230315_87,230315,87,HPMEC,1,,2,2-3,9.0E+06,2uL/min,val,val/good/cell_type_HPMEC/2-3_days/230315_87.png
230315_88,230315,88,HPMEC,1,,2,2-3,9.0E+06,2uL/min,val,val/good/cell_type_HPMEC/2-3_days/230315_88.png
230315_89,230315,89,HPMEC,1,,2,2-3,9.0E+06,2uL/min,train,train/good/cell_type_HPMEC/2-3_days/230315_89.png
230315_90,230315,90,HPMEC,1,,2,2-3,9.0E+06,2uL/min,train,train/good/cell_type_HPMEC/2-3_days/230315_90.png
230315_91,230315,91,HPMEC,0,,2,2-3,9.0E+06,2uL/min,test,test/bad/cell_type_HPMEC/2-3_days/230315_91.png
230315_92,230315,92,HPMEC,0,,2,2-3,9.0E+06,2uL/min,test,test/bad/cell_type_HPMEC/2-3_days/230315_92.png
230315_93,230315,93,HPMEC,0,,2,2-3,9.0E+06,2uL/min,train,train/bad/cell_type_HPMEC/2-3_days/230315_93.png
230315_94,230315,94,HPMEC,0,,2,2-3,9.0E+06,2uL/min,test,test/bad/cell_type_HPMEC/2-3_days/230315_94.png
230316_1,230316,1,A549,1,0.0,1,0-1,1.0E+06,,train,train/good/cell_type_A549/0-1_days/230316_1.png
230316_2,230316,2,A549,1,0.0,1,0-1,1.0E+06,,train,train/good/cell_type_A549/0-1_days/230316_2.png
230316_3,230316,3,A549,1,0.0,1,0-1,1.0E+06,,train,train/good/cell_type_A549/0-1_days/230316_3.png
230316_4,230316,4,A549,1,0.0,1,0-1,1.0E+06,,test,test/good/cell_type_A549/0-1_days/230316_4.png
230316_5,230316,5,A549,1,0.0,1,0-1,1.0E+06,,test,test/good/cell_type_A549/0-1_days/230316_5.png
230316_6,230316,6,A549,1,0.0,1,0-1,1.0E+06,,train,train/good/cell_type_A549/0-1_days/230316_6.png
230316_7,230316,7,A549,1,0.0,1,0-1,1.0E+06,,train,train/good/cell_type_A549/0-1_days/230316_7.png
230316_8,230316,8,A549,1,0.0,1,0-1,1.0E+06,,train,train/good/cell_type_A549/0-1_days/230316_8.png
230316_9,230316,9,A549,1,2.0,1,0-1,1.0E+06,2uL/min,val,val/good/cell_type_A549/0-1_days/230316_9.png
230316_10,230316,10,A549,1,2.0,1,0-1,1.0E+06,2uL/min,test,test/good/cell_type_A549/0-1_days/230316_10.png
230316_11,230316,11,A549,1,2.0,1,0-1,1.0E+06,2uL/min,train,train/good/cell_type_A549/0-1_days/230316_11.png
230316_12,230316,12,A549,1,2.0,1,0-1,1.0E+06,2uL/min,test,test/good/cell_type_A549/0-1_days/230316_12.png
230316_13,230316,13,A549,1,2.0,1,0-1,1.0E+06,2uL/min,val,val/good/cell_type_A549/0-1_days/230316_13.png
230316_14,230316,14,A549,1,2.0,1,0-1,1.0E+06,2uL/min,train,train/good/cell_type_A549/0-1_days/230316_14.png
230316_15,230316,15,A549,1,2.0,1,0-1,1.0E+06,2uL/min,train,train/good/cell_type_A549/0-1_days/230316_15.png
230316_16,230316,16,A549,1,2.0,1,0-1,1.0E+06,2uL/min,train,train/good/cell_type_A549/0-1_days/230316_16.png
230316_17,230316,17,NHBE,1,0.0,1,0-1,2.0E+06,,test,test/good/cell_type_NHBE/0-1_days/230316_17.png
230316_18,230316,18,NHBE,1,0.0,1,0-1,2.0E+06,,train,train/good/cell_type_NHBE/0-1_days/230316_18.png
230316_19,230316,19,NHBE,1,0.0,1,0-1,2.0E+06,,train,train/good/cell_type_NHBE/0-1_days/230316_19.png
230316_20,230316,20,NHBE,1,0.0,1,0-1,2.0E+06,,train,train/good/cell_type_NHBE/0-1_days/230316_20.png
230316_21,230316,21,NHBE,1,0.0,1,0-1,2.0E+06,,val,val/good/cell_type_NHBE/0-1_days/230316_21.png
230316_22,230316,22,NHBE,1,0.0,1,0-1,2.0E+06,,train,train/good/cell_type_NHBE/0-1_days/230316_22.png
230316_23,230316,23,NHBE,1,0.0,1,0-1,2.0E+06,,train,train/good/cell_type_NHBE/0-1_days/230316_23.png
230316_24,230316,24,NHBE,1,0.0,1,0-1,2.0E+06,,train,train/good/cell_type_NHBE/0-1_days/230316_24.png
230316_25,230316,25,NHBE,1,2.0,1,0-1,2.0E+06,,train,train/good/cell_type_NHBE/0-1_days/230316_25.png
230316_26,230316,26,NHBE,1,2.0,1,0-1,2.0E+06,,train,train/good/cell_type_NHBE/0-1_days/230316_26.png
230316_27,230316,27,NHBE,1,2.0,1,0-1,2.0E+06,,train,train/good/cell_type_NHBE/0-1_days/230316_27.png
230316_28,230316,28,NHBE,1,2.0,1,0-1,2.0E+06,,test,test/good/cell_type_NHBE/0-1_days/230316_28.png
230316_29,230316,29,NHBE,1,2.0,1,0-1,2.0E+06,,test,test/good/cell_type_NHBE/0-1_days/230316_29.png
230316_30,230316,30,NHBE,1,2.0,1,0-1,2.0E+06,,train,train/good/cell_type_NHBE/0-1_days/230316_30.png
230316_31,230316,31,NHBE,1,2.0,1,0-1,2.0E+06,,test,test/good/cell_type_NHBE/0-1_days/230316_31.png
230316_32,230316,32,NHBE,1,2.0,1,0-1,2.0E+06,,train,train/good/cell_type_NHBE/0-1_days/230316_32.png
230316_33,230316,33,HPMEC,1,0.0,1,0-1,9.0E+06,,test,test/good/cell_type_HPMEC/0-1_days/230316_33.png
230316_34,230316,34,HPMEC,1,0.0,1,0-1,9.0E+06,,train,train/good/cell_type_HPMEC/0-1_days/230316_34.png
230316_35,230316,35,HPMEC,1,0.0,1,0-1,9.0E+06,,train,train/good/cell_type_HPMEC/0-1_days/230316_35.png
230316_36,230316,36,HPMEC,1,0.0,1,0-1,9.0E+06,,val,val/good/cell_type_HPMEC/0-1_days/230316_36.png
230316_37,230316,37,HPMEC,1,0.0,1,0-1,9.0E+06,,train,train/good/cell_type_HPMEC/0-1_days/230316_37.png
230316_38,230316,38,HPMEC,1,0.0,1,0-1,9.0E+06,,test,test/good/cell_type_HPMEC/0-1_days/230316_38.png
230316_39,230316,39,HPMEC,1,1.0,1,0-1,9.0E+06,,train,train/good/cell_type_HPMEC/0-1_days/230316_39.png
230316_40,230316,40,HPMEC,1,1.0,1,0-1,9.0E+06,,train,train/good/cell_type_HPMEC/0-1_days/230316_40.png
230316_41,230316,41,HPMEC,1,1.0,1,0-1,9.0E+06,,train,train/good/cell_type_HPMEC/0-1_days/230316_41.png
230316_42,230316,42,HPMEC,1,1.0,1,0-1,9.0E+06,,train,train/good/cell_type_HPMEC/0-1_days/230316_42.png
230316_43,230316,43,HPMEC,1,1.0,1,0-1,9.0E+06,,train,train/good/cell_type_HPMEC/0-1_days/230316_43.png
230316_44,230316,44,HPMEC,1,1.0,1,0-1,9.0E+06,,test,test/good/cell_type_HPMEC/0-1_days/230316_44.png
230317_1,230317,1,HPMEC,0,,4,4,9.0E+06,2uL/min,train,train/bad/cell_type_HPMEC/4_days/230317_1.png
230317_2,230317,2,HPMEC,1,,4,4,9.0E+06,2uL/min,train,train/good/cell_type_HPMEC/4_days/230317_2.png
230317_3,230317,3,HPMEC,1,,4,4,9.0E+06,2uL/min,train,train/good/cell_type_HPMEC/4_days/230317_3.png
230317_4,230317,4,HPMEC,1,,4,4,9.0E+06,2uL/min,train,train/good/cell_type_HPMEC/4_days/230317_4.png
230317_5,230317,5,HPMEC,1,,4,4,9.0E+06,2uL/min,train,train/good/cell_type_HPMEC/4_days/230317_5.png
230317_6,230317,6,HPMEC,1,,4,4,9.0E+06,2uL/min,train,train/good/cell_type_HPMEC/4_days/230317_6.png
230317_7,230317,7,HPMEC,1,,4,4,9.0E+06,2uL/min,train,train/good/cell_type_HPMEC/4_days/230317_7.png
230317_8,230317,8,HPMEC,0,,4,4,9.0E+06,2uL/min,test,test/bad/cell_type_HPMEC/4_days/230317_8.png
230317_9,230317,9,HPMEC,0,,4,4,9.0E+06,2uL/min,train,train/bad/cell_type_HPMEC/4_days/230317_9.png
230317_10,230317,10,HPMEC,0,,4,4,9.0E+06,2uL/min,train,train/bad/cell_type_HPMEC/4_days/230317_10.png
230317_11,230317,11,HPMEC,1,,4,4,9.0E+06,2uL/min,test,test/good/cell_type_HPMEC/4_days/230317_11.png
230317_12,230317,12,HPMEC,1,,4,4,9.0E+06,2uL/min,test,test/good/cell_type_HPMEC/4_days/230317_12.png
230317_13,230317,13,HPMEC,1,,4,4,9.0E+06,2uL/min,train,train/good/cell_type_HPMEC/4_days/230317_13.png
230317_14,230317,14,HPMEC,1,,4,4,9.0E+06,2uL/min,test,test/good/cell_type_HPMEC/4_days/230317_14.png
230317_15,230317,15,HPMEC,1,,4,4,9.0E+06,2uL/min,train,train/good/cell_type_HPMEC/4_days/230317_15.png
230317_16,230317,16,HPMEC,1,,4,4,9.0E+06,2uL/min,test,test/good/cell_type_HPMEC/4_days/230317_16.png
230317_17,230317,17,HPMEC,1,,4,4,9.0E+06,2uL/min,train,train/good/cell_type_HPMEC/4_days/230317_17.png
230317_18,230317,18,HPMEC,1,,4,4,9.0E+06,2uL/min,train,train/good/cell_type_HPMEC/4_days/230317_18.png
230317_19,230317,19,HPMEC,0,,4,4,9.0E+06,2uL/min,train,train/bad/cell_type_HPMEC/4_days/230317_19.png
230317_20,230317,20,HPMEC,1,,4,4,9.0E+06,2uL/min,train,train/good/cell_type_HPMEC/4_days/230317_20.png
230317_21,230317,21,HPMEC,1,,4,4,9.0E+06,2uL/min,train,train/good/cell_type_HPMEC/4_days/230317_21.png
230317_22,230317,22,HPMEC,1,,4,4,9.0E+06,2uL/min,train,train/good/cell_type_HPMEC/4_days/230317_22.png
230317_23,230317,23,HPMEC,1,,4,4,9.0E+06,2uL/min,train,train/good/cell_type_HPMEC/4_days/230317_23.png
230317_24,230317,24,HPMEC,1,,4,4,9.0E+06,2uL/min,val,val/good/cell_type_HPMEC/4_days/230317_24.png
230317_25,230317,25,HPMEC,1,,4,4,9.0E+06,2uL/min,train,train/good/cell_type_HPMEC/4_days/230317_25.png
230317_26,230317,26,HPMEC,1,,4,4,9.0E+06,2uL/min,test,test/good/cell_type_HPMEC/4_days/230317_26.png
230317_27,230317,27,HPMEC,1,,4,4,9.0E+06,2uL/min,val,val/good/cell_type_HPMEC/4_days/230317_27.png
230317_28,230317,28,HPMEC,1,,4,4,9.0E+06,2uL/min,train,train/good/cell_type_HPMEC/4_days/230317_28.png
230317_29,230317,29,HPMEC,1,,4,4,9.0E+06,2uL/min,train,train/good/cell_type_HPMEC/4_days/230317_29.png
230317_30,230317,30,HPMEC,1,,4,4,9.0E+06,2uL/min,train,train/good/cell_type_HPMEC/4_days/230317_30.png
230317_31,230317,31,HPMEC,1,,4,4,9.0E+06,2uL/min,train,train/good/cell_type_HPMEC/4_days/230317_31.png
230317_32,230317,32,HPMEC,0,,4,4,9.0E+06,2uL/min,train,train/bad/cell_type_HPMEC/4_days/230317_32.png
230317_33,230317,33,HPMEC,0,,4,4,9.0E+06,2uL/min,train,train/bad/cell_type_HPMEC/4_days/230317_33.png
230317_34,230317,34,HPMEC,0,,4,4,9.0E+06,2uL/min,test,test/bad/cell_type_HPMEC/4_days/230317_34.png
230317_35,230317,35,HPMEC,1,,4,4,9.0E+06,2uL/min,train,train/good/cell_type_HPMEC/4_days/230317_35.png
230317_36,230317,36,HPMEC,1,,4,4,9.0E+06,2uL/min,val,val/good/cell_type_HPMEC/4_days/230317_36.png
230317_37,230317,37,HPMEC,0,,4,4,9.0E+06,2uL/min,train,train/bad/cell_type_HPMEC/4_days/230317_37.png
230317_38,230317,38,HPMEC,0,,4,4,9.0E+06,2uL/min,train,train/bad/cell_type_HPMEC/4_days/230317_38.png
230317_39,230317,39,HPMEC,0,,4,4,9.0E+06,2uL/min,val,val/bad/cell_type_HPMEC/4_days/230317_39.png
230317_40,230317,40,HPMEC,0,,4,4,9.0E+06,2uL/min,train,train/bad/cell_type_HPMEC/4_days/230317_40.png
230317_41,230317,41,HPMEC,0,,4,4,9.0E+06,2uL/min,train,train/bad/cell_type_HPMEC/4_days/230317_41.png
230317_42,230317,42,HPMEC,0,,4,4,9.0E+06,2uL/min,test,test/bad/cell_type_HPMEC/4_days/230317_42.png
230317_43,230317,43,HPMEC,0,,4,4,9.0E+06,2uL/min,test,test/bad/cell_type_HPMEC/4_days/230317_43.png
230317_44,230317,44,HPMEC,0,,4,4,9.0E+06,2uL/min,train,train/bad/cell_type_HPMEC/4_days/230317_44.png
230317_45,230317,45,HPMEC,0,,4,4,9.0E+06,2uL/min,val,val/bad/cell_type_HPMEC/4_days/230317_45.png
230317_46,230317,46,HPMEC,0,,4,4,9.0E+06,2uL/min,train,train/bad/cell_type_HPMEC/4_days/230317_46.png
230317_47,230317,47,HPMEC,0,,4,4,9.0E+06,2uL/min,test,test/bad/cell_type_HPMEC/4_days/230317_47.png
230317_48,230317,48,HPMEC,0,,4,4,9.0E+06,2uL/min,train,train/bad/cell_type_HPMEC/4_days/230317_48.png
230317_49,230317,49,HPMEC,0,,4,4,9.0E+06,2uL/min,train,train/bad/cell_type_HPMEC/4_days/230317_49.png
230317_50,230317,50,HPMEC,0,,4,4,9.0E+06,2uL/min,train,train/bad/cell_type_HPMEC/4_days/230317_50.png
230317_51,230317,51,HPMEC,0,,4,4,9.0E+06,2uL/min,train,train/bad/cell_type_HPMEC/4_days/230317_51.png
230317_52,230317,52,HPMEC,0,,4,4,9.0E+06,2uL/min,train,train/bad/cell_type_HPMEC/4_days/230317_52.png
230317_53,230317,53,HPMEC,0,,4,4,9.0E+06,2uL/min,train,train/bad/cell_type_HPMEC/4_days/230317_53.png
230317_54,230317,54,HPMEC,0,,4,4,9.0E+06,2uL/min,test,test/bad/cell_type_HPMEC/4_days/230317_54.png
230317_55,230317,55,HPMEC,0,,4,4,9.0E+06,2uL/min,train,train/bad/cell_type_HPMEC/4_days/230317_55.png
230317_56,230317,56,HPMEC,1,,4,4,9.0E+06,2uL/min,train,train/good/cell_type_HPMEC/4_days/230317_56.png
230317_57,230317,57,HPMEC,1,,4,4,9.0E+06,2uL/min,test,test/good/cell_type_HPMEC/4_days/230317_57.png
230317_58,230317,58,HPMEC,1,,4,4,9.0E+06,2uL/min,train,train/good/cell_type_HPMEC/4_days/230317_58.png
230317_59,230317,59,HPMEC,1,,4,4,9.0E+06,2uL/min,train,train/good/cell_type_HPMEC/4_days/230317_59.png
230317_60,230317,60,HPMEC,1,,4,4,9.0E+06,2uL/min,train,train/good/cell_type_HPMEC/4_days/230317_60.png
230317_61,230317,61,HPMEC,1,,4,4,9.0E+06,2uL/min,train,train/good/cell_type_HPMEC/4_days/230317_61.png
230317_62,230317,62,HPMEC,1,,4,4,9.0E+06,2uL/min,train,train/good/cell_type_HPMEC/4_days/230317_62.png
230317_63,230317,63,HPMEC,1,,4,4,9.0E+06,2uL/min,train,train/good/cell_type_HPMEC/4_days/230317_63.png
230317_64,230317,64,HPMEC,1,,4,4,9.0E+06,2uL/min,train,train/good/cell_type_HPMEC/4_days/230317_64.png
230317_65,230317,65,HPMEC,1,,4,4,9.0E+06,2uL/min,test,test/good/cell_type_HPMEC/4_days/230317_65.png
230317_66,230317,66,NHBE,1,,2,2-3,2.0E+06,2uL/min,train,train/good/cell_type_NHBE/2-3_days/230317_66.png
230317_67,230317,67,NHBE,1,,2,2-3,2.0E+06,2uL/min,train,train/good/cell_type_NHBE/2-3_days/230317_67.png
230317_68,230317,68,NHBE,1,,2,2-3,2.0E+06,2uL/min,train,train/good/cell_type_NHBE/2-3_days/230317_68.png
230317_69,230317,69,NHBE,1,,2,2-3,2.0E+06,2uL/min,train,train/good/cell_type_NHBE/2-3_days/230317_69.png
230317_70,230317,70,NHBE,1,,2,2-3,2.0E+06,2uL/min,train,train/good/cell_type_NHBE/2-3_days/230317_70.png
230317_71,230317,71,NHBE,1,,2,2-3,2.0E+06,2uL/min,train,train/good/cell_type_NHBE/2-3_days/230317_71.png
230317_72,230317,72,NHBE,1,,2,2-3,2.0E+06,2uL/min,test,test/good/cell_type_NHBE/2-3_days/230317_72.png
230317_73,230317,73,NHBE,1,,2,2-3,2.0E+06,2uL/min,val,val/good/cell_type_NHBE/2-3_days/230317_73.png
230317_74,230317,74,NHBE,1,,2,2-3,2.0E+06,2uL/min,test,test/good/cell_type_NHBE/2-3_days/230317_74.png
230317_75,230317,75,NHBE,1,,2,2-3,2.0E+06,2uL/min,test,test/good/cell_type_NHBE/2-3_days/230317_75.png
230317_76,230317,76,NHBE,1,,2,2-3,2.0E+06,2uL/min,train,train/good/cell_type_NHBE/2-3_days/230317_76.png
230317_77,230317,77,NHBE,1,,2,2-3,2.0E+06,2uL/min,train,train/good/cell_type_NHBE/2-3_days/230317_77.png
230317_78,230317,78,NHBE,1,,2,2-3,2.0E+06,2uL/min,test,test/good/cell_type_NHBE/2-3_days/230317_78.png
230317_79,230317,79,NHBE,1,,2,2-3,2.0E+06,2uL/min,train,train/good/cell_type_NHBE/2-3_days/230317_79.png
230317_80,230317,80,NHBE,1,,2,2-3,2.0E+06,2uL/min,test,test/good/cell_type_NHBE/2-3_days/230317_80.png
230317_81,230317,81,NHBE,1,,2,2-3,2.0E+06,2uL/min,train,train/good/cell_type_NHBE/2-3_days/230317_81.png
230317_82,230317,82,NHBE,1,,2,2-3,2.0E+06,2uL/min,train,train/good/cell_type_NHBE/2-3_days/230317_82.png
230317_83,230317,83,NHBE,1,,2,2-3,2.0E+06,2uL/min,train,train/good/cell_type_NHBE/2-3_days/230317_83.png
230317_84,230317,84,NHBE,1,,2,2-3,2.0E+06,2uL/min,test,test/good/cell_type_NHBE/2-3_days/230317_84.png
230317_85,230317,85,NHBE,1,,2,2-3,2.0E+06,2uL/min,train,train/good/cell_type_NHBE/2-3_days/230317_85.png
230317_86,230317,86,NHBE,1,,2,2-3,2.0E+06,2uL/min,train,train/good/cell_type_NHBE/2-3_days/230317_86.png
230317_87,230317,87,NHBE,1,,2,2-3,2.0E+06,2uL/min,val,val/good/cell_type_NHBE/2-3_days/230317_87.png
230317_88,230317,88,NHBE,1,,2,2-3,2.0E+06,2uL/min,test,test/good/cell_type_NHBE/2-3_days/230317_88.png
230317_89,230317,89,NHBE,1,,2,2-3,2.0E+06,2uL/min,train,train/good/cell_type_NHBE/2-3_days/230317_89.png
230317_90,230317,90,NHBE,1,,2,2-3,2.0E+06,2uL/min,train,train/good/cell_type_NHBE/2-3_days/230317_90.png
230317_91,230317,91,NHBE,1,,2,2-3,2.0E+06,2uL/min,train,train/good/cell_type_NHBE/2-3_days/230317_91.png
230317_92,230317,92,NHBE,1,,2,2-3,2.0E+06,2uL/min,train,train/good/cell_type_NHBE/2-3_days/230317_92.png
230317_93,230317,93,NHBE,1,,2,2-3,2.0E+06,2uL/min,train,train/good/cell_type_NHBE/2-3_days/230317_93.png
230317_94,230317,94,NHBE,1,,2,2-3,2.0E+06,2uL/min,val,val/good/cell_type_NHBE/2-3_days/230317_94.png
230317_95,230317,95,NHBE,1,,2,2-3,2.0E+06,2uL/min,train,train/good/cell_type_NHBE/2-3_days/230317_95.png
230317_96,230317,96,NHBE,1,,2,2-3,2.0E+06,2uL/min,train,train/good/cell_type_NHBE/2-3_days/230317_96.png
230317_97,230317,97,NHBE,1,,2,2-3,2.0E+06,2uL/min,test,test/good/cell_type_NHBE/2-3_days/230317_97.png
230317_98,230317,98,NHBE,1,,2,2-3,2.0E+06,2uL/min,train,train/good/cell_type_NHBE/2-3_days/230317_98.png
230317_99,230317,99,NHBE,1,,2,2-3,2.0E+06,2uL/min,train,train/good/cell_type_NHBE/2-3_days/230317_99.png
230317_100,230317,100,NHBE,1,,2,2-3,2.0E+06,2uL/min,train,train/good/cell_type_NHBE/2-3_days/230317_100.png
230320_1,230320,1,HPMEC,1,,7,4+,9.0E+06,1.66uL/min,train,train/good/cell_type_HPMEC/4+_days/230320_1.png
230320_2,230320,2,HPMEC,1,,7,4+,9.0E+06,1.66uL/min,train,train/good/cell_type_HPMEC/4+_days/230320_2.png
230320_3,230320,3,HPMEC,1,,7,4+,9.0E+06,1.66uL/min,train,train/good/cell_type_HPMEC/4+_days/230320_3.png
230320_4,230320,4,HPMEC,1,,7,4+,9.0E+06,1.66uL/min,train,train/good/cell_type_HPMEC/4+_days/230320_4.png
230320_5,230320,5,HPMEC,1,,7,4+,9.0E+06,1.66uL/min,train,train/good/cell_type_HPMEC/4+_days/230320_5.png
230320_6,230320,6,HPMEC,1,,7,4+,9.0E+06,1.66uL/min,train,train/good/cell_type_HPMEC/4+_days/230320_6.png
230320_7,230320,7,HPMEC,1,,7,4+,9.0E+06,1.66uL/min,test,test/good/cell_type_HPMEC/4+_days/230320_7.png
230320_8,230320,8,HPMEC,1,,7,4+,9.0E+06,1.66uL/min,train,train/good/cell_type_HPMEC/4+_days/230320_8.png
230320_9,230320,9,HPMEC,1,,7,4+,9.0E+06,1.66uL/min,train,train/good/cell_type_HPMEC/4+_days/230320_9.png
230320_10,230320,10,HPMEC,1,,7,4+,9.0E+06,1.66uL/min,train,train/good/cell_type_HPMEC/4+_days/230320_10.png
230320_11,230320,11,HPMEC,1,,7,4+,9.0E+06,1.66uL/min,train,train/good/cell_type_HPMEC/4+_days/230320_11.png
230320_12,230320,12,HPMEC,1,,7,4+,9.0E+06,1.66uL/min,test,test/good/cell_type_HPMEC/4+_days/230320_12.png
230320_13,230320,13,HPMEC,1,,7,4+,9.0E+06,1.66uL/min,train,train/good/cell_type_HPMEC/4+_days/230320_13.png
230320_14,230320,14,HPMEC,1,,7,4+,9.0E+06,1.66uL/min,test,test/good/cell_type_HPMEC/4+_days/230320_14.png
230320_15,230320,15,HPMEC,1,,7,4+,9.0E+06,1.66uL/min,test,test/good/cell_type_HPMEC/4+_days/230320_15.png
230320_16,230320,16,HPMEC,1,,7,4+,9.0E+06,1.66uL/min,train,train/good/cell_type_HPMEC/4+_days/230320_16.png
230320_17,230320,17,HPMEC,0,,7,4+,9.0E+06,1.66uL/min,train,train/bad/cell_type_HPMEC/4+_days/230320_17.png
230320_18,230320,18,HPMEC,1,,7,4+,9.0E+06,1.66uL/min,train,train/good/cell_type_HPMEC/4+_days/230320_18.png
230320_19,230320,19,HPMEC,1,,7,4+,9.0E+06,1.66uL/min,train,train/good/cell_type_HPMEC/4+_days/230320_19.png
230320_20,230320,20,HPMEC,1,,7,4+,9.0E+06,1.66uL/min,test,test/good/cell_type_HPMEC/4+_days/230320_20.png
230320_21,230320,21,HPMEC,1,,7,4+,9.0E+06,1.66uL/min,test,test/good/cell_type_HPMEC/4+_days/230320_21.png
230320_22,230320,22,HPMEC,1,,7,4+,9.0E+06,1.66uL/min,train,train/good/cell_type_HPMEC/4+_days/230320_22.png
230320_23,230320,23,HPMEC,1,,7,4+,9.0E+06,1.66uL/min,train,train/good/cell_type_HPMEC/4+_days/230320_23.png
230320_24,230320,24,HPMEC,0,,7,4+,9.0E+06,1.66uL/min,train,train/bad/cell_type_HPMEC/4+_days/230320_24.png
230320_25,230320,25,HPMEC,0,,7,4+,9.0E+06,1.66uL/min,train,train/bad/cell_type_HPMEC/4+_days/230320_25.png
230320_26,230320,26,HPMEC,0,,7,4+,9.0E+06,1.66uL/min,train,train/bad/cell_type_HPMEC/4+_days/230320_26.png
230320_27,230320,27,HPMEC,0,,7,4+,9.0E+06,1.66uL/min,train,train/bad/cell_type_HPMEC/4+_days/230320_27.png
230320_28,230320,28,HPMEC,0,,7,4+,9.0E+06,1.66uL/min,train,train/bad/cell_type_HPMEC/4+_days/230320_28.png
230320_29,230320,29,HPMEC,0,,7,4+,9.0E+06,1.66uL/min,train,train/bad/cell_type_HPMEC/4+_days/230320_29.png
230320_30,230320,30,HPMEC,0,,7,4+,9.0E+06,1.66uL/min,test,test/bad/cell_type_HPMEC/4+_days/230320_30.png
230320_31,230320,31,HPMEC,0,,7,4+,9.0E+06,1.66uL/min,train,train/bad/cell_type_HPMEC/4+_days/230320_31.png
230320_32,230320,32,HPMEC,0,,7,4+,9.0E+06,1.66uL/min,test,test/bad/cell_type_HPMEC/4+_days/230320_32.png
230320_33,230320,33,A549,1,,5,4+,1.0E+06,2uL/min,train,train/good/cell_type_A549/4+_days/230320_33.png
230320_34,230320,34,A549,1,,5,4+,1.0E+06,2uL/min,val,val/good/cell_type_A549/4+_days/230320_34.png
230320_35,230320,35,A549,1,,5,4+,1.0E+06,2uL/min,train,train/good/cell_type_A549/4+_days/230320_35.png
230320_36,230320,36,A549,1,,5,4+,1.0E+06,2uL/min,val,val/good/cell_type_A549/4+_days/230320_36.png
230320_37,230320,37,A549,1,,5,4+,1.0E+06,2uL/min,train,train/good/cell_type_A549/4+_days/230320_37.png
230320_38,230320,38,A549,1,,5,4+,1.0E+06,2uL/min,val,val/good/cell_type_A549/4+_days/230320_38.png
230320_39,230320,39,A549,1,,5,4+,1.0E+06,2uL/min,val,val/good/cell_type_A549/4+_days/230320_39.png
230320_40,230320,40,A549,1,,5,4+,1.0E+06,2uL/min,train,train/good/cell_type_A549/4+_days/230320_40.png
230320_41,230320,41,A549,1,,5,4+,1.0E+06,2uL/min,test,test/good/cell_type_A549/4+_days/230320_41.png
230320_42,230320,42,A549,1,,5,4+,1.0E+06,2uL/min,train,train/good/cell_type_A549/4+_days/230320_42.png
230320_43,230320,43,A549,1,,5,4+,1.0E+06,2uL/min,train,train/good/cell_type_A549/4+_days/230320_43.png
230320_44,230320,44,A549,1,,5,4+,1.0E+06,2uL/min,train,train/good/cell_type_A549/4+_days/230320_44.png
230320_45,230320,45,A549,1,,5,4+,1.0E+06,2uL/min,train,train/good/cell_type_A549/4+_days/230320_45.png
230320_46,230320,46,A549,1,,5,4+,1.0E+06,2uL/min,test,test/good/cell_type_A549/4+_days/230320_46.png
230320_47,230320,47,A549,1,,5,4+,1.0E+06,2uL/min,train,train/good/cell_type_A549/4+_days/230320_47.png
230320_48,230320,48,A549,1,,5,4+,1.0E+06,2uL/min,val,val/good/cell_type_A549/4+_days/230320_48.png
230320_49,230320,49,A549,1,,5,4+,1.0E+06,2uL/min,train,train/good/cell_type_A549/4+_days/230320_49.png
230320_50,230320,50,A549,1,,5,4+,1.0E+06,2uL/min,val,val/good/cell_type_A549/4+_days/230320_50.png
230320_51,230320,51,A549,1,,5,4+,1.0E+06,2uL/min,test,test/good/cell_type_A549/4+_days/230320_51.png
230320_52,230320,52,A549,1,,5,4+,1.0E+06,2uL/min,val,val/good/cell_type_A549/4+_days/230320_52.png
230320_53,230320,53,A549,0,,5,4+,1.0E+06,2uL/min,train,train/bad/cell_type_A549/4+_days/230320_53.png
230320_54,230320,54,A549,1,,5,4+,1.0E+06,2uL/min,train,train/good/cell_type_A549/4+_days/230320_54.png
230320_55,230320,55,A549,0,,5,4+,1.0E+06,2uL/min,train,train/bad/cell_type_A549/4+_days/230320_55.png
230320_56,230320,56,A549,1,,5,4+,1.0E+06,2uL/min,test,test/good/cell_type_A549/4+_days/230320_56.png
230320_57,230320,57,A549,1,,5,4+,1.0E+06,2uL/min,train,train/good/cell_type_A549/4+_days/230320_57.png
230320_58,230320,58,A549,1,,5,4+,1.0E+06,2uL/min,train,train/good/cell_type_A549/4+_days/230320_58.png
230320_59,230320,59,A549,1,,5,4+,1.0E+06,2uL/min,train,train/good/cell_type_A549/4+_days/230320_59.png
230320_60,230320,60,A549,1,,5,4+,1.0E+06,2uL/min,train,train/good/cell_type_A549/4+_days/230320_60.png
230320_61,230320,61,A549,0,,5,4+,1.0E+06,2uL/min,train,train/bad/cell_type_A549/4+_days/230320_61.png
230320_62,230320,62,A549,1,,5,4+,1.0E+06,2uL/min,test,test/good/cell_type_A549/4+_days/230320_62.png
230320_63,230320,63,A549,1,,5,4+,1.0E+06,2uL/min,train,train/good/cell_type_A549/4+_days/230320_63.png
230320_64,230320,64,A549,1,,5,4+,1.0E+06,2uL/min,test,test/good/cell_type_A549/4+_days/230320_64.png
230320_65,230320,65,A549,1,,5,4+,1.0E+06,2uL/min,train,train/good/cell_type_A549/4+_days/230320_65.png
230320_66,230320,66,A549,1,,5,4+,1.0E+06,2uL/min,test,test/good/cell_type_A549/4+_days/230320_66.png
230320_67,230320,67,A549,1,,5,4+,1.0E+06,2uL/min,train,train/good/cell_type_A549/4+_days/230320_67.png
230320_68,230320,68,A549,1,,5,4+,1.0E+06,2uL/min,train,train/good/cell_type_A549/4+_days/230320_68.png
230320_69,230320,69,A549,1,,5,4+,1.0E+06,2uL/min,test,test/good/cell_type_A549/4+_days/230320_69.png
230320_70,230320,70,HPMEC,0,,7,4+,9.0E+06,1.71uL/min,train,train/bad/cell_type_HPMEC/4+_days/230320_70.png
230320_71,230320,71,HPMEC,0,,7,4+,9.0E+06,1.71uL/min,test,test/bad/cell_type_HPMEC/4+_days/230320_71.png
230320_72,230320,72,HPMEC,1,,7,4+,9.0E+06,1.71uL/min,train,train/good/cell_type_HPMEC/4+_days/230320_72.png
230320_73,230320,73,HPMEC,1,,7,4+,9.0E+06,1.71uL/min,train,train/good/cell_type_HPMEC/4+_days/230320_73.png
230320_74,230320,74,HPMEC,0,,7,4+,9.0E+06,1.71uL/min,train,train/bad/cell_type_HPMEC/4+_days/230320_74.png
230320_75,230320,75,HPMEC,1,,7,4+,9.0E+06,1.71uL/min,train,train/good/cell_type_HPMEC/4+_days/230320_75.png
230320_76,230320,76,HPMEC,1,,7,4+,9.0E+06,1.71uL/min,train,train/good/cell_type_HPMEC/4+_days/230320_76.png
230320_77,230320,77,HPMEC,1,,7,4+,9.0E+06,1.71uL/min,test,test/good/cell_type_HPMEC/4+_days/230320_77.png
230320_78,230320,78,HPMEC,1,,7,4+,9.0E+06,1.71uL/min,test,test/good/cell_type_HPMEC/4+_days/230320_78.png
230320_79,230320,79,HPMEC,1,,7,4+,9.0E+06,1.71uL/min,train,train/good/cell_type_HPMEC/4+_days/230320_79.png
230320_80,230320,80,HPMEC,1,,7,4+,9.0E+06,1.71uL/min,train,train/good/cell_type_HPMEC/4+_days/230320_80.png
230320_81,230320,81,HPMEC,1,,7,4+,9.0E+06,1.71uL/min,train,train/good/cell_type_HPMEC/4+_days/230320_81.png
230320_82,230320,82,HPMEC,1,,7,4+,9.0E+06,1.71uL/min,train,train/good/cell_type_HPMEC/4+_days/230320_82.png
230320_83,230320,83,HPMEC,1,,7,4+,9.0E+06,1.71uL/min,train,train/good/cell_type_HPMEC/4+_days/230320_83.png
230320_84,230320,84,HPMEC,0,,7,4+,9.0E+06,1.71uL/min,test,test/bad/cell_type_HPMEC/4+_days/230320_84.png
230320_85,230320,85,HPMEC,1,,7,4+,9.0E+06,1.71uL/min,test,test/good/cell_type_HPMEC/4+_days/230320_85.png
230320_86,230320,86,HPMEC,1,,7,4+,9.0E+06,1.71uL/min,test,test/good/cell_type_HPMEC/4+_days/230320_86.png
230320_87,230320,87,HPMEC,1,,7,4+,9.0E+06,1.71uL/min,train,train/good/cell_type_HPMEC/4+_days/230320_87.png
230320_88,230320,88,HPMEC,1,,7,4+,9.0E+06,1.71uL/min,train,train/good/cell_type_HPMEC/4+_days/230320_88.png
230320_89,230320,89,HPMEC,1,,7,4+,9.0E+06,1.71uL/min,val,val/good/cell_type_HPMEC/4+_days/230320_89.png
230320_90,230320,90,HPMEC,1,,7,4+,9.0E+06,1.71uL/min,val,val/good/cell_type_HPMEC/4+_days/230320_90.png
230320_91,230320,91,HPMEC,1,,7,4+,9.0E+06,1.71uL/min,val,val/good/cell_type_HPMEC/4+_days/230320_91.png
230320_92,230320,92,HPMEC,1,,7,4+,9.0E+06,1.71uL/min,train,train/good/cell_type_HPMEC/4+_days/230320_92.png
230320_93,230320,93,HPMEC,1,,7,4+,9.0E+06,1.71uL/min,val,val/good/cell_type_HPMEC/4+_days/230320_93.png
230320_94,230320,94,HPMEC,1,,7,4+,9.0E+06,1.71uL/min,train,train/good/cell_type_HPMEC/4+_days/230320_94.png
230320_95,230320,95,HPMEC,1,,7,4+,9.0E+06,1.71uL/min,train,train/good/cell_type_HPMEC/4+_days/230320_95.png
230320_96,230320,96,HPMEC,1,,7,4+,9.0E+06,1.71uL/min,train,train/good/cell_type_HPMEC/4+_days/230320_96.png
230320_97,230320,97,HPMEC,1,,7,4+,9.0E+06,1.71uL/min,train,train/good/cell_type_HPMEC/4+_days/230320_97.png
230320_98,230320,98,HPMEC,1,,7,4+,9.0E+06,1.71uL/min,val,val/good/cell_type_HPMEC/4+_days/230320_98.png
230320_99,230320,99,HPMEC,0,,7,4+,9.0E+06,1.71uL/min,val,val/bad/cell_type_HPMEC/4+_days/230320_99.png
230320_100,230320,100,HPMEC,1,,7,4+,9.0E+06,1.71uL/min,test,test/good/cell_type_HPMEC/4+_days/230320_100.png
230320_101,230320,101,HPMEC,1,,7,4+,9.0E+06,1.71uL/min,train,train/good/cell_type_HPMEC/4+_days/230320_101.png
230320_102,230320,102,HPMEC,1,,7,4+,9.0E+06,1.71uL/min,test,test/good/cell_type_HPMEC/4+_days/230320_102.png
230320_103,230320,103,HPMEC,1,,7,4+,9.0E+06,1.71uL/min,train,train/good/cell_type_HPMEC/4+_days/230320_103.png
230320_104,230320,104,HPMEC,1,,7,4+,9.0E+06,1.71uL/min,test,test/good/cell_type_HPMEC/4+_days/230320_104.png
230320_105,230320,105,HPMEC,1,,7,4+,9.0E+06,1.71uL/min,train,train/good/cell_type_HPMEC/4+_days/230320_105.png
230320_106,230320,106,HPMEC,1,,7,4+,9.0E+06,1.71uL/min,train,train/good/cell_type_HPMEC/4+_days/230320_106.png
230320_107,230320,107,HPMEC,1,,7,4+,9.0E+06,1.71uL/min,train,train/good/cell_type_HPMEC/4+_days/230320_107.png
230320_108,230320,108,HPMEC,1,,7,4+,9.0E+06,1.71uL/min,train,train/good/cell_type_HPMEC/4+_days/230320_108.png
230320_109,230320,109,HPMEC,1,,7,4+,9.0E+06,1.71uL/min,train,train/good/cell_type_HPMEC/4+_days/230320_109.png
230320_110,230320,110,HPMEC,1,,7,4+,9.0E+06,1.71uL/min,train,train/good/cell_type_HPMEC/4+_days/230320_110.png
230320_111,230320,111,HPMEC,1,,7,4+,9.0E+06,1.71uL/min,train,train/good/cell_type_HPMEC/4+_days/230320_111.png
230320_112,230320,112,HPMEC,1,,7,4+,9.0E+06,1.71uL/min,val,val/good/cell_type_HPMEC/4+_days/230320_112.png
230320_113,230320,113,HPMEC,1,,7,4+,9.0E+06,1.71uL/min,train,train/good/cell_type_HPMEC/4+_days/230320_113.png
230320_114,230320,114,HPMEC,1,,7,4+,9.0E+06,1.71uL/min,test,test/good/cell_type_HPMEC/4+_days/230320_114.png
230320_115,230320,115,HPMEC,1,,7,4+,9.0E+06,1.71uL/min,train,train/good/cell_type_HPMEC/4+_days/230320_115.png
230320_116,230320,116,HPMEC,1,,7,4+,9.0E+06,1.71uL/min,train,train/good/cell_type_HPMEC/4+_days/230320_116.png
230320_117,230320,117,HPMEC,1,,7,4+,9.0E+06,1.71uL/min,train,train/good/cell_type_HPMEC/4+_days/230320_117.png
230320_118,230320,118,HPMEC,1,,7,4+,9.0E+06,1.71uL/min,test,test/good/cell_type_HPMEC/4+_days/230320_118.png
230320_119,230320,119,HPMEC,1,,7,4+,9.0E+06,1.71uL/min,train,train/good/cell_type_HPMEC/4+_days/230320_119.png
230320_120,230320,120,HPMEC,1,,7,4+,9.0E+06,1.71uL/min,test,test/good/cell_type_HPMEC/4+_days/230320_120.png
230320_121,230320,121,HPMEC,1,,7,4+,9.0E+06,1.71uL/min,train,train/good/cell_type_HPMEC/4+_days/230320_121.png
230320_122,230320,122,HPMEC,1,,7,4+,9.0E+06,1.71uL/min,train,train/good/cell_type_HPMEC/4+_days/230320_122.png
230320_123,230320,123,HPMEC,1,,7,4+,9.0E+06,1.71uL/min,train,train/good/cell_type_HPMEC/4+_days/230320_123.png
230320_124,230320,124,HPMEC,1,,7,4+,9.0E+06,1.71uL/min,test,test/good/cell_type_HPMEC/4+_days/230320_124.png
230320_125,230320,125,HPMEC,0,,7,4+,9.0E+06,1.71uL/min,train,train/bad/cell_type_HPMEC/4+_days/230320_125.png
230320_126,230320,126,HPMEC,0,,7,4+,9.0E+06,1.71uL/min,train,train/bad/cell_type_HPMEC/4+_days/230320_126.png
230320_127,230320,127,HPMEC,0,,7,4+,9.0E+06,1.71uL/min,train,train/bad/cell_type_HPMEC/4+_days/230320_127.png
230320_128,230320,128,HPMEC,0,,7,4+,9.0E+06,1.71uL/min,train,train/bad/cell_type_HPMEC/4+_days/230320_128.png
230320_129,230320,129,HPMEC,0,,7,4+,9.0E+06,1.71uL/min,test,test/bad/cell_type_HPMEC/4+_days/230320_129.png
230320_130,230320,130,HPMEC,0,,7,4+,9.0E+06,1.71uL/min,train,train/bad/cell_type_HPMEC/4+_days/230320_130.png
230320_131,230320,131,HPMEC,0,,7,4+,9.0E+06,1.71uL/min,train,train/bad/cell_type_HPMEC/4+_days/230320_131.png
230320_132,230320,132,HPMEC,0,,7,4+,9.0E+06,1.71uL/min,train,train/bad/cell_type_HPMEC/4+_days/230320_132.png
230320_133,230320,133,HPMEC,0,,7,4+,9.0E+06,1.71uL/min,test,test/bad/cell_type_HPMEC/4+_days/230320_133.png
230320_134,230320,134,NHBE,1,,5,4+,2.0E+06,2uL/min,train,train/good/cell_type_NHBE/4+_days/230320_134.png
230320_135,230320,135,NHBE,1,,5,4+,2.0E+06,2uL/min,train,train/good/cell_type_NHBE/4+_days/230320_135.png
230320_136,230320,136,NHBE,1,,5,4+,2.0E+06,2uL/min,train,train/good/cell_type_NHBE/4+_days/230320_136.png
230320_137,230320,137,NHBE,1,,5,4+,2.0E+06,2uL/min,test,test/good/cell_type_NHBE/4+_days/230320_137.png
230320_138,230320,138,NHBE,1,,5,4+,2.0E+06,2uL/min,test,test/good/cell_type_NHBE/4+_days/230320_138.png
230320_139,230320,139,NHBE,1,,5,4+,2.0E+06,2uL/min,train,train/good/cell_type_NHBE/4+_days/230320_139.png
230320_140,230320,140,NHBE,1,,5,4+,2.0E+06,2uL/min,train,train/good/cell_type_NHBE/4+_days/230320_140.png
230320_141,230320,141,NHBE,1,,5,4+,2.0E+06,2uL/min,val,val/good/cell_type_NHBE/4+_days/230320_141.png
230320_142,230320,142,NHBE,1,,5,4+,2.0E+06,2uL/min,train,train/good/cell_type_NHBE/4+_days/230320_142.png
230320_143,230320,143,NHBE,1,,5,4+,2.0E+06,2uL/min,train,train/good/cell_type_NHBE/4+_days/230320_143.png
230320_144,230320,144,NHBE,1,,5,4+,2.0E+06,2uL/min,train,train/good/cell_type_NHBE/4+_days/230320_144.png
230320_145,230320,145,NHBE,1,,5,4+,2.0E+06,2uL/min,train,train/good/cell_type_NHBE/4+_days/230320_145.png
230320_146,230320,146,NHBE,1,,5,4+,2.0E+06,2uL/min,test,test/good/cell_type_NHBE/4+_days/230320_146.png
230320_147,230320,147,NHBE,1,,5,4+,2.0E+06,2uL/min,test,test/good/cell_type_NHBE/4+_days/230320_147.png
230320_148,230320,148,NHBE,1,,5,4+,2.0E+06,2uL/min,train,train/good/cell_type_NHBE/4+_days/230320_148.png
230320_149,230320,149,NHBE,1,,5,4+,2.0E+06,2uL/min,train,train/good/cell_type_NHBE/4+_days/230320_149.png
230320_150,230320,150,NHBE,1,,5,4+,2.0E+06,2uL/min,train,train/good/cell_type_NHBE/4+_days/230320_150.png
230320_151,230320,151,NHBE,1,,5,4+,2.0E+06,2uL/min,train,train/good/cell_type_NHBE/4+_days/230320_151.png
230320_152,230320,152,NHBE,1,,5,4+,2.0E+06,2uL/min,train,train/good/cell_type_NHBE/4+_days/230320_152.png
230320_153,230320,153,NHBE,1,,5,4+,2.0E+06,2uL/min,train,train/good/cell_type_NHBE/4+_days/230320_153.png
230320_154,230320,154,NHBE,1,,5,4+,2.0E+06,2uL/min,train,train/good/cell_type_NHBE/4+_days/230320_154.png
230320_155,230320,155,NHBE,1,,5,4+,2.0E+06,2uL/min,train,train/good/cell_type_NHBE/4+_days/230320_155.png
230320_156,230320,156,NHBE,1,,5,4+,2.0E+06,2uL/min,test,test/good/cell_type_NHBE/4+_days/230320_156.png
230320_157,230320,157,NHBE,1,,5,4+,2.0E+06,2uL/min,train,train/good/cell_type_NHBE/4+_days/230320_157.png
230320_158,230320,158,NHBE,1,,5,4+,2.0E+06,2uL/min,train,train/good/cell_type_NHBE/4+_days/230320_158.png
230320_159,230320,159,NHBE,1,,5,4+,2.0E+06,2uL/min,train,train/good/cell_type_NHBE/4+_days/230320_159.png
230320_160,230320,160,NHBE,1,,5,4+,2.0E+06,2uL/min,train,train/good/cell_type_NHBE/4+_days/230320_160.png
230320_161,230320,161,NHBE,1,,5,4+,2.0E+06,2uL/min,val,val/good/cell_type_NHBE/4+_days/230320_161.png
230320_162,230320,162,NHBE,1,,5,4+,2.0E+06,2uL/min,test,test/good/cell_type_NHBE/4+_days/230320_162.png
230320_163,230320,163,NHBE,1,,5,4+,2.0E+06,2uL/min,train,train/good/cell_type_NHBE/4+_days/230320_163.png
230320_164,230320,164,NHBE,1,,5,4+,2.0E+06,2uL/min,train,train/good/cell_type_NHBE/4+_days/230320_164.png
230320_165,230320,165,NHBE,1,,5,4+,2.0E+06,2uL/min,train,train/good/cell_type_NHBE/4+_days/230320_165.png
230320_166,230320,166,HPMEC,0,,7,4+,9.0E+06,1.71uL/min,test,test/bad/cell_type_HPMEC/4+_days/230320_166.png
230320_167,230320,167,HPMEC,0,,7,4+,9.0E+06,1.71uL/min,test,test/bad/cell_type_HPMEC/4+_days/230320_167.png
230320_168,230320,168,HPMEC,0,,7,4+,9.0E+06,1.71uL/min,test,test/bad/cell_type_HPMEC/4+_days/230320_168.png
230320_169,230320,169,HPMEC,0,,7,4+,9.0E+06,1.71uL/min,train,train/bad/cell_type_HPMEC/4+_days/230320_169.png
230320_170,230320,170,HPMEC,0,,7,4+,9.0E+06,1.71uL/min,train,train/bad/cell_type_HPMEC/4+_days/230320_170.png
230320_171,230320,171,HPMEC,0,,7,4+,9.0E+06,1.71uL/min,test,test/bad/cell_type_HPMEC/4+_days/230320_171.png
230320_172,230320,172,HPMEC,0,,7,4+,9.0E+06,1.71uL/min,test,test/bad/cell_type_HPMEC/4+_days/230320_172.png
230320_173,230320,173,HPMEC,0,,7,4+,9.0E+06,1.71uL/min,train,train/bad/cell_type_HPMEC/4+_days/230320_173.png
230320_174,230320,174,HPMEC,0,,7,4+,9.0E+06,1.71uL/min,train,train/bad/cell_type_HPMEC/4+_days/230320_174.png
230320_175,230320,175,HPMEC,0,,7,4+,9.0E+06,1.71uL/min,test,test/bad/cell_type_HPMEC/4+_days/230320_175.png
230320_176,230320,176,HPMEC,0,,7,4+,9.0E+06,1.71uL/min,train,train/bad/cell_type_HPMEC/4+_days/230320_176.png
230320_177,230320,177,HPMEC,0,,7,4+,9.0E+06,1.71uL/min,train,train/bad/cell_type_HPMEC/4+_days/230320_177.png
230320_178,230320,178,HPMEC,0,,7,4+,9.0E+06,1.71uL/min,train,train/bad/cell_type_HPMEC/4+_days/230320_178.png
230320_179,230320,179,HPMEC,0,,7,4+,9.0E+06,1.71uL/min,train,train/bad/cell_type_HPMEC/4+_days/230320_179.png
230320_180,230320,180,HPMEC,0,,7,4+,9.0E+06,1.71uL/min,train,train/bad/cell_type_HPMEC/4+_days/230320_180.png
230320_181,230320,181,HPMEC,0,,7,4+,9.0E+06,1.71uL/min,test,test/bad/cell_type_HPMEC/4+_days/230320_181.png
230320_182,230320,182,HPMEC,0,,7,4+,9.0E+06,1.71uL/min,train,train/bad/cell_type_HPMEC/4+_days/230320_182.png
230320_183,230320,183,HPMEC,0,,7,4+,9.0E+06,1.71uL/min,train,train/bad/cell_type_HPMEC/4+_days/230320_183.png
230320_184,230320,184,HPMEC,0,,7,4+,9.0E+06,1.71uL/min,train,train/bad/cell_type_HPMEC/4+_days/230320_184.png
230320_185,230320,185,HPMEC,1,,7,4+,9.0E+06,1.71uL/min,val,val/good/cell_type_HPMEC/4+_days/230320_185.png
230320_186,230320,186,HPMEC,1,,7,4+,9.0E+06,1.71uL/min,train,train/good/cell_type_HPMEC/4+_days/230320_186.png
230320_187,230320,187,HPMEC,1,,7,4+,9.0E+06,1.71uL/min,train,train/good/cell_type_HPMEC/4+_days/230320_187.png
230320_188,230320,188,HPMEC,1,,7,4+,9.0E+06,1.71uL/min,train,train/good/cell_type_HPMEC/4+_days/230320_188.png
230320_189,230320,189,HPMEC,1,,7,4+,9.0E+06,1.71uL/min,train,train/good/cell_type_HPMEC/4+_days/230320_189.png
230320_190,230320,190,HPMEC,1,,7,4+,9.0E+06,1.71uL/min,train,train/good/cell_type_HPMEC/4+_days/230320_190.png
230320_191,230320,191,HPMEC,1,,7,4+,9.0E+06,1.71uL/min,train,train/good/cell_type_HPMEC/4+_days/230320_191.png
230320_192,230320,192,HPMEC,1,,7,4+,9.0E+06,1.71uL/min,train,train/good/cell_type_HPMEC/4+_days/230320_192.png
230320_193,230320,193,HPMEC,1,,7,4+,9.0E+06,1.71uL/min,val,val/good/cell_type_HPMEC/4+_days/230320_193.png
230320_194,230320,194,HPMEC,1,,7,4+,9.0E+06,1.71uL/min,train,train/good/cell_type_HPMEC/4+_days/230320_194.png
230320_195,230320,195,HPMEC,1,,7,4+,9.0E+06,1.71uL/min,train,train/good/cell_type_HPMEC/4+_days/230320_195.png
230320_196,230320,196,HPMEC,1,,7,4+,9.0E+06,1.71uL/min,train,train/good/cell_type_HPMEC/4+_days/230320_196.png
230320_197,230320,197,HPMEC,1,,7,4+,9.0E+06,1.71uL/min,train,train/good/cell_type_HPMEC/4+_days/230320_197.png
230320_198,230320,198,HPMEC,1,,7,4+,9.0E+06,1.71uL/min,test,test/good/cell_type_HPMEC/4+_days/230320_198.png
230320_199,230320,199,HPMEC,1,,7,4+,9.0E+06,1.71uL/min,val,val/good/cell_type_HPMEC/4+_days/230320_199.png
230320_200,230320,200,HPMEC,1,,7,4+,9.0E+06,1.71uL/min,test,test/good/cell_type_HPMEC/4+_days/230320_200.png
230320_201,230320,201,HPMEC,0,,7,4+,9.0E+06,1.71uL/min,train,train/bad/cell_type_HPMEC/4+_days/230320_201.png
230320_202,230320,202,NHBE,0,,5,4+,2.0E+06,2uL/min,train,train/bad/cell_type_NHBE/4+_days/230320_202.png
230320_203,230320,203,NHBE,0,,5,4+,2.0E+06,2uL/min,train,train/bad/cell_type_NHBE/4+_days/230320_203.png
230320_204,230320,204,NHBE,0,,5,4+,2.0E+06,2uL/min,test,test/bad/cell_type_NHBE/4+_days/230320_204.png
230320_205,230320,205,NHBE,1,,5,4+,2.0E+06,2uL/min,val,val/good/cell_type_NHBE/4+_days/230320_205.png
230320_206,230320,206,NHBE,1,,5,4+,2.0E+06,2uL/min,train,train/good/cell_type_NHBE/4+_days/230320_206.png
230320_207,230320,207,NHBE,1,,5,4+,2.0E+06,2uL/min,test,test/good/cell_type_NHBE/4+_days/230320_207.png
230320_208,230320,208,NHBE,1,,5,4+,2.0E+06,2uL/min,train,train/good/cell_type_NHBE/4+_days/230320_208.png
230320_209,230320,209,NHBE,1,,5,4+,2.0E+06,2uL/min,train,train/good/cell_type_NHBE/4+_days/230320_209.png
230320_210,230320,210,NHBE,1,,5,4+,2.0E+06,2uL/min,train,train/good/cell_type_NHBE/4+_days/230320_210.png
230320_211,230320,211,NHBE,0,,5,4+,2.0E+06,2uL/min,val,val/bad/cell_type_NHBE/4+_days/230320_211.png
230320_212,230320,212,NHBE,0,,5,4+,2.0E+06,2uL/min,test,test/bad/cell_type_NHBE/4+_days/230320_212.png
230320_213,230320,213,NHBE,0,,5,4+,2.0E+06,2uL/min,train,train/bad/cell_type_NHBE/4+_days/230320_213.png
230320_214,230320,214,NHBE,1,,5,4+,2.0E+06,2uL/min,train,train/good/cell_type_NHBE/4+_days/230320_214.png
230320_215,230320,215,NHBE,1,,5,4+,2.0E+06,2uL/min,val,val/good/cell_type_NHBE/4+_days/230320_215.png
230320_216,230320,216,NHBE,1,,5,4+,2.0E+06,2uL/min,train,train/good/cell_type_NHBE/4+_days/230320_216.png
230320_217,230320,217,NHBE,1,,5,4+,2.0E+06,2uL/min,test,test/good/cell_type_NHBE/4+_days/230320_217.png
230320_218,230320,218,NHBE,1,,5,4+,2.0E+06,2uL/min,train,train/good/cell_type_NHBE/4+_days/230320_218.png
230320_219,230320,219,NHBE,1,,5,4+,2.0E+06,2uL/min,test,test/good/cell_type_NHBE/4+_days/230320_219.png
230320_220,230320,220,NHBE,1,,5,4+,2.0E+06,2uL/min,test,test/good/cell_type_NHBE/4+_days/230320_220.png
230320_221,230320,221,NHBE,1,,5,4+,2.0E+06,2uL/min,train,train/good/cell_type_NHBE/4+_days/230320_221.png
230320_222,230320,222,NHBE,1,,5,4+,2.0E+06,2uL/min,train,train/good/cell_type_NHBE/4+_days/230320_222.png
230320_223,230320,223,NHBE,1,,5,4+,2.0E+06,2uL/min,val,val/good/cell_type_NHBE/4+_days/230320_223.png
230320_224,230320,224,NHBE,1,,5,4+,2.0E+06,2uL/min,train,train/good/cell_type_NHBE/4+_days/230320_224.png
230320_225,230320,225,NHBE,1,,5,4+,2.0E+06,2uL/min,train,train/good/cell_type_NHBE/4+_days/230320_225.png
230320_226,230320,226,NHBE,1,,5,4+,2.0E+06,2uL/min,test,test/good/cell_type_NHBE/4+_days/230320_226.png
230320_227,230320,227,NHBE,1,,5,4+,2.0E+06,2uL/min,train,train/good/cell_type_NHBE/4+_days/230320_227.png
230320_228,230320,228,NHBE,1,,5,4+,2.0E+06,2uL/min,train,train/good/cell_type_NHBE/4+_days/230320_228.png
230320_229,230320,229,NHBE,1,,5,4+,2.0E+06,2uL/min,test,test/good/cell_type_NHBE/4+_days/230320_229.png
230321_1,230321,1,A549,1,,6,4+,1.00E+06,2ul/min,test,test/good/cell_type_A549/4+_days/230321_1.png
230321_2,230321,2,A549,1,,6,4+,1.00E+06,2ul/min,train,train/good/cell_type_A549/4+_days/230321_2.png
230321_3,230321,3,A549,1,,6,4+,1.00E+06,2ul/min,val,val/good/cell_type_A549/4+_days/230321_3.png
230321_4,230321,4,A549,1,,6,4+,1.00E+06,2ul/min,test,test/good/cell_type_A549/4+_days/230321_4.png
230321_5,230321,5,A549,1,,6,4+,1.00E+06,2ul/min,train,train/good/cell_type_A549/4+_days/230321_5.png
230321_6,230321,6,A549,1,,6,4+,1.00E+06,2ul/min,train,train/good/cell_type_A549/4+_days/230321_6.png
230321_7,230321,7,A549,1,,6,4+,1.00E+06,2ul/min,train,train/good/cell_type_A549/4+_days/230321_7.png
230321_8,230321,8,A549,1,,6,4+,1.00E+06,2ul/min,test,test/good/cell_type_A549/4+_days/230321_8.png
230321_9,230321,9,HPMEC,1,,6,4+,9.00E+06,1.66uL/min,train,train/good/cell_type_HPMEC/4+_days/230321_9.png
230321_10,230321,10,HPMEC,1,,6,4+,9.00E+06,1.66uL/min,train,train/good/cell_type_HPMEC/4+_days/230321_10.png
230321_11,230321,11,HPMEC,1,,6,4+,9.00E+06,1.66uL/min,train,train/good/cell_type_HPMEC/4+_days/230321_11.png
230321_12,230321,12,HPMEC,1,,6,4+,9.00E+06,1.66uL/min,test,test/good/cell_type_HPMEC/4+_days/230321_12.png
230321_13,230321,13,HPMEC,1,,6,4+,9.00E+06,1.66uL/min,test,test/good/cell_type_HPMEC/4+_days/230321_13.png
230321_14,230321,14,HPMEC,1,,6,4+,9.00E+06,1.66uL/min,test,test/good/cell_type_HPMEC/4+_days/230321_14.png
230321_15,230321,15,HPMEC,1,,6,4+,9.00E+06,1.66uL/min,train,train/good/cell_type_HPMEC/4+_days/230321_15.png
230321_16,230321,16,HPMEC,1,,6,4+,9.00E+06,1.66uL/min,train,train/good/cell_type_HPMEC/4+_days/230321_16.png
230328_1,230328,1,CACO,1,0.0,1,0-1,2.00E+06,2uL/min,train,train/good/cell_type_CACO/0-1_days/230328_1.png
230328_2,230328,2,CACO,1,0.0,1,0-1,2.00E+06,2uL/min,train,train/good/cell_type_CACO/0-1_days/230328_2.png
230328_3,230328,3,CACO,1,0.0,1,0-1,2.00E+06,2uL/min,test,test/good/cell_type_CACO/0-1_days/230328_3.png
230328_4,230328,4,CACO,1,0.0,1,0-1,2.00E+06,2uL/min,test,test/good/cell_type_CACO/0-1_days/230328_4.png
230328_5,230328,5,CACO,1,0.0,1,0-1,2.00E+06,2uL/min,train,train/good/cell_type_CACO/0-1_days/230328_5.png
230328_6,230328,6,CACO,1,0.0,1,0-1,2.00E+06,2uL/min,train,train/good/cell_type_CACO/0-1_days/230328_6.png
230328_7,230328,7,CACO,1,0.0,1,0-1,2.00E+06,2uL/min,train,train/good/cell_type_CACO/0-1_days/230328_7.png
230328_8,230328,8,CACO,1,0.0,1,0-1,2.00E+06,2uL/min,train,train/good/cell_type_CACO/0-1_days/230328_8.png
230328_9,230328,9,CACO,1,0.0,1,0-1,2.00E+06,2uL/min,train,train/good/cell_type_CACO/0-1_days/230328_9.png
230328_10,230328,10,CACO,1,0.0,1,0-1,2.00E+06,2uL/min,train,train/good/cell_type_CACO/0-1_days/230328_10.png
230328_11,230328,11,CACO,1,0.0,1,0-1,2.00E+06,2uL/min,test,test/good/cell_type_CACO/0-1_days/230328_11.png
230328_12,230328,12,CACO,1,0.0,1,0-1,2.00E+06,2uL/min,test,test/good/cell_type_CACO/0-1_days/230328_12.png
230328_13,230328,13,CACO,1,2.0,1,0-1,2.00E+06,2uL/min,test,test/good/cell_type_CACO/0-1_days/230328_13.png
230328_14,230328,14,CACO,1,2.0,1,0-1,2.00E+06,2uL/min,train,train/good/cell_type_CACO/0-1_days/230328_14.png
230328_15,230328,15,CACO,1,2.0,1,0-1,2.00E+06,2uL/min,train,train/good/cell_type_CACO/0-1_days/230328_15.png
230328_16,230328,16,CACO,1,2.0,1,0-1,2.00E+06,2uL/min,train,train/good/cell_type_CACO/0-1_days/230328_16.png
230328_17,230328,17,CACO,1,2.0,1,0-1,2.00E+06,2uL/min,train,train/good/cell_type_CACO/0-1_days/230328_17.png
230328_18,230328,18,CACO,1,2.0,1,0-1,2.00E+06,2uL/min,val,val/good/cell_type_CACO/0-1_days/230328_18.png
230328_19,230328,19,CACO,1,2.0,1,0-1,2.00E+06,2uL/min,train,train/good/cell_type_CACO/0-1_days/230328_19.png
230328_20,230328,20,CACO,1,2.0,1,0-1,2.00E+06,2uL/min,val,val/good/cell_type_CACO/0-1_days/230328_20.png
230328_21,230328,21,CACO,1,2.0,1,0-1,2.00E+06,2uL/min,val,val/good/cell_type_CACO/0-1_days/230328_21.png
230328_22,230328,22,CACO,1,2.0,1,0-1,2.00E+06,2uL/min,train,train/good/cell_type_CACO/0-1_days/230328_22.png
230328_23,230328,23,CACO,1,2.0,1,0-1,2.00E+06,2uL/min,train,train/good/cell_type_CACO/0-1_days/230328_23.png
230328_24,230328,24,CACO,1,2.0,1,0-1,2.00E+06,2uL/min,train,train/good/cell_type_CACO/0-1_days/230328_24.png
230329_1,230329,1,CACO,1,,2,2-3,2.00E+06,2uL/min,train,train/good/cell_type_CACO/2-3_days/230329_1.png
230329_2,230329,2,CACO,1,,2,2-3,2.00E+06,2uL/min,train,train/good/cell_type_CACO/2-3_days/230329_2.png
230329_3,230329,3,CACO,1,,2,2-3,2.00E+06,2uL/min,train,train/good/cell_type_CACO/2-3_days/230329_3.png
230329_4,230329,4,CACO,1,,2,2-3,2.00E+06,2uL/min,train,train/good/cell_type_CACO/2-3_days/230329_4.png
230329_5,230329,5,CACO,1,,2,2-3,2.00E+06,2uL/min,train,train/good/cell_type_CACO/2-3_days/230329_5.png
230329_6,230329,6,CACO,1,,2,2-3,2.00E+06,2uL/min,test,test/good/cell_type_CACO/2-3_days/230329_6.png
230329_7,230329,7,CACO,1,,2,2-3,2.00E+06,2uL/min,train,train/good/cell_type_CACO/2-3_days/230329_7.png
230329_8,230329,8,CACO,1,,2,2-3,2.00E+06,2uL/min,train,train/good/cell_type_CACO/2-3_days/230329_8.png
230329_9,230329,9,CACO,1,,2,2-3,2.00E+06,2uL/min,train,train/good/cell_type_CACO/2-3_days/230329_9.png
230329_10,230329,10,CACO,1,,2,2-3,2.00E+06,2uL/min,train,train/good/cell_type_CACO/2-3_days/230329_10.png
230329_11,230329,11,CACO,0,,2,2-3,2.00E+06,2uL/min,val,val/bad/cell_type_CACO/2-3_days/230329_11.png
230329_12,230329,12,CACO,0,,2,2-3,2.00E+06,2uL/min,train,train/bad/cell_type_CACO/2-3_days/230329_12.png
230403_1,230403,1,CACO,0,,7,4+,2.00E+06,2uL/min,test,test/bad/cell_type_CACO/4+_days/230403_1.png
230403_2,230403,2,CACO,0,,7,4+,2.00E+06,2uL/min,train,train/bad/cell_type_CACO/4+_days/230403_2.png
230403_3,230403,3,CACO,1,,7,4+,2.00E+06,2uL/min,train,train/good/cell_type_CACO/4+_days/230403_3.png
230403_4,230403,4,CACO,0,,7,4+,2.00E+06,2uL/min,test,test/bad/cell_type_CACO/4+_days/230403_4.png
230403_5,230403,5,CACO,0,,7,4+,2.00E+06,2uL/min,train,train/bad/cell_type_CACO/4+_days/230403_5.png
230403_6,230403,6,CACO,0,,7,4+,2.00E+06,2uL/min,test,test/bad/cell_type_CACO/4+_days/230403_6.png
230403_7,230403,7,CACO,1,,7,4+,2.00E+06,2uL/min,train,train/good/cell_type_CACO/4+_days/230403_7.png
230403_8,230403,8,CACO,0,,7,4+,2.00E+06,2uL/min,train,train/bad/cell_type_CACO/4+_days/230403_8.png
230403_9,230403,9,CACO,1,,7,4+,2.00E+06,2uL/min,train,train/good/cell_type_CACO/4+_days/230403_9.png
230403_10,230403,10,CACO,0,,7,4+,2.00E+06,2uL/min,train,train/bad/cell_type_CACO/4+_days/230403_10.png
230403_11,230403,11,CACO,0,,7,4+,2.00E+06,2uL/min,train,train/bad/cell_type_CACO/4+_days/230403_11.png
230403_12,230403,12,CACO,0,,7,4+,2.00E+06,2uL/min,test,test/bad/cell_type_CACO/4+_days/230403_12.png
230405_1,230405,1,CACO,0,,9,4+,2.00E+06,2uL/min,train,train/bad/cell_type_CACO/4+_days/230405_1.png
230405_2,230405,2,CACO,0,,9,4+,2.00E+06,2uL/min,train,train/bad/cell_type_CACO/4+_days/230405_2.png
230405_3,230405,3,CACO,0,,9,4+,2.00E+06,2uL/min,val,val/bad/cell_type_CACO/4+_days/230405_3.png
230405_4,230405,4,CACO,0,,9,4+,2.00E+06,2uL/min,train,train/bad/cell_type_CACO/4+_days/230405_4.png
230405_5,230405,5,CACO,0,,9,4+,2.00E+06,2uL/min,train,train/bad/cell_type_CACO/4+_days/230405_5.png
230405_6,230405,6,CACO,0,,9,4+,2.00E+06,2uL/min,train,train/bad/cell_type_CACO/4+_days/230405_6.png
230405_7,230405,7,CACO,0,,9,4+,2.00E+06,2uL/min,train,train/bad/cell_type_CACO/4+_days/230405_7.png
230405_8,230405,8,CACO,0,,9,4+,2.00E+06,2uL/min,train,train/bad/cell_type_CACO/4+_days/230405_8.png
230405_9,230405,9,CACO,0,,9,4+,2.00E+06,2uL/min,test,test/bad/cell_type_CACO/4+_days/230405_9.png
230405_10,230405,10,CACO,0,,9,4+,2.00E+06,2uL/min,train,train/bad/cell_type_CACO/4+_days/230405_10.png
230405_11,230405,11,CACO,0,,9,4+,2.00E+06,2uL/min,train,train/bad/cell_type_CACO/4+_days/230405_11.png
230405_12,230405,12,CACO,0,,9,4+,2.00E+06,2uL/min,train,train/bad/cell_type_CACO/4+_days/230405_12.png
230405_13,230405,13,CACO,0,,9,4+,2.00E+06,2uL/min,train,train/bad/cell_type_CACO/4+_days/230405_13.png
230405_14,230405,14,CACO,0,,9,4+,2.00E+06,2uL/min,train,train/bad/cell_type_CACO/4+_days/230405_14.png
230405_15,230405,15,CACO,0,,9,4+,2.00E+06,2uL/min,train,train/bad/cell_type_CACO/4+_days/230405_15.png
230405_16,230405,16,CACO,0,,9,4+,2.00E+06,2uL/min,test,test/bad/cell_type_CACO/4+_days/230405_16.png
230405_17,230405,17,CACO,0,,9,4+,2.00E+06,2uL/min,train,train/bad/cell_type_CACO/4+_days/230405_17.png
230405_18,230405,18,CACO,0,,9,4+,2.00E+06,2uL/min,train,train/bad/cell_type_CACO/4+_days/230405_18.png
230405_19,230405,19,CACO,0,,9,4+,2.00E+06,2uL/min,train,train/bad/cell_type_CACO/4+_days/230405_19.png
230405_20,230405,20,CACO,0,,9,4+,2.00E+06,2uL/min,train,train/bad/cell_type_CACO/4+_days/230405_20.png
230405_21,230405,21,CACO,0,,9,4+,2.00E+06,2uL/min,test,test/bad/cell_type_CACO/4+_days/230405_21.png
230405_22,230405,22,CACO,0,,9,4+,2.00E+06,2uL/min,val,val/bad/cell_type_CACO/4+_days/230405_22.png
230405_23,230405,23,CACO,0,,9,4+,2.00E+06,2uL/min,train,train/bad/cell_type_CACO/4+_days/230405_23.png
230405_24,230405,24,CACO,0,,9,4+,2.00E+06,2uL/min,train,train/bad/cell_type_CACO/4+_days/230405_24.png
230405_25,230405,25,CACO,0,,9,4+,2.00E+06,2uL/min,test,test/bad/cell_type_CACO/4+_days/230405_25.png
230405_26,230405,26,CACO,0,,9,4+,2.00E+06,2uL/min,train,train/bad/cell_type_CACO/4+_days/230405_26.png
230405_27,230405,27,CACO,0,,9,4+,2.00E+06,2uL/min,test,test/bad/cell_type_CACO/4+_days/230405_27.png
230405_28,230405,28,CACO,0,,9,4+,2.00E+06,2uL/min,test,test/bad/cell_type_CACO/4+_days/230405_28.png
230405_29,230405,29,CACO,0,,9,4+,2.00E+06,2uL/min,train,train/bad/cell_type_CACO/4+_days/230405_29.png
230405_30,230405,30,CACO,0,,9,4+,2.00E+06,2uL/min,train,train/bad/cell_type_CACO/4+_days/230405_30.png
230405_31,230405,31,CACO,0,,9,4+,2.00E+06,2uL/min,test,test/bad/cell_type_CACO/4+_days/230405_31.png
230405_32,230405,32,CACO,0,,9,4+,2.00E+06,2uL/min,test,test/bad/cell_type_CACO/4+_days/230405_32.png
230405_33,230405,33,CACO,0,,9,4+,2.00E+06,2uL/min,train,train/bad/cell_type_CACO/4+_days/230405_33.png
230405_34,230405,34,CACO,0,,9,4+,2.00E+06,2uL/min,train,train/bad/cell_type_CACO/4+_days/230405_34.png
230405_35,230405,35,CACO,0,,9,4+,2.00E+06,2uL/min,train,train/bad/cell_type_CACO/4+_days/230405_35.png
230405_36,230405,36,HUVEC,0,,2,2-3,9.00E+06,1.66uL/min,train,train/bad/cell_type_HUVEC/2-3_days/230405_36.png
230405_37,230405,37,HUVEC,0,,2,2-3,9.00E+06,1.66uL/min,train,train/bad/cell_type_HUVEC/2-3_days/230405_37.png
230405_38,230405,38,HUVEC,0,,2,2-3,9.00E+06,1.66uL/min,train,train/bad/cell_type_HUVEC/2-3_days/230405_38.png
230405_39,230405,39,HUVEC,0,,2,2-3,9.00E+06,1.66uL/min,test,test/bad/cell_type_HUVEC/2-3_days/230405_39.png
230405_40,230405,40,HUVEC,0,,2,2-3,9.00E+06,1.66uL/min,train,train/bad/cell_type_HUVEC/2-3_days/230405_40.png
230405_41,230405,41,HUVEC,0,,2,2-3,9.00E+06,1.66uL/min,train,train/bad/cell_type_HUVEC/2-3_days/230405_41.png
230405_42,230405,42,HUVEC,0,,2,2-3,9.00E+06,1.66uL/min,train,train/bad/cell_type_HUVEC/2-3_days/230405_42.png
230405_43,230405,43,HUVEC,0,,2,2-3,9.00E+06,1.66uL/min,val,val/bad/cell_type_HUVEC/2-3_days/230405_43.png
230405_44,230405,44,HUVEC,0,,2,2-3,9.00E+06,1.66uL/min,train,train/bad/cell_type_HUVEC/2-3_days/230405_44.png
230405_45,230405,45,HUVEC,0,,2,2-3,9.00E+06,1.66uL/min,train,train/bad/cell_type_HUVEC/2-3_days/230405_45.png
230405_46,230405,46,HUVEC,0,,2,2-3,9.00E+06,1.66uL/min,train,train/bad/cell_type_HUVEC/2-3_days/230405_46.png
230405_47,230405,47,HUVEC,0,,2,2-3,9.00E+06,1.66uL/min,test,test/bad/cell_type_HUVEC/2-3_days/230405_47.png
230405_48,230405,48,HUVEC,0,,2,2-3,9.00E+06,1.66uL/min,train,train/bad/cell_type_HUVEC/2-3_days/230405_48.png
230405_49,230405,49,HUVEC,0,,2,2-3,9.00E+06,1.66uL/min,train,train/bad/cell_type_HUVEC/2-3_days/230405_49.png
230405_50,230405,50,HUVEC,0,,2,2-3,9.00E+06,1.66uL/min,train,train/bad/cell_type_HUVEC/2-3_days/230405_50.png
230405_51,230405,51,HUVEC,0,,2,2-3,9.00E+06,1.66uL/min,train,train/bad/cell_type_HUVEC/2-3_days/230405_51.png
230405_52,230405,52,HUVEC,0,,2,2-3,9.00E+06,1.66uL/min,val,val/bad/cell_type_HUVEC/2-3_days/230405_52.png
230405_53,230405,53,HUVEC,0,,2,2-3,9.00E+06,1.66uL/min,train,train/bad/cell_type_HUVEC/2-3_days/230405_53.png
230405_54,230405,54,HUVEC,0,,2,2-3,9.00E+06,1.66uL/min,train,train/bad/cell_type_HUVEC/2-3_days/230405_54.png
230405_55,230405,55,HUVEC,0,,2,2-3,9.00E+06,1.66uL/min,train,train/bad/cell_type_HUVEC/2-3_days/230405_55.png
230405_56,230405,56,HUVEC,0,,2,2-3,9.00E+06,1.66uL/min,train,train/bad/cell_type_HUVEC/2-3_days/230405_56.png
230405_57,230405,57,HUVEC,0,,2,2-3,9.00E+06,1.66uL/min,train,train/bad/cell_type_HUVEC/2-3_days/230405_57.png
230405_58,230405,58,HUVEC,0,,2,2-3,9.00E+06,1.66uL/min,val,val/bad/cell_type_HUVEC/2-3_days/230405_58.png
230405_59,230405,59,HUVEC,0,,2,2-3,9.00E+06,1.66uL/min,train,train/bad/cell_type_HUVEC/2-3_days/230405_59.png
230405_60,230405,60,HUVEC,0,,2,2-3,9.00E+06,1.66uL/min,train,train/bad/cell_type_HUVEC/2-3_days/230405_60.png
230405_61,230405,61,HUVEC,0,,2,2-3,9.00E+06,1.66uL/min,train,train/bad/cell_type_HUVEC/2-3_days/230405_61.png
230405_62,230405,62,HUVEC,0,,2,2-3,9.00E+06,1.66uL/min,train,train/bad/cell_type_HUVEC/2-3_days/230405_62.png
230405_63,230405,63,HUVEC,0,,2,2-3,9.00E+06,1.66uL/min,test,test/bad/cell_type_HUVEC/2-3_days/230405_63.png
230405_64,230405,64,HUVEC,0,,2,2-3,9.00E+06,1.66uL/min,train,train/bad/cell_type_HUVEC/2-3_days/230405_64.png
230405_65,230405,65,HUVEC,0,,2,2-3,9.00E+06,1.66uL/min,test,test/bad/cell_type_HUVEC/2-3_days/230405_65.png
230405_66,230405,66,HUVEC,0,,2,2-3,9.00E+06,1.66uL/min,val,val/bad/cell_type_HUVEC/2-3_days/230405_66.png
230405_67,230405,67,HUVEC,0,,2,2-3,9.00E+06,1.66uL/min,train,train/bad/cell_type_HUVEC/2-3_days/230405_67.png
230405_68,230405,68,HUVEC,0,,2,2-3,9.00E+06,1.66uL/min,train,train/bad/cell_type_HUVEC/2-3_days/230405_68.png
230405_69,230405,69,HUVEC,0,,2,2-3,9.00E+06,1.66uL/min,train,train/bad/cell_type_HUVEC/2-3_days/230405_69.png
230405_70,230405,70,HUVEC,0,,2,2-3,9.00E+06,1.66uL/min,train,train/bad/cell_type_HUVEC/2-3_days/230405_70.png
230405_71,230405,71,HUVEC,0,,2,2-3,9.00E+06,1.66uL/min,test,test/bad/cell_type_HUVEC/2-3_days/230405_71.png
230405_72,230405,72,HUVEC,0,,2,2-3,9.00E+06,1.66uL/min,train,train/bad/cell_type_HUVEC/2-3_days/230405_72.png
230405_73,230405,73,HUVEC,0,,2,2-3,9.00E+06,1.66uL/min,train,train/bad/cell_type_HUVEC/2-3_days/230405_73.png
230405_74,230405,74,HUVEC,0,,2,2-3,9.00E+06,1.66uL/min,test,test/bad/cell_type_HUVEC/2-3_days/230405_74.png
230405_75,230405,75,HUVEC,0,,2,2-3,9.00E+06,1.66uL/min,train,train/bad/cell_type_HUVEC/2-3_days/230405_75.png
230405_76,230405,76,HUVEC,0,,2,2-3,9.00E+06,1.66uL/min,train,train/bad/cell_type_HUVEC/2-3_days/230405_76.png
230405_77,230405,77,HUVEC,0,,2,2-3,9.00E+06,1.66uL/min,train,train/bad/cell_type_HUVEC/2-3_days/230405_77.png
230405_78,230405,78,HUVEC,0,,2,2-3,9.00E+06,1.66uL/min,test,test/bad/cell_type_HUVEC/2-3_days/230405_78.png
230405_79,230405,79,HUVEC,0,,2,2-3,9.00E+06,1.66uL/min,val,val/bad/cell_type_HUVEC/2-3_days/230405_79.png
230405_80,230405,80,HUVEC,0,,2,2-3,9.00E+06,1.66uL/min,test,test/bad/cell_type_HUVEC/2-3_days/230405_80.png
230405_81,230405,81,HUVEC,0,,2,2-3,9.00E+06,1.66uL/min,train,train/bad/cell_type_HUVEC/2-3_days/230405_81.png
230405_82,230405,82,HUVEC,0,,2,2-3,9.00E+06,1.66uL/min,test,test/bad/cell_type_HUVEC/2-3_days/230405_82.png
230405_83,230405,83,HUVEC,0,,2,2-3,9.00E+06,1.66uL/min,train,train/bad/cell_type_HUVEC/2-3_days/230405_83.png
230405_84,230405,84,HUVEC,0,,2,2-3,9.00E+06,1.66uL/min,train,train/bad/cell_type_HUVEC/2-3_days/230405_84.png
230405_85,230405,85,HUVEC,0,,2,2-3,9.00E+06,1.66uL/min,test,test/bad/cell_type_HUVEC/2-3_days/230405_85.png
230405_86,230405,86,HUVEC,0,,2,2-3,9.00E+06,1.66uL/min,test,test/bad/cell_type_HUVEC/2-3_days/230405_86.png
230405_87,230405,87,HUVEC,0,,2,2-3,9.00E+06,1.66uL/min,train,train/bad/cell_type_HUVEC/2-3_days/230405_87.png
230405_88,230405,88,CACO,0,,2,2-3,2.00E+06,2uL/min,train,train/bad/cell_type_CACO/2-3_days/230405_88.png
230405_89,230405,89,CACO,0,,2,2-3,2.00E+06,2uL/min,train,train/bad/cell_type_CACO/2-3_days/230405_89.png
230405_90,230405,90,CACO,0,,2,2-3,2.00E+06,2uL/min,train,train/bad/cell_type_CACO/2-3_days/230405_90.png
230405_91,230405,91,CACO,0,,2,2-3,2.00E+06,2uL/min,train,train/bad/cell_type_CACO/2-3_days/230405_91.png
230405_92,230405,92,CACO,0,,2,2-3,2.00E+06,2uL/min,train,train/bad/cell_type_CACO/2-3_days/230405_92.png
230405_93,230405,93,CACO,0,,2,2-3,2.00E+06,2uL/min,train,train/bad/cell_type_CACO/2-3_days/230405_93.png
230405_94,230405,94,CACO,0,,2,2-3,2.00E+06,2uL/min,train,train/bad/cell_type_CACO/2-3_days/230405_94.png
230405_95,230405,95,CACO,0,,2,2-3,2.00E+06,2uL/min,train,train/bad/cell_type_CACO/2-3_days/230405_95.png
230405_96,230405,96,CACO,0,,2,2-3,2.00E+06,2uL/min,test,test/bad/cell_type_CACO/2-3_days/230405_96.png
230405_97,230405,97,CACO,0,,2,2-3,2.00E+06,2uL/min,train,train/bad/cell_type_CACO/2-3_days/230405_97.png
230405_98,230405,98,CACO,0,,2,2-3,2.00E+06,2uL/min,train,train/bad/cell_type_CACO/2-3_days/230405_98.png
230405_99,230405,99,CACO,0,,2,2-3,2.00E+06,2uL/min,train,train/bad/cell_type_CACO/2-3_days/230405_99.png
230405_100,230405,100,CACO,0,,2,2-3,2.00E+06,2uL/min,train,train/bad/cell_type_CACO/2-3_days/230405_100.png
230405_101,230405,101,CACO,0,,2,2-3,2.00E+06,2uL/min,train,train/bad/cell_type_CACO/2-3_days/230405_101.png
230405_102,230405,102,CACO,0,,2,2-3,2.00E+06,2uL/min,train,train/bad/cell_type_CACO/2-3_days/230405_102.png
230405_103,230405,103,CACO,0,,2,2-3,2.00E+06,2uL/min,test,test/bad/cell_type_CACO/2-3_days/230405_103.png
230405_104,230405,104,CACO,0,,2,2-3,2.00E+06,2uL/min,train,train/bad/cell_type_CACO/2-3_days/230405_104.png
230405_105,230405,105,CACO,0,,2,2-3,2.00E+06,2uL/min,test,test/bad/cell_type_CACO/2-3_days/230405_105.png
230405_106,230405,106,CACO,0,,2,2-3,2.00E+06,2uL/min,train,train/bad/cell_type_CACO/2-3_days/230405_106.png
230405_107,230405,107,CACO,0,,2,2-3,2.00E+06,2uL/min,train,train/bad/cell_type_CACO/2-3_days/230405_107.png
230405_108,230405,108,CACO,0,,2,2-3,2.00E+06,2uL/min,train,train/bad/cell_type_CACO/2-3_days/230405_108.png
230405_109,230405,109,CACO,0,,2,2-3,2.00E+06,2uL/min,test,test/bad/cell_type_CACO/2-3_days/230405_109.png
230405_110,230405,110,CACO,0,,2,2-3,2.00E+06,2uL/min,train,train/bad/cell_type_CACO/2-3_days/230405_110.png
230405_111,230405,111,CACO,0,,2,2-3,2.00E+06,2uL/min,train,train/bad/cell_type_CACO/2-3_days/230405_111.png
230405_112,230405,112,CACO,0,,2,2-3,2.00E+06,2uL/min,train,train/bad/cell_type_CACO/2-3_days/230405_112.png
230405_113,230405,113,CACO,0,,2,2-3,2.00E+06,2uL/min,test,test/bad/cell_type_CACO/2-3_days/230405_113.png
230405_114,230405,114,CACO,0,,2,2-3,2.00E+06,2uL/min,train,train/bad/cell_type_CACO/2-3_days/230405_114.png
230405_115,230405,115,CACO,0,,2,2-3,2.00E+06,2uL/min,train,train/bad/cell_type_CACO/2-3_days/230405_115.png
230405_116,230405,116,CACO,0,,2,2-3,2.00E+06,2uL/min,test,test/bad/cell_type_CACO/2-3_days/230405_116.png
230405_117,230405,117,CACO,0,,2,2-3,2.00E+06,2uL/min,train,train/bad/cell_type_CACO/2-3_days/230405_117.png
230405_118,230405,118,CACO,0,,2,2-3,2.00E+06,2uL/min,train,train/bad/cell_type_CACO/2-3_days/230405_118.png
230405_119,230405,119,CACO,0,,2,2-3,2.00E+06,2uL/min,train,train/bad/cell_type_CACO/2-3_days/230405_119.png
230405_120,230405,120,CACO,0,,2,2-3,2.00E+06,2uL/min,val,val/bad/cell_type_CACO/2-3_days/230405_120.png
230405_121,230405,121,CACO,0,,2,2-3,2.00E+06,2uL/min,train,train/bad/cell_type_CACO/2-3_days/230405_121.png
230405_122,230405,122,CACO,0,,2,2-3,2.00E+06,2uL/min,train,train/bad/cell_type_CACO/2-3_days/230405_122.png
230405_123,230405,123,CACO,0,,2,2-3,2.00E+06,2uL/min,test,test/bad/cell_type_CACO/2-3_days/230405_123.png
230405_124,230405,124,CACO,0,,2,2-3,2.00E+06,2uL/min,train,train/bad/cell_type_CACO/2-3_days/230405_124.png
230405_125,230405,125,CACO,0,,2,2-3,2.00E+06,2uL/min,train,train/bad/cell_type_CACO/2-3_days/230405_125.png
230405_126,230405,126,CACO,0,,2,2-3,2.00E+06,2uL/min,train,train/bad/cell_type_CACO/2-3_days/230405_126.png
230405_127,230405,127,CACO,0,,2,2-3,2.00E+06,2uL/min,train,train/bad/cell_type_CACO/2-3_days/230405_127.png
230405_128,230405,128,CACO,0,,2,2-3,2.00E+06,2uL/min,train,train/bad/cell_type_CACO/2-3_days/230405_128.png
230405_129,230405,129,CACO,0,,2,2-3,2.00E+06,2uL/min,val,val/bad/cell_type_CACO/2-3_days/230405_129.png
230405_130,230405,130,CACO,0,,2,2-3,2.00E+06,2uL/min,test,test/bad/cell_type_CACO/2-3_days/230405_130.png
230405_131,230405,131,CACO,0,,2,2-3,2.00E+06,2uL/min,train,train/bad/cell_type_CACO/2-3_days/230405_131.png
230405_132,230405,132,CACO,0,,2,2-3,2.00E+06,2uL/min,train,train/bad/cell_type_CACO/2-3_days/230405_132.png
230405_133,230405,133,CACO,0,,2,2-3,2.00E+06,2uL/min,train,train/bad/cell_type_CACO/2-3_days/230405_133.png
230405_134,230405,134,CACO,0,,2,2-3,2.00E+06,2uL/min,train,train/bad/cell_type_CACO/2-3_days/230405_134.png
230405_135,230405,135,CACO,0,,2,2-3,2.00E+06,2uL/min,test,test/bad/cell_type_CACO/2-3_days/230405_135.png
230405_136,230405,136,CACO,0,,2,2-3,2.00E+06,2uL/min,train,train/bad/cell_type_CACO/2-3_days/230405_136.png
230405_137,230405,137,CACO,0,,2,2-3,2.00E+06,2uL/min,val,val/bad/cell_type_CACO/2-3_days/230405_137.png
230405_138,230405,138,CACO,0,,2,2-3,2.00E+06,2uL/min,train,train/bad/cell_type_CACO/2-3_days/230405_138.png
230411_1,230411,1,HUVEC,0,,8,4+,9.00E+06,1.66uL/min,train,train/bad/cell_type_HUVEC/4+_days/230411_1.png
230411_2,230411,2,HUVEC,0,,8,4+,9.00E+06,1.66uL/min,train,train/bad/cell_type_HUVEC/4+_days/230411_2.png
230411_3,230411,3,HUVEC,0,,8,4+,9.00E+06,1.66uL/min,test,test/bad/cell_type_HUVEC/4+_days/230411_3.png
230411_4,230411,4,HUVEC,0,,8,4+,9.00E+06,1.66uL/min,train,train/bad/cell_type_HUVEC/4+_days/230411_4.png
230411_5,230411,5,HUVEC,0,,8,4+,9.00E+06,1.66uL/min,train,train/bad/cell_type_HUVEC/4+_days/230411_5.png
230411_6,230411,6,HUVEC,0,,8,4+,9.00E+06,1.66uL/min,train,train/bad/cell_type_HUVEC/4+_days/230411_6.png
230411_7,230411,7,HUVEC,0,,8,4+,9.00E+06,1.66uL/min,train,train/bad/cell_type_HUVEC/4+_days/230411_7.png
230411_8,230411,8,HUVEC,0,,8,4+,9.00E+06,1.66uL/min,test,test/bad/cell_type_HUVEC/4+_days/230411_8.png
230411_9,230411,9,HUVEC,0,,8,4+,9.00E+06,1.66uL/min,test,test/bad/cell_type_HUVEC/4+_days/230411_9.png
230411_10,230411,10,HUVEC,0,,8,4+,9.00E+06,1.66uL/min,train,train/bad/cell_type_HUVEC/4+_days/230411_10.png
230411_11,230411,11,HUVEC,0,,8,4+,9.00E+06,1.66uL/min,train,train/bad/cell_type_HUVEC/4+_days/230411_11.png
230411_12,230411,12,HUVEC,0,,8,4+,9.00E+06,1.66uL/min,train,train/bad/cell_type_HUVEC/4+_days/230411_12.png
230411_13,230411,13,HUVEC,0,,8,4+,9.00E+06,1.66uL/min,test,test/bad/cell_type_HUVEC/4+_days/230411_13.png
230411_14,230411,14,HUVEC,0,,8,4+,9.00E+06,1.66uL/min,train,train/bad/cell_type_HUVEC/4+_days/230411_14.png
230411_15,230411,15,HUVEC,0,,8,4+,9.00E+06,1.66uL/min,train,train/bad/cell_type_HUVEC/4+_days/230411_15.png
230411_16,230411,16,HUVEC,0,,8,4+,9.00E+06,1.66uL/min,test,test/bad/cell_type_HUVEC/4+_days/230411_16.png
230411_17,230411,17,HUVEC,0,,8,4+,9.00E+06,1.66uL/min,train,train/bad/cell_type_HUVEC/4+_days/230411_17.png
230411_18,230411,18,HUVEC,0,,8,4+,9.00E+06,1.66uL/min,train,train/bad/cell_type_HUVEC/4+_days/230411_18.png
230411_19,230411,19,HUVEC,0,,8,4+,9.00E+06,1.66uL/min,test,test/bad/cell_type_HUVEC/4+_days/230411_19.png
230411_20,230411,20,HUVEC,0,,8,4+,9.00E+06,1.66uL/min,train,train/bad/cell_type_HUVEC/4+_days/230411_20.png
230411_21,230411,21,HUVEC,0,,8,4+,9.00E+06,1.66uL/min,train,train/bad/cell_type_HUVEC/4+_days/230411_21.png
230411_22,230411,22,HUVEC,0,,8,4+,9.00E+06,1.66uL/min,val,val/bad/cell_type_HUVEC/4+_days/230411_22.png
230411_23,230411,23,HUVEC,0,,8,4+,9.00E+06,1.66uL/min,train,train/bad/cell_type_HUVEC/4+_days/230411_23.png
230411_24,230411,24,HUVEC,0,,8,4+,9.00E+06,1.66uL/min,train,train/bad/cell_type_HUVEC/4+_days/230411_24.png
230411_25,230411,25,HUVEC,0,,8,4+,9.00E+06,1.66uL/min,test,test/bad/cell_type_HUVEC/4+_days/230411_25.png
230411_26,230411,26,HUVEC,0,,8,4+,9.00E+06,1.66uL/min,train,train/bad/cell_type_HUVEC/4+_days/230411_26.png
230411_27,230411,27,HUVEC,0,,8,4+,9.00E+06,1.66uL/min,val,val/bad/cell_type_HUVEC/4+_days/230411_27.png
230411_28,230411,28,HUVEC,0,,8,4+,9.00E+06,1.66uL/min,train,train/bad/cell_type_HUVEC/4+_days/230411_28.png
230411_29,230411,29,HUVEC,0,,8,4+,9.00E+06,1.66uL/min,train,train/bad/cell_type_HUVEC/4+_days/230411_29.png
230411_30,230411,30,HUVEC,0,,8,4+,9.00E+06,1.66uL/min,train,train/bad/cell_type_HUVEC/4+_days/230411_30.png
230411_31,230411,31,HUVEC,0,,8,4+,9.00E+06,1.66uL/min,train,train/bad/cell_type_HUVEC/4+_days/230411_31.png
230411_32,230411,32,HUVEC,0,,8,4+,9.00E+06,1.66uL/min,train,train/bad/cell_type_HUVEC/4+_days/230411_32.png
230411_33,230411,33,HUVEC,0,,8,4+,9.00E+06,1.66uL/min,train,train/bad/cell_type_HUVEC/4+_days/230411_33.png
230411_34,230411,34,HUVEC,0,,8,4+,9.00E+06,1.66uL/min,test,test/bad/cell_type_HUVEC/4+_days/230411_34.png
230411_35,230411,35,HUVEC,0,,8,4+,9.00E+06,1.66uL/min,test,test/bad/cell_type_HUVEC/4+_days/230411_35.png
230411_36,230411,36,HUVEC,0,,8,4+,9.00E+06,1.66uL/min,val,val/bad/cell_type_HUVEC/4+_days/230411_36.png
230411_37,230411,37,HUVEC,0,,8,4+,9.00E+06,1.66uL/min,train,train/bad/cell_type_HUVEC/4+_days/230411_37.png
230411_38,230411,38,HUVEC,0,,8,4+,9.00E+06,1.66uL/min,train,train/bad/cell_type_HUVEC/4+_days/230411_38.png
230411_39,230411,39,HUVEC,0,,8,4+,9.00E+06,1.66uL/min,train,train/bad/cell_type_HUVEC/4+_days/230411_39.png
230411_40,230411,40,CACO,0,,8,4+,2.00E+06,2uL/min,train,train/bad/cell_type_CACO/4+_days/230411_40.png
230411_41,230411,41,CACO,0,,8,4+,2.00E+06,2uL/min,train,train/bad/cell_type_CACO/4+_days/230411_41.png
230411_42,230411,42,CACO,0,,8,4+,2.00E+06,2uL/min,train,train/bad/cell_type_CACO/4+_days/230411_42.png
230411_43,230411,43,CACO,0,,8,4+,2.00E+06,2uL/min,train,train/bad/cell_type_CACO/4+_days/230411_43.png
230411_44,230411,44,CACO,0,,8,4+,2.00E+06,2uL/min,train,train/bad/cell_type_CACO/4+_days/230411_44.png
230411_45,230411,45,CACO,0,,8,4+,2.00E+06,2uL/min,train,train/bad/cell_type_CACO/4+_days/230411_45.png
230411_46,230411,46,CACO,1,,8,4+,2.00E+06,2uL/min,train,train/good/cell_type_CACO/4+_days/230411_46.png
230411_47,230411,47,CACO,0,,8,4+,2.00E+06,2uL/min,train,train/bad/cell_type_CACO/4+_days/230411_47.png
230411_48,230411,48,CACO,0,,8,4+,2.00E+06,2uL/min,train,train/bad/cell_type_CACO/4+_days/230411_48.png
230411_49,230411,49,CACO,0,,8,4+,2.00E+06,2uL/min,train,train/bad/cell_type_CACO/4+_days/230411_49.png
230411_50,230411,50,CACO,0,,8,4+,2.00E+06,2uL/min,train,train/bad/cell_type_CACO/4+_days/230411_50.png
230411_51,230411,51,CACO,0,,8,4+,2.00E+06,2uL/min,test,test/bad/cell_type_CACO/4+_days/230411_51.png
230411_52,230411,52,CACO,0,,8,4+,2.00E+06,2uL/min,train,train/bad/cell_type_CACO/4+_days/230411_52.png
230411_53,230411,53,CACO,0,,8,4+,2.00E+06,2uL/min,train,train/bad/cell_type_CACO/4+_days/230411_53.png
230411_54,230411,54,CACO,0,,8,4+,2.00E+06,2uL/min,train,train/bad/cell_type_CACO/4+_days/230411_54.png
230411_55,230411,55,CACO,0,,8,4+,2.00E+06,2uL/min,train,train/bad/cell_type_CACO/4+_days/230411_55.png
230411_56,230411,56,CACO,0,,8,4+,2.00E+06,2uL/min,train,train/bad/cell_type_CACO/4+_days/230411_56.png
230411_57,230411,57,CACO,0,,8,4+,2.00E+06,2uL/min,train,train/bad/cell_type_CACO/4+_days/230411_57.png
230411_58,230411,58,CACO,0,,8,4+,2.00E+06,2uL/min,train,train/bad/cell_type_CACO/4+_days/230411_58.png
230411_59,230411,59,CACO,0,,8,4+,2.00E+06,2uL/min,train,train/bad/cell_type_CACO/4+_days/230411_59.png
230411_60,230411,60,CACO,0,,8,4+,2.00E+06,2uL/min,test,test/bad/cell_type_CACO/4+_days/230411_60.png
230411_61,230411,61,CACO,0,,8,4+,2.00E+06,2uL/min,train,train/bad/cell_type_CACO/4+_days/230411_61.png
230411_62,230411,62,CACO,0,,8,4+,2.00E+06,2uL/min,train,train/bad/cell_type_CACO/4+_days/230411_62.png
230411_63,230411,63,CACO,0,,8,4+,2.00E+06,2uL/min,train,train/bad/cell_type_CACO/4+_days/230411_63.png
230411_64,230411,64,CACO,0,,8,4+,2.00E+06,2uL/min,train,train/bad/cell_type_CACO/4+_days/230411_64.png
230411_65,230411,65,CACO,0,,8,4+,2.00E+06,2uL/min,train,train/bad/cell_type_CACO/4+_days/230411_65.png
230411_66,230411,66,CACO,0,,8,4+,2.00E+06,2uL/min,train,train/bad/cell_type_CACO/4+_days/230411_66.png
230411_67,230411,67,CACO,0,,8,4+,2.00E+06,2uL/min,test,test/bad/cell_type_CACO/4+_days/230411_67.png
230411_68,230411,68,CACO,0,,8,4+,2.00E+06,2uL/min,test,test/bad/cell_type_CACO/4+_days/230411_68.png
230411_69,230411,69,CACO,0,,8,4+,2.00E+06,2uL/min,train,train/bad/cell_type_CACO/4+_days/230411_69.png
230411_70,230411,70,CACO,0,,8,4+,2.00E+06,2uL/min,train,train/bad/cell_type_CACO/4+_days/230411_70.png
230411_71,230411,71,CACO,0,,8,4+,2.00E+06,2uL/min,test,test/bad/cell_type_CACO/4+_days/230411_71.png
230411_72,230411,72,CACO,0,,8,4+,2.00E+06,2uL/min,val,val/bad/cell_type_CACO/4+_days/230411_72.png
230411_73,230411,73,CACO,0,,8,4+,2.00E+06,2uL/min,val,val/bad/cell_type_CACO/4+_days/230411_73.png
230411_74,230411,74,CACO,0,,8,4+,2.00E+06,2uL/min,train,train/bad/cell_type_CACO/4+_days/230411_74.png
230411_75,230411,75,CACO,0,,8,4+,2.00E+06,2uL/min,train,train/bad/cell_type_CACO/4+_days/230411_75.png
230411_76,230411,76,CACO,0,,8,4+,2.00E+06,2uL/min,val,val/bad/cell_type_CACO/4+_days/230411_76.png
230411_77,230411,77,CACO,0,,8,4+,2.00E+06,2uL/min,train,train/bad/cell_type_CACO/4+_days/230411_77.png
230411_78,230411,78,CACO,0,,8,4+,2.00E+06,2uL/min,train,train/bad/cell_type_CACO/4+_days/230411_78.png
230411_79,230411,79,CACO,0,,8,4+,2.00E+06,2uL/min,train,train/bad/cell_type_CACO/4+_days/230411_79.png
230419_1,230419,1,HPMEC,0,,2,2-3,6.00E+06,2uL/min,train,train/bad/cell_type_HPMEC/2-3_days/230419_1.png
230419_2,230419,2,HPMEC,0,,2,2-3,6.00E+06,2uL/min,train,train/bad/cell_type_HPMEC/2-3_days/230419_2.png
230419_3,230419,3,HPMEC,0,,2,2-3,6.00E+06,2uL/min,train,train/bad/cell_type_HPMEC/2-3_days/230419_3.png
230419_4,230419,4,HPMEC,0,,2,2-3,6.00E+06,2uL/min,train,train/bad/cell_type_HPMEC/2-3_days/230419_4.png
230419_5,230419,5,HPMEC,0,,2,2-3,6.00E+06,2uL/min,train,train/bad/cell_type_HPMEC/2-3_days/230419_5.png
230419_6,230419,6,HPMEC,0,,2,2-3,6.00E+06,2uL/min,train,train/bad/cell_type_HPMEC/2-3_days/230419_6.png
230419_7,230419,7,HPMEC,0,,2,2-3,6.00E+06,2uL/min,train,train/bad/cell_type_HPMEC/2-3_days/230419_7.png
230419_8,230419,8,HPMEC,0,,2,2-3,6.00E+06,2uL/min,train,train/bad/cell_type_HPMEC/2-3_days/230419_8.png
230419_9,230419,9,HPMEC,0,,2,2-3,6.00E+06,2uL/min,train,train/bad/cell_type_HPMEC/2-3_days/230419_9.png
230419_10,230419,10,HPMEC,0,,2,2-3,6.00E+06,2uL/min,train,train/bad/cell_type_HPMEC/2-3_days/230419_10.png
230419_11,230419,11,HPMEC,0,,2,2-3,6.00E+06,2uL/min,train,train/bad/cell_type_HPMEC/2-3_days/230419_11.png
230419_12,230419,12,HPMEC,0,,2,2-3,6.00E+06,2uL/min,train,train/bad/cell_type_HPMEC/2-3_days/230419_12.png
230419_13,230419,13,HPMEC,0,,2,2-3,6.00E+06,2uL/min,val,val/bad/cell_type_HPMEC/2-3_days/230419_13.png
230419_14,230419,14,HPMEC,0,,2,2-3,6.00E+06,2uL/min,train,train/bad/cell_type_HPMEC/2-3_days/230419_14.png
230419_15,230419,15,HPMEC,0,,2,2-3,6.00E+06,2uL/min,test,test/bad/cell_type_HPMEC/2-3_days/230419_15.png
230419_16,230419,16,HPMEC,0,,2,2-3,6.00E+06,2uL/min,test,test/bad/cell_type_HPMEC/2-3_days/230419_16.png
230419_17,230419,17,HPMEC,0,,2,2-3,6.00E+06,2uL/min,train,train/bad/cell_type_HPMEC/2-3_days/230419_17.png
230419_18,230419,18,HPMEC,0,,2,2-3,6.00E+06,2uL/min,train,train/bad/cell_type_HPMEC/2-3_days/230419_18.png
230419_19,230419,19,HPMEC,0,,2,2-3,6.00E+06,2uL/min,val,val/bad/cell_type_HPMEC/2-3_days/230419_19.png
230419_20,230419,20,HPMEC,0,,2,2-3,6.00E+06,2uL/min,train,train/bad/cell_type_HPMEC/2-3_days/230419_20.png
230419_21,230419,21,HPMEC,0,,2,2-3,6.00E+06,2uL/min,train,train/bad/cell_type_HPMEC/2-3_days/230419_21.png
230419_22,230419,22,HPMEC,0,,2,2-3,6.00E+06,2uL/min,train,train/bad/cell_type_HPMEC/2-3_days/230419_22.png
230419_23,230419,23,HPMEC,0,,2,2-3,6.00E+06,2uL/min,train,train/bad/cell_type_HPMEC/2-3_days/230419_23.png
230419_24,230419,24,HPMEC,0,,2,2-3,6.00E+06,2uL/min,train,train/bad/cell_type_HPMEC/2-3_days/230419_24.png
230419_25,230419,25,HPMEC,0,,2,2-3,6.00E+06,2uL/min,train,train/bad/cell_type_HPMEC/2-3_days/230419_25.png
230419_26,230419,26,HPMEC,0,,2,2-3,6.00E+06,2uL/min,test,test/bad/cell_type_HPMEC/2-3_days/230419_26.png
230419_27,230419,27,HPMEC,0,,2,2-3,6.00E+06,2uL/min,train,train/bad/cell_type_HPMEC/2-3_days/230419_27.png
230419_28,230419,28,HPMEC,0,,2,2-3,6.00E+06,2uL/min,train,train/bad/cell_type_HPMEC/2-3_days/230419_28.png
230419_29,230419,29,HPMEC,0,,2,2-3,6.00E+06,2uL/min,train,train/bad/cell_type_HPMEC/2-3_days/230419_29.png
230419_30,230419,30,HPMEC,0,,2,2-3,6.00E+06,2uL/min,train,train/bad/cell_type_HPMEC/2-3_days/230419_30.png
230419_31,230419,31,HPMEC,0,,2,2-3,6.00E+06,2uL/min,test,test/bad/cell_type_HPMEC/2-3_days/230419_31.png
230419_32,230419,32,HPMEC,0,,2,2-3,6.00E+06,2uL/min,test,test/bad/cell_type_HPMEC/2-3_days/230419_32.png
230419_33,230419,33,HPMEC,0,,2,2-3,6.00E+06,2uL/min,test,test/bad/cell_type_HPMEC/2-3_days/230419_33.png
230419_34,230419,34,HPMEC,0,,2,2-3,6.00E+06,2uL/min,test,test/bad/cell_type_HPMEC/2-3_days/230419_34.png
230419_35,230419,35,HPMEC,0,,2,2-3,6.00E+06,2uL/min,test,test/bad/cell_type_HPMEC/2-3_days/230419_35.png
230419_36,230419,36,HPMEC,0,,2,2-3,6.00E+06,2uL/min,train,train/bad/cell_type_HPMEC/2-3_days/230419_36.png
230419_37,230419,37,HPMEC,0,,2,2-3,6.00E+06,2uL/min,train,train/bad/cell_type_HPMEC/2-3_days/230419_37.png
230419_38,230419,38,HPMEC,0,,2,2-3,6.00E+06,2uL/min,train,train/bad/cell_type_HPMEC/2-3_days/230419_38.png
230419_39,230419,39,HPMEC,0,,2,2-3,6.00E+06,2uL/min,val,val/bad/cell_type_HPMEC/2-3_days/230419_39.png
230419_40,230419,40,HPMEC,0,,2,2-3,6.00E+06,2uL/min,train,train/bad/cell_type_HPMEC/2-3_days/230419_40.png
230419_41,230419,41,HPMEC,0,,2,2-3,6.00E+06,2uL/min,train,train/bad/cell_type_HPMEC/2-3_days/230419_41.png
230419_42,230419,42,HPMEC,0,,2,2-3,6.00E+06,2uL/min,test,test/bad/cell_type_HPMEC/2-3_days/230419_42.png
230419_43,230419,43,HPMEC,0,,2,2-3,6.00E+06,2uL/min,train,train/bad/cell_type_HPMEC/2-3_days/230419_43.png
230419_44,230419,44,HPMEC,0,,2,2-3,6.00E+06,2uL/min,val,val/bad/cell_type_HPMEC/2-3_days/230419_44.png
230419_45,230419,45,HPMEC,0,,2,2-3,6.00E+06,2uL/min,train,train/bad/cell_type_HPMEC/2-3_days/230419_45.png
230419_46,230419,46,HPMEC,0,,2,2-3,6.00E+06,2uL/min,test,test/bad/cell_type_HPMEC/2-3_days/230419_46.png
230419_47,230419,47,HPMEC,0,,2,2-3,6.00E+06,2uL/min,train,train/bad/cell_type_HPMEC/2-3_days/230419_47.png
230419_48,230419,48,HPMEC,0,,2,2-3,6.00E+06,2uL/min,train,train/bad/cell_type_HPMEC/2-3_days/230419_48.png
230419_49,230419,49,HPMEC,0,,2,2-3,6.00E+06,2uL/min,train,train/bad/cell_type_HPMEC/2-3_days/230419_49.png
230419_50,230419,50,HPMEC,0,,2,2-3,6.00E+06,2uL/min,train,train/bad/cell_type_HPMEC/2-3_days/230419_50.png
230419_51,230419,51,HPMEC,0,,2,2-3,6.00E+06,2uL/min,train,train/bad/cell_type_HPMEC/2-3_days/230419_51.png
230419_52,230419,52,HPMEC,0,,2,2-3,6.00E+06,2uL/min,train,train/bad/cell_type_HPMEC/2-3_days/230419_52.png
230419_53,230419,53,HPMEC,0,,2,2-3,6.00E+06,2uL/min,test,test/bad/cell_type_HPMEC/2-3_days/230419_53.png
230419_54,230419,54,HPMEC,0,,2,2-3,6.00E+06,2uL/min,val,val/bad/cell_type_HPMEC/2-3_days/230419_54.png
230419_55,230419,55,HPMEC,0,,2,2-3,6.00E+06,2uL/min,train,train/bad/cell_type_HPMEC/2-3_days/230419_55.png
230419_56,230419,56,HPMEC,0,,2,2-3,6.00E+06,2uL/min,train,train/bad/cell_type_HPMEC/2-3_days/230419_56.png
230419_57,230419,57,HPMEC,0,,2,2-3,6.00E+06,2uL/min,train,train/bad/cell_type_HPMEC/2-3_days/230419_57.png
230419_58,230419,58,HPMEC,0,,2,2-3,6.00E+06,2uL/min,train,train/bad/cell_type_HPMEC/2-3_days/230419_58.png
230419_59,230419,59,HPMEC,0,,2,2-3,6.00E+06,2uL/min,train,train/bad/cell_type_HPMEC/2-3_days/230419_59.png
230419_60,230419,60,HPMEC,0,,2,2-3,6.00E+06,2uL/min,train,train/bad/cell_type_HPMEC/2-3_days/230419_60.png
230419_61,230419,61,HPMEC,0,,2,2-3,6.00E+06,2uL/min,train,train/bad/cell_type_HPMEC/2-3_days/230419_61.png
230419_62,230419,62,HPMEC,0,,2,2-3,6.00E+06,2uL/min,train,train/bad/cell_type_HPMEC/2-3_days/230419_62.png
230419_63,230419,63,HPMEC,0,,2,2-3,6.00E+06,2uL/min,test,test/bad/cell_type_HPMEC/2-3_days/230419_63.png
230419_64,230419,64,HPMEC,0,,2,2-3,6.00E+06,2uL/min,train,train/bad/cell_type_HPMEC/2-3_days/230419_64.png
230419_65,230419,65,HPMEC,0,,2,2-3,6.00E+06,2uL/min,val,val/bad/cell_type_HPMEC/2-3_days/230419_65.png
230419_66,230419,66,HPMEC,0,,2,2-3,6.00E+06,2uL/min,train,train/bad/cell_type_HPMEC/2-3_days/230419_66.png
230419_67,230419,67,HPMEC,0,,2,2-3,6.00E+06,2uL/min,train,train/bad/cell_type_HPMEC/2-3_days/230419_67.png
230419_68,230419,68,HPMEC,0,,2,2-3,6.00E+06,2uL/min,train,train/bad/cell_type_HPMEC/2-3_days/230419_68.png
230419_69,230419,69,HPMEC,0,,2,2-3,6.00E+06,2uL/min,train,train/bad/cell_type_HPMEC/2-3_days/230419_69.png
230419_70,230419,70,HPMEC,0,,2,2-3,6.00E+06,2uL/min,train,train/bad/cell_type_HPMEC/2-3_days/230419_70.png
230419_71,230419,71,HPMEC,0,,2,2-3,6.00E+06,2uL/min,train,train/bad/cell_type_HPMEC/2-3_days/230419_71.png
230419_72,230419,72,HPMEC,0,,2,2-3,6.00E+06,2uL/min,test,test/bad/cell_type_HPMEC/2-3_days/230419_72.png
230419_73,230419,73,HPMEC,0,,2,2-3,6.00E+06,2uL/min,test,test/bad/cell_type_HPMEC/2-3_days/230419_73.png
230419_74,230419,74,HPMEC,0,,2,2-3,6.00E+06,2uL/min,val,val/bad/cell_type_HPMEC/2-3_days/230419_74.png
230419_75,230419,75,HPMEC,0,,2,2-3,6.00E+06,2uL/min,val,val/bad/cell_type_HPMEC/2-3_days/230419_75.png
230419_76,230419,76,HPMEC,0,,2,2-3,6.00E+06,2uL/min,train,train/bad/cell_type_HPMEC/2-3_days/230419_76.png
230419_77,230419,77,HPMEC,0,,2,2-3,6.00E+06,2uL/min,train,train/bad/cell_type_HPMEC/2-3_days/230419_77.png
230419_78,230419,78,HPMEC,0,,2,2-3,6.00E+06,2uL/min,train,train/bad/cell_type_HPMEC/2-3_days/230419_78.png
230419_79,230419,79,HPMEC,0,,2,2-3,6.00E+06,2uL/min,val,val/bad/cell_type_HPMEC/2-3_days/230419_79.png
230419_80,230419,80,HPMEC,0,,2,2-3,6.00E+06,2uL/min,train,train/bad/cell_type_HPMEC/2-3_days/230419_80.png
230419_81,230419,81,HPMEC,0,,2,2-3,6.00E+06,2uL/min,test,test/bad/cell_type_HPMEC/2-3_days/230419_81.png
230419_82,230419,82,HPMEC,0,,2,2-3,6.00E+06,2uL/min,train,train/bad/cell_type_HPMEC/2-3_days/230419_82.png
230419_83,230419,83,HPMEC,0,,2,2-3,6.00E+06,2uL/min,test,test/bad/cell_type_HPMEC/2-3_days/230419_83.png
230419_84,230419,84,HPMEC,0,,2,2-3,6.00E+06,2uL/min,train,train/bad/cell_type_HPMEC/2-3_days/230419_84.png
230419_85,230419,85,HPMEC,0,,2,2-3,6.00E+06,2uL/min,train,train/bad/cell_type_HPMEC/2-3_days/230419_85.png
230419_86,230419,86,HPMEC,0,,2,2-3,6.00E+06,2uL/min,train,train/bad/cell_type_HPMEC/2-3_days/230419_86.png
230419_87,230419,87,HPMEC,0,,2,2-3,6.00E+06,2uL/min,train,train/bad/cell_type_HPMEC/2-3_days/230419_87.png
230419_88,230419,88,HPMEC,0,,2,2-3,6.00E+06,2uL/min,train,train/bad/cell_type_HPMEC/2-3_days/230419_88.png
230419_89,230419,89,CACO,0,,2,2-3,2.00E+06,2uL/min,train,train/bad/cell_type_CACO/2-3_days/230419_89.png
230419_90,230419,90,CACO,0,,2,2-3,2.00E+06,2uL/min,train,train/bad/cell_type_CACO/2-3_days/230419_90.png
230419_91,230419,91,CACO,0,,2,2-3,2.00E+06,2uL/min,val,val/bad/cell_type_CACO/2-3_days/230419_91.png
230419_92,230419,92,CACO,0,,2,2-3,2.00E+06,2uL/min,train,train/bad/cell_type_CACO/2-3_days/230419_92.png
230419_93,230419,93,CACO,0,,2,2-3,2.00E+06,2uL/min,val,val/bad/cell_type_CACO/2-3_days/230419_93.png
230419_94,230419,94,CACO,0,,2,2-3,2.00E+06,2uL/min,test,test/bad/cell_type_CACO/2-3_days/230419_94.png
230419_95,230419,95,CACO,0,,2,2-3,2.00E+06,2uL/min,train,train/bad/cell_type_CACO/2-3_days/230419_95.png
230419_96,230419,96,CACO,0,,2,2-3,2.00E+06,2uL/min,test,test/bad/cell_type_CACO/2-3_days/230419_96.png
230419_97,230419,97,CACO,0,,2,2-3,2.00E+06,2uL/min,train,train/bad/cell_type_CACO/2-3_days/230419_97.png
230419_98,230419,98,CACO,0,,2,2-3,2.00E+06,2uL/min,train,train/bad/cell_type_CACO/2-3_days/230419_98.png
230419_99,230419,99,CACO,0,,2,2-3,2.00E+06,2uL/min,val,val/bad/cell_type_CACO/2-3_days/230419_99.png
230419_100,230419,100,CACO,0,,2,2-3,2.00E+06,2uL/min,train,train/bad/cell_type_CACO/2-3_days/230419_100.png
230419_101,230419,101,CACO,0,,2,2-3,2.00E+06,2uL/min,train,train/bad/cell_type_CACO/2-3_days/230419_101.png
230419_102,230419,102,CACO,0,,2,2-3,2.00E+06,2uL/min,test,test/bad/cell_type_CACO/2-3_days/230419_102.png
230419_103,230419,103,CACO,0,,2,2-3,2.00E+06,2uL/min,test,test/bad/cell_type_CACO/2-3_days/230419_103.png
230419_104,230419,104,CACO,0,,2,2-3,2.00E+06,2uL/min,val,val/bad/cell_type_CACO/2-3_days/230419_104.png
230419_105,230419,105,CACO,0,,2,2-3,2.00E+06,2uL/min,train,train/bad/cell_type_CACO/2-3_days/230419_105.png
230419_106,230419,106,CACO,0,,2,2-3,2.00E+06,2uL/min,train,train/bad/cell_type_CACO/2-3_days/230419_106.png
230419_107,230419,107,CACO,0,,2,2-3,2.00E+06,2uL/min,train,train/bad/cell_type_CACO/2-3_days/230419_107.png
230419_108,230419,108,CACO,0,,2,2-3,2.00E+06,2uL/min,test,test/bad/cell_type_CACO/2-3_days/230419_108.png
230419_109,230419,109,CACO,0,,2,2-3,2.00E+06,2uL/min,train,train/bad/cell_type_CACO/2-3_days/230419_109.png
230419_110,230419,110,CACO,0,,2,2-3,2.00E+06,2uL/min,train,train/bad/cell_type_CACO/2-3_days/230419_110.png
230419_111,230419,111,CACO,0,,2,2-3,2.00E+06,2uL/min,train,train/bad/cell_type_CACO/2-3_days/230419_111.png
230419_112,230419,112,CACO,0,,2,2-3,2.00E+06,2uL/min,train,train/bad/cell_type_CACO/2-3_days/230419_112.png
230419_113,230419,113,CACO,0,,2,2-3,2.00E+06,2uL/min,test,test/bad/cell_type_CACO/2-3_days/230419_113.png
230419_114,230419,114,CACO,0,,2,2-3,2.00E+06,2uL/min,test,test/bad/cell_type_CACO/2-3_days/230419_114.png
230419_115,230419,115,CACO,0,,2,2-3,2.00E+06,2uL/min,train,train/bad/cell_type_CACO/2-3_days/230419_115.png
230419_116,230419,116,CACO,0,,2,2-3,2.00E+06,2uL/min,train,train/bad/cell_type_CACO/2-3_days/230419_116.png
230419_117,230419,117,CACO,1,,2,2-3,2.00E+06,2uL/min,train,train/good/cell_type_CACO/2-3_days/230419_117.png
230419_118,230419,118,CACO,1,,2,2-3,2.00E+06,2uL/min,train,train/good/cell_type_CACO/2-3_days/230419_118.png
230419_119,230419,119,CACO,1,,2,2-3,2.00E+06,2uL/min,test,test/good/cell_type_CACO/2-3_days/230419_119.png
230419_120,230419,120,CACO,1,,2,2-3,2.00E+06,2uL/min,test,test/good/cell_type_CACO/2-3_days/230419_120.png
230419_121,230419,121,CACO,1,,2,2-3,2.00E+06,2uL/min,train,train/good/cell_type_CACO/2-3_days/230419_121.png
230419_122,230419,122,CACO,1,,2,2-3,2.00E+06,2uL/min,train,train/good/cell_type_CACO/2-3_days/230419_122.png
230419_123,230419,123,CACO,1,,2,2-3,2.00E+06,2uL/min,train,train/good/cell_type_CACO/2-3_days/230419_123.png
230419_124,230419,124,CACO,1,,2,2-3,2.00E+06,2uL/min,test,test/good/cell_type_CACO/2-3_days/230419_124.png
230424_1,230424,1,HPMEC,0,,7,4+,6.00E+06,2uL/min,train,train/bad/cell_type_HPMEC/4+_days/230424_1.png
230424_2,230424,2,HPMEC,0,,7,4+,6.00E+06,2uL/min,train,train/bad/cell_type_HPMEC/4+_days/230424_2.png
230424_3,230424,3,HPMEC,0,,7,4+,6.00E+06,2uL/min,train,train/bad/cell_type_HPMEC/4+_days/230424_3.png
230424_4,230424,4,HPMEC,0,,7,4+,6.00E+06,2uL/min,train,train/bad/cell_type_HPMEC/4+_days/230424_4.png
230424_5,230424,5,HPMEC,0,,7,4+,6.00E+06,2uL/min,train,train/bad/cell_type_HPMEC/4+_days/230424_5.png
230424_6,230424,6,HPMEC,0,,7,4+,6.00E+06,2uL/min,val,val/bad/cell_type_HPMEC/4+_days/230424_6.png
230424_7,230424,7,HPMEC,0,,7,4+,6.00E+06,2uL/min,train,train/bad/cell_type_HPMEC/4+_days/230424_7.png
230424_8,230424,8,HPMEC,0,,7,4+,6.00E+06,2uL/min,train,train/bad/cell_type_HPMEC/4+_days/230424_8.png
230424_9,230424,9,HPMEC,0,,7,4+,6.00E+06,2uL/min,test,test/bad/cell_type_HPMEC/4+_days/230424_9.png
230424_10,230424,10,HPMEC,0,,7,4+,6.00E+06,2uL/min,train,train/bad/cell_type_HPMEC/4+_days/230424_10.png
230424_11,230424,11,HPMEC,0,,7,4+,6.00E+06,2uL/min,train,train/bad/cell_type_HPMEC/4+_days/230424_11.png
230424_12,230424,12,HPMEC,0,,7,4+,6.00E+06,2uL/min,test,test/bad/cell_type_HPMEC/4+_days/230424_12.png
230424_13,230424,13,HPMEC,0,,7,4+,6.00E+06,2uL/min,train,train/bad/cell_type_HPMEC/4+_days/230424_13.png
230424_14,230424,14,HPMEC,0,,7,4+,6.00E+06,2uL/min,train,train/bad/cell_type_HPMEC/4+_days/230424_14.png
230424_15,230424,15,HPMEC,0,,7,4+,6.00E+06,2uL/min,train,train/bad/cell_type_HPMEC/4+_days/230424_15.png
230424_16,230424,16,HPMEC,0,,7,4+,6.00E+06,2uL/min,train,train/bad/cell_type_HPMEC/4+_days/230424_16.png
230424_17,230424,17,HPMEC,0,,7,4+,6.00E+06,2uL/min,test,test/bad/cell_type_HPMEC/4+_days/230424_17.png
230424_18,230424,18,HPMEC,0,,7,4+,6.00E+06,2uL/min,train,train/bad/cell_type_HPMEC/4+_days/230424_18.png
230424_19,230424,19,HPMEC,0,,7,4+,6.00E+06,2uL/min,train,train/bad/cell_type_HPMEC/4+_days/230424_19.png
230424_20,230424,20,HPMEC,0,,7,4+,6.00E+06,2uL/min,val,val/bad/cell_type_HPMEC/4+_days/230424_20.png
230424_21,230424,21,HPMEC,0,,7,4+,6.00E+06,2uL/min,train,train/bad/cell_type_HPMEC/4+_days/230424_21.png
230424_22,230424,22,HPMEC,0,,7,4+,6.00E+06,2uL/min,val,val/bad/cell_type_HPMEC/4+_days/230424_22.png
230424_23,230424,23,HPMEC,0,,7,4+,6.00E+06,2uL/min,test,test/bad/cell_type_HPMEC/4+_days/230424_23.png
230424_24,230424,24,HPMEC,0,,7,4+,6.00E+06,2uL/min,train,train/bad/cell_type_HPMEC/4+_days/230424_24.png
230424_25,230424,25,HPMEC,0,,7,4+,6.00E+06,2uL/min,train,train/bad/cell_type_HPMEC/4+_days/230424_25.png
230424_26,230424,26,HPMEC,0,,7,4+,6.00E+06,2uL/min,train,train/bad/cell_type_HPMEC/4+_days/230424_26.png
230424_27,230424,27,HPMEC,0,,7,4+,6.00E+06,2uL/min,train,train/bad/cell_type_HPMEC/4+_days/230424_27.png
230424_28,230424,28,HPMEC,0,,7,4+,6.00E+06,2uL/min,train,train/bad/cell_type_HPMEC/4+_days/230424_28.png
230424_29,230424,29,HPMEC,1,,7,4+,6.00E+06,2uL/min,train,train/good/cell_type_HPMEC/4+_days/230424_29.png
230424_30,230424,30,HPMEC,1,,7,4+,6.00E+06,2uL/min,train,train/good/cell_type_HPMEC/4+_days/230424_30.png
230424_31,230424,31,HPMEC,1,,7,4+,6.00E+06,2uL/min,test,test/good/cell_type_HPMEC/4+_days/230424_31.png
230424_32,230424,32,HPMEC,1,,7,4+,6.00E+06,2uL/min,train,train/good/cell_type_HPMEC/4+_days/230424_32.png
230424_33,230424,33,HPMEC,1,,7,4+,6.00E+06,2uL/min,val,val/good/cell_type_HPMEC/4+_days/230424_33.png
230424_34,230424,34,HPMEC,1,,7,4+,6.00E+06,2uL/min,train,train/good/cell_type_HPMEC/4+_days/230424_34.png
230424_35,230424,35,HPMEC,0,,7,4+,6.00E+06,2uL/min,test,test/bad/cell_type_HPMEC/4+_days/230424_35.png
230424_36,230424,36,HPMEC,0,,7,4+,6.00E+06,2uL/min,test,test/bad/cell_type_HPMEC/4+_days/230424_36.png
230424_37,230424,37,HPMEC,0,,7,4+,6.00E+06,2uL/min,train,train/bad/cell_type_HPMEC/4+_days/230424_37.png
230424_38,230424,38,HPMEC,0,,7,4+,6.00E+06,2uL/min,train,train/bad/cell_type_HPMEC/4+_days/230424_38.png
230424_39,230424,39,HPMEC,1,,7,4+,6.00E+06,2uL/min,test,test/good/cell_type_HPMEC/4+_days/230424_39.png
230424_40,230424,40,HPMEC,1,,7,4+,6.00E+06,2uL/min,train,train/good/cell_type_HPMEC/4+_days/230424_40.png
230424_41,230424,41,HPMEC,1,,7,4+,6.00E+06,2uL/min,val,val/good/cell_type_HPMEC/4+_days/230424_41.png
230424_42,230424,42,HPMEC,0,,7,4+,6.00E+06,2uL/min,train,train/bad/cell_type_HPMEC/4+_days/230424_42.png
230424_43,230424,43,HPMEC,0,,7,4+,6.00E+06,2uL/min,train,train/bad/cell_type_HPMEC/4+_days/230424_43.png
230424_44,230424,44,HPMEC,0,,7,4+,6.00E+06,2uL/min,train,train/bad/cell_type_HPMEC/4+_days/230424_44.png
230424_45,230424,45,HPMEC,1,,7,4+,6.00E+06,2uL/min,train,train/good/cell_type_HPMEC/4+_days/230424_45.png
230424_46,230424,46,HPMEC,1,,7,4+,6.00E+06,2uL/min,train,train/good/cell_type_HPMEC/4+_days/230424_46.png
230424_47,230424,47,HPMEC,1,,7,4+,6.00E+06,2uL/min,train,train/good/cell_type_HPMEC/4+_days/230424_47.png
230424_48,230424,48,HPMEC,1,,7,4+,6.00E+06,2uL/min,train,train/good/cell_type_HPMEC/4+_days/230424_48.png
230424_49,230424,49,HPMEC,1,,7,4+,6.00E+06,2uL/min,val,val/good/cell_type_HPMEC/4+_days/230424_49.png
230424_50,230424,50,HPMEC,1,,7,4+,6.00E+06,2uL/min,train,train/good/cell_type_HPMEC/4+_days/230424_50.png
230424_51,230424,51,HPMEC,1,,7,4+,6.00E+06,2uL/min,train,train/good/cell_type_HPMEC/4+_days/230424_51.png
230424_52,230424,52,HPMEC,1,,7,4+,6.00E+06,2uL/min,train,train/good/cell_type_HPMEC/4+_days/230424_52.png
230424_53,230424,53,HPMEC,0,,7,4+,6.00E+06,2uL/min,train,train/bad/cell_type_HPMEC/4+_days/230424_53.png
230424_54,230424,54,A549,0,,4,4,1.00E+06,2.33 uL/min,val,val/bad/cell_type_A549/4_days/230424_54.png
230424_55,230424,55,A549,0,,4,4,1.00E+06,2.33 uL/min,train,train/bad/cell_type_A549/4_days/230424_55.png
230424_56,230424,56,A549,0,,4,4,1.00E+06,2.33 uL/min,train,train/bad/cell_type_A549/4_days/230424_56.png
230424_57,230424,57,A549,1,,4,4,1.00E+06,2.33 uL/min,train,train/good/cell_type_A549/4_days/230424_57.png
230424_58,230424,58,A549,0,,4,4,1.00E+06,2.33 uL/min,train,train/bad/cell_type_A549/4_days/230424_58.png
230424_59,230424,59,A549,0,,4,4,1.00E+06,2.33 uL/min,train,train/bad/cell_type_A549/4_days/230424_59.png
230424_60,230424,60,A549,1,,4,4,1.00E+06,2.33 uL/min,train,train/good/cell_type_A549/4_days/230424_60.png
230424_61,230424,61,A549,1,,4,4,1.00E+06,2.33 uL/min,train,train/good/cell_type_A549/4_days/230424_61.png
230424_62,230424,62,A549,1,,4,4,1.00E+06,2.33 uL/min,test,test/good/cell_type_A549/4_days/230424_62.png
230424_63,230424,63,A549,1,,4,4,1.00E+06,2.33 uL/min,train,train/good/cell_type_A549/4_days/230424_63.png
230424_64,230424,64,A549,1,,4,4,1.00E+06,2.33 uL/min,train,train/good/cell_type_A549/4_days/230424_64.png
230424_65,230424,65,A549,1,,4,4,1.00E+06,2.33 uL/min,test,test/good/cell_type_A549/4_days/230424_65.png
230424_66,230424,66,A549,1,,4,4,1.00E+06,2.33 uL/min,train,train/good/cell_type_A549/4_days/230424_66.png
230424_67,230424,67,A549,1,,4,4,1.00E+06,2.33 uL/min,train,train/good/cell_type_A549/4_days/230424_67.png
230424_68,230424,68,A549,1,,4,4,1.00E+06,2.33 uL/min,train,train/good/cell_type_A549/4_days/230424_68.png
230424_69,230424,69,A549,1,,4,4,1.00E+06,2.33 uL/min,train,train/good/cell_type_A549/4_days/230424_69.png
230424_70,230424,70,A549,1,,4,4,1.00E+06,2.33 uL/min,train,train/good/cell_type_A549/4_days/230424_70.png
230424_71,230424,71,A549,1,,4,4,1.00E+06,2.33 uL/min,train,train/good/cell_type_A549/4_days/230424_71.png
230424_72,230424,72,A549,1,,4,4,1.00E+06,2.33 uL/min,val,val/good/cell_type_A549/4_days/230424_72.png
230424_73,230424,73,A549,1,,4,4,1.00E+06,2.33 uL/min,test,test/good/cell_type_A549/4_days/230424_73.png
230424_74,230424,74,A549,1,,4,4,1.00E+06,2.33 uL/min,test,test/good/cell_type_A549/4_days/230424_74.png
230424_75,230424,75,A549,1,,4,4,1.00E+06,2.33 uL/min,train,train/good/cell_type_A549/4_days/230424_75.png
230424_76,230424,76,A549,1,,4,4,1.00E+06,2.33 uL/min,val,val/good/cell_type_A549/4_days/230424_76.png
230424_77,230424,77,A549,0,,4,4,1.00E+06,2.33 uL/min,test,test/bad/cell_type_A549/4_days/230424_77.png
230424_78,230424,78,A549,1,,4,4,1.00E+06,2.33 uL/min,test,test/good/cell_type_A549/4_days/230424_78.png
230424_79,230424,79,A549,1,,4,4,1.00E+06,2.33 uL/min,train,train/good/cell_type_A549/4_days/230424_79.png
230424_80,230424,80,A549,0,,4,4,1.00E+06,2.33 uL/min,train,train/bad/cell_type_A549/4_days/230424_80.png
230424_81,230424,81,A549,0,,4,4,1.00E+06,2.33 uL/min,train,train/bad/cell_type_A549/4_days/230424_81.png
230424_82,230424,82,A549,1,,4,4,1.00E+06,2.33 uL/min,train,train/good/cell_type_A549/4_days/230424_82.png
230424_83,230424,83,A549,1,,4,4,1.00E+06,2.33 uL/min,test,test/good/cell_type_A549/4_days/230424_83.png
230424_84,230424,84,A549,1,,4,4,1.00E+06,2.33 uL/min,train,train/good/cell_type_A549/4_days/230424_84.png
230424_85,230424,85,A549,1,,4,4,1.00E+06,2.33 uL/min,test,test/good/cell_type_A549/4_days/230424_85.png
230424_86,230424,86,A549,1,,4,4,1.00E+06,2.33 uL/min,train,train/good/cell_type_A549/4_days/230424_86.png
230424_87,230424,87,A549,1,,4,4,1.00E+06,2.33 uL/min,test,test/good/cell_type_A549/4_days/230424_87.png
230424_88,230424,88,A549,1,,4,4,1.00E+06,2.33 uL/min,test,test/good/cell_type_A549/4_days/230424_88.png
230424_89,230424,89,A549,1,,4,4,1.00E+06,2.33 uL/min,train,train/good/cell_type_A549/4_days/230424_89.png
230424_90,230424,90,A549,1,,4,4,1.00E+06,2.33 uL/min,train,train/good/cell_type_A549/4_days/230424_90.png
230424_91,230424,91,A549,1,,4,4,1.00E+06,2.33 uL/min,val,val/good/cell_type_A549/4_days/230424_91.png
230424_92,230424,92,A549,1,,4,4,1.00E+06,2.33 uL/min,train,train/good/cell_type_A549/4_days/230424_92.png
230424_93,230424,93,A549,1,,4,4,1.00E+06,2.33 uL/min,train,train/good/cell_type_A549/4_days/230424_93.png
230424_94,230424,94,A549,1,,4,4,1.00E+06,2.33 uL/min,train,train/good/cell_type_A549/4_days/230424_94.png
230424_95,230424,95,A549,1,,4,4,1.00E+06,2.33 uL/min,train,train/good/cell_type_A549/4_days/230424_95.png
230424_96,230424,96,A549,0,,4,4,1.00E+06,2.33 uL/min,train,train/bad/cell_type_A549/4_days/230424_96.png
230424_97,230424,97,A549,1,,4,4,1.00E+06,2.33 uL/min,train,train/good/cell_type_A549/4_days/230424_97.png
230424_98,230424,98,A549,0,,4,4,1.00E+06,2.33 uL/min,test,test/bad/cell_type_A549/4_days/230424_98.png
230424_99,230424,99,A549,0,,4,4,1.00E+06,2.33 uL/min,train,train/bad/cell_type_A549/4_days/230424_99.png
230424_100,230424,100,A549,1,,4,4,1.00E+06,2.33 uL/min,train,train/good/cell_type_A549/4_days/230424_100.png
230424_101,230424,101,A549,0,,4,4,1.00E+06,2.33 uL/min,train,train/bad/cell_type_A549/4_days/230424_101.png
230424_102,230424,102,A549,0,,4,4,1.00E+06,2.33 uL/min,train,train/bad/cell_type_A549/4_days/230424_102.png
230424_103,230424,103,A549,0,,4,4,1.00E+06,2.33 uL/min,val,val/bad/cell_type_A549/4_days/230424_103.png
230424_104,230424,104,A549,0,,4,4,1.00E+06,2.33 uL/min,test,test/bad/cell_type_A549/4_days/230424_104.png
230424_105,230424,105,A549,1,,4,4,1.00E+06,2.33 uL/min,train,train/good/cell_type_A549/4_days/230424_105.png
230424_106,230424,106,A549,1,,4,4,1.00E+06,2.33 uL/min,train,train/good/cell_type_A549/4_days/230424_106.png
230424_107,230424,107,A549,0,,4,4,1.00E+06,2.33 uL/min,test,test/bad/cell_type_A549/4_days/230424_107.png
230424_108,230424,108,A549,0,,4,4,1.00E+06,2.33 uL/min,train,train/bad/cell_type_A549/4_days/230424_108.png
230425_1,230425,1,HPMEC,0,,8,4+,6.00E+06,2uL/min,train,train/bad/cell_type_HPMEC/4+_days/230425_1.png
230425_2,230425,2,HPMEC,0,,8,4+,6.00E+06,2uL/min,test,test/bad/cell_type_HPMEC/4+_days/230425_2.png
230425_3,230425,3,HPMEC,0,,8,4+,6.00E+06,2uL/min,train,train/bad/cell_type_HPMEC/4+_days/230425_3.png
230425_4,230425,4,HPMEC,0,,8,4+,6.00E+06,2uL/min,train,train/bad/cell_type_HPMEC/4+_days/230425_4.png
230425_5,230425,5,HPMEC,0,,8,4+,6.00E+06,2uL/min,train,train/bad/cell_type_HPMEC/4+_days/230425_5.png
230425_6,230425,6,HPMEC,0,,8,4+,6.00E+06,2uL/min,val,val/bad/cell_type_HPMEC/4+_days/230425_6.png
230425_7,230425,7,HPMEC,0,,8,4+,6.00E+06,2uL/min,train,train/bad/cell_type_HPMEC/4+_days/230425_7.png
230425_8,230425,8,HPMEC,0,,8,4+,6.00E+06,2uL/min,test,test/bad/cell_type_HPMEC/4+_days/230425_8.png
230425_9,230425,9,HPMEC,0,,8,4+,6.00E+06,2uL/min,train,train/bad/cell_type_HPMEC/4+_days/230425_9.png
230425_10,230425,10,HPMEC,0,,8,4+,6.00E+06,2uL/min,test,test/bad/cell_type_HPMEC/4+_days/230425_10.png
230425_11,230425,11,HPMEC,0,,8,4+,6.00E+06,2uL/min,train,train/bad/cell_type_HPMEC/4+_days/230425_11.png
230425_12,230425,12,HPMEC,0,,8,4+,6.00E+06,2uL/min,train,train/bad/cell_type_HPMEC/4+_days/230425_12.png
230425_13,230425,13,HPMEC,0,,8,4+,6.00E+06,2uL/min,train,train/bad/cell_type_HPMEC/4+_days/230425_13.png
230425_14,230425,14,HPMEC,0,,8,4+,6.00E+06,2uL/min,train,train/bad/cell_type_HPMEC/4+_days/230425_14.png
230425_15,230425,15,HPMEC,0,,8,4+,6.00E+06,2uL/min,test,test/bad/cell_type_HPMEC/4+_days/230425_15.png
230425_16,230425,16,HPMEC,0,,8,4+,6.00E+06,2uL/min,train,train/bad/cell_type_HPMEC/4+_days/230425_16.png
230425_17,230425,17,HPMEC,0,,8,4+,6.00E+06,2uL/min,test,test/bad/cell_type_HPMEC/4+_days/230425_17.png
230425_18,230425,18,HPMEC,1,,8,4+,6.00E+06,2uL/min,train,train/good/cell_type_HPMEC/4+_days/230425_18.png
230425_19,230425,19,HPMEC,1,,8,4+,6.00E+06,2uL/min,train,train/good/cell_type_HPMEC/4+_days/230425_19.png
230425_20,230425,20,HPMEC,1,,8,4+,6.00E+06,2uL/min,train,train/good/cell_type_HPMEC/4+_days/230425_20.png
230425_21,230425,21,HPMEC,1,,8,4+,6.00E+06,2uL/min,test,test/good/cell_type_HPMEC/4+_days/230425_21.png
230425_22,230425,22,HPMEC,1,,8,4+,6.00E+06,2uL/min,train,train/good/cell_type_HPMEC/4+_days/230425_22.png
230425_23,230425,23,HPMEC,1,,8,4+,6.00E+06,2uL/min,train,train/good/cell_type_HPMEC/4+_days/230425_23.png
230425_24,230425,24,HPMEC,1,,8,4+,6.00E+06,2uL/min,train,train/good/cell_type_HPMEC/4+_days/230425_24.png
230425_25,230425,25,HPMEC,1,,8,4+,6.00E+06,2uL/min,train,train/good/cell_type_HPMEC/4+_days/230425_25.png
230425_26,230425,26,HPMEC,1,,8,4+,6.00E+06,2uL/min,train,train/good/cell_type_HPMEC/4+_days/230425_26.png
230425_27,230425,27,HPMEC,1,,8,4+,6.00E+06,2uL/min,train,train/good/cell_type_HPMEC/4+_days/230425_27.png
230425_28,230425,28,HPMEC,1,,8,4+,6.00E+06,2uL/min,train,train/good/cell_type_HPMEC/4+_days/230425_28.png
230425_29,230425,29,HPMEC,1,,8,4+,6.00E+06,2uL/min,val,val/good/cell_type_HPMEC/4+_days/230425_29.png
230425_30,230425,30,HPMEC,1,,8,4+,6.00E+06,2uL/min,test,test/good/cell_type_HPMEC/4+_days/230425_30.png
230425_31,230425,31,HPMEC,1,,8,4+,6.00E+06,2uL/min,train,train/good/cell_type_HPMEC/4+_days/230425_31.png
230425_32,230425,32,HPMEC,1,,8,4+,6.00E+06,2uL/min,test,test/good/cell_type_HPMEC/4+_days/230425_32.png
230425_33,230425,33,HPMEC,1,,8,4+,6.00E+06,2uL/min,train,train/good/cell_type_HPMEC/4+_days/230425_33.png
230425_34,230425,34,HPMEC,1,,8,4+,6.00E+06,2uL/min,val,val/good/cell_type_HPMEC/4+_days/230425_34.png
230425_35,230425,35,HPMEC,1,,8,4+,6.00E+06,2uL/min,val,val/good/cell_type_HPMEC/4+_days/230425_35.png
230425_36,230425,36,HPMEC,1,,8,4+,6.00E+06,2uL/min,test,test/good/cell_type_HPMEC/4+_days/230425_36.png
230425_37,230425,37,HPMEC,1,,8,4+,6.00E+06,2uL/min,train,train/good/cell_type_HPMEC/4+_days/230425_37.png
230425_38,230425,38,HPMEC,1,,8,4+,6.00E+06,2uL/min,train,train/good/cell_type_HPMEC/4+_days/230425_38.png
230425_39,230425,39,HPMEC,1,,8,4+,6.00E+06,2uL/min,test,test/good/cell_type_HPMEC/4+_days/230425_39.png
230425_40,230425,40,HPMEC,1,,8,4+,6.00E+06,2uL/min,test,test/good/cell_type_HPMEC/4+_days/230425_40.png
230425_41,230425,41,HPMEC,1,,8,4+,6.00E+06,2uL/min,test,test/good/cell_type_HPMEC/4+_days/230425_41.png
230425_42,230425,42,HPMEC,1,,8,4+,6.00E+06,2uL/min,test,test/good/cell_type_HPMEC/4+_days/230425_42.png
230425_43,230425,43,HPMEC,1,,8,4+,6.00E+06,2uL/min,train,train/good/cell_type_HPMEC/4+_days/230425_43.png
230425_44,230425,44,HPMEC,1,,8,4+,6.00E+06,2uL/min,train,train/good/cell_type_HPMEC/4+_days/230425_44.png
230425_45,230425,45,HPMEC,1,,8,4+,6.00E+06,2uL/min,val,val/good/cell_type_HPMEC/4+_days/230425_45.png
230425_46,230425,46,HPMEC,1,,8,4+,6.00E+06,2uL/min,train,train/good/cell_type_HPMEC/4+_days/230425_46.png
230425_47,230425,47,HPMEC,1,,8,4+,6.00E+06,2uL/min,train,train/good/cell_type_HPMEC/4+_days/230425_47.png
230425_48,230425,48,HPMEC,1,,8,4+,6.00E+06,2uL/min,train,train/good/cell_type_HPMEC/4+_days/230425_48.png
230425_49,230425,49,HPMEC,1,,8,4+,6.00E+06,2uL/min,train,train/good/cell_type_HPMEC/4+_days/230425_49.png
230425_50,230425,50,HPMEC,1,,8,4+,6.00E+06,2uL/min,train,train/good/cell_type_HPMEC/4+_days/230425_50.png
230425_51,230425,51,HPMEC,1,,8,4+,6.00E+06,2uL/min,train,train/good/cell_type_HPMEC/4+_days/230425_51.png
230425_52,230425,52,A549,0,,5,4+,1.00E+06,2.33 uL/min,train,train/bad/cell_type_A549/4+_days/230425_52.png
230425_53,230425,53,A549,0,,5,4+,1.00E+06,2.33 uL/min,train,train/bad/cell_type_A549/4+_days/230425_53.png
230425_54,230425,54,A549,0,,5,4+,1.00E+06,2.33 uL/min,train,train/bad/cell_type_A549/4+_days/230425_54.png
230425_55,230425,55,A549,0,,5,4+,1.00E+06,2.33 uL/min,val,val/bad/cell_type_A549/4+_days/230425_55.png
230425_56,230425,56,A549,0,,5,4+,1.00E+06,2.33 uL/min,train,train/bad/cell_type_A549/4+_days/230425_56.png
230425_57,230425,57,A549,0,,5,4+,1.00E+06,2.33 uL/min,train,train/bad/cell_type_A549/4+_days/230425_57.png
230425_58,230425,58,A549,0,,5,4+,1.00E+06,2.33 uL/min,train,train/bad/cell_type_A549/4+_days/230425_58.png
230425_59,230425,59,A549,0,,5,4+,1.00E+06,2.33 uL/min,test,test/bad/cell_type_A549/4+_days/230425_59.png
230425_60,230425,60,A549,0,,5,4+,1.00E+06,2.33 uL/min,train,train/bad/cell_type_A549/4+_days/230425_60.png
230425_61,230425,61,A549,1,,5,4+,1.00E+06,2.33 uL/min,train,train/good/cell_type_A549/4+_days/230425_61.png
230425_62,230425,62,A549,1,,5,4+,1.00E+06,2.33 uL/min,train,train/good/cell_type_A549/4+_days/230425_62.png
230425_63,230425,63,A549,1,,5,4+,1.00E+06,2.33 uL/min,train,train/good/cell_type_A549/4+_days/230425_63.png
230425_64,230425,64,A549,1,,5,4+,1.00E+06,2.33 uL/min,val,val/good/cell_type_A549/4+_days/230425_64.png
230425_65,230425,65,A549,1,,5,4+,1.00E+06,2.33 uL/min,train,train/good/cell_type_A549/4+_days/230425_65.png
230425_66,230425,66,A549,0,,5,4+,1.00E+06,2.33 uL/min,train,train/bad/cell_type_A549/4+_days/230425_66.png
230425_67,230425,67,A549,0,,5,4+,1.00E+06,2.33 uL/min,test,test/bad/cell_type_A549/4+_days/230425_67.png
230425_68,230425,68,A549,0,,5,4+,1.00E+06,2.33 uL/min,train,train/bad/cell_type_A549/4+_days/230425_68.png
230425_69,230425,69,A549,0,,5,4+,1.00E+06,2.33 uL/min,train,train/bad/cell_type_A549/4+_days/230425_69.png
230425_70,230425,70,A549,1,,5,4+,1.00E+06,2.33 uL/min,train,train/good/cell_type_A549/4+_days/230425_70.png
230425_71,230425,71,A549,1,,5,4+,1.00E+06,2.33 uL/min,test,test/good/cell_type_A549/4+_days/230425_71.png
230425_72,230425,72,A549,1,,5,4+,1.00E+06,2.33 uL/min,train,train/good/cell_type_A549/4+_days/230425_72.png
230425_73,230425,73,A549,1,,5,4+,1.00E+06,2.33 uL/min,train,train/good/cell_type_A549/4+_days/230425_73.png
230425_74,230425,74,A549,1,,5,4+,1.00E+06,2.33 uL/min,train,train/good/cell_type_A549/4+_days/230425_74.png
230425_75,230425,75,A549,1,,5,4+,1.00E+06,2.33 uL/min,train,train/good/cell_type_A549/4+_days/230425_75.png
230425_76,230425,76,A549,1,,5,4+,1.00E+06,2.33 uL/min,test,test/good/cell_type_A549/4+_days/230425_76.png
230425_77,230425,77,A549,1,,5,4+,1.00E+06,2.33 uL/min,train,train/good/cell_type_A549/4+_days/230425_77.png
230425_78,230425,78,A549,1,,5,4+,1.00E+06,2.33 uL/min,train,train/good/cell_type_A549/4+_days/230425_78.png
230425_79,230425,79,A549,0,,5,4+,1.00E+06,2.33 uL/min,test,test/bad/cell_type_A549/4+_days/230425_79.png
230425_80,230425,80,A549,0,,5,4+,1.00E+06,2.33 uL/min,train,train/bad/cell_type_A549/4+_days/230425_80.png
230425_81,230425,81,A549,0,,5,4+,1.00E+06,2.33 uL/min,test,test/bad/cell_type_A549/4+_days/230425_81.png
230425_82,230425,82,A549,0,,5,4+,1.00E+06,2.33 uL/min,val,val/bad/cell_type_A549/4+_days/230425_82.png
230425_83,230425,83,A549,0,,5,4+,1.00E+06,2.33 uL/min,test,test/bad/cell_type_A549/4+_days/230425_83.png
230425_84,230425,84,A549,0,,5,4+,1.00E+06,2.33 uL/min,train,train/bad/cell_type_A549/4+_days/230425_84.png
230425_85,230425,85,A549,0,,5,4+,1.00E+06,2.33 uL/min,train,train/bad/cell_type_A549/4+_days/230425_85.png
230425_86,230425,86,A549,1,,5,4+,1.00E+06,2.33 uL/min,train,train/good/cell_type_A549/4+_days/230425_86.png
230425_87,230425,87,A549,1,,5,4+,1.00E+06,2.33 uL/min,train,train/good/cell_type_A549/4+_days/230425_87.png
230425_88,230425,88,A549,1,,5,4+,1.00E+06,2.33 uL/min,test,test/good/cell_type_A549/4+_days/230425_88.png
230425_89,230425,89,A549,1,,5,4+,1.00E+06,2.33 uL/min,train,train/good/cell_type_A549/4+_days/230425_89.png
230425_90,230425,90,A549,1,,5,4+,1.00E+06,2.33 uL/min,test,test/good/cell_type_A549/4+_days/230425_90.png
230425_91,230425,91,A549,1,,5,4+,1.00E+06,2.33 uL/min,val,val/good/cell_type_A549/4+_days/230425_91.png
230425_92,230425,92,A549,1,,5,4+,1.00E+06,2.33 uL/min,train,train/good/cell_type_A549/4+_days/230425_92.png
230425_93,230425,93,A549,1,,5,4+,1.00E+06,2.33 uL/min,test,test/good/cell_type_A549/4+_days/230425_93.png
230425_94,230425,94,A549,1,,5,4+,1.00E+06,2.33 uL/min,train,train/good/cell_type_A549/4+_days/230425_94.png
230425_95,230425,95,A549,1,,5,4+,1.00E+06,2.33 uL/min,train,train/good/cell_type_A549/4+_days/230425_95.png
230425_96,230425,96,A549,1,,5,4+,1.00E+06,2.33 uL/min,test,test/good/cell_type_A549/4+_days/230425_96.png
230425_97,230425,97,A549,1,,5,4+,1.00E+06,2.33 uL/min,val,val/good/cell_type_A549/4+_days/230425_97.png
230425_98,230425,98,A549,1,,5,4+,1.00E+06,2.33 uL/min,train,train/good/cell_type_A549/4+_days/230425_98.png
230425_99,230425,99,A549,1,,5,4+,1.00E+06,2.33 uL/min,train,train/good/cell_type_A549/4+_days/230425_99.png
230425_100,230425,100,A549,1,,5,4+,1.00E+06,2.33 uL/min,test,test/good/cell_type_A549/4+_days/230425_100.png
230425_101,230425,101,A549,1,,5,4+,1.00E+06,2.33 uL/min,train,train/good/cell_type_A549/4+_days/230425_101.png
230425_102,230425,102,A549,0,,5,4+,1.00E+06,2.33 uL/min,train,train/bad/cell_type_A549/4+_days/230425_102.png
230425_103,230425,103,A549,0,,5,4+,1.00E+06,2.33 uL/min,train,train/bad/cell_type_A549/4+_days/230425_103.png
230425_104,230425,104,A549,0,,5,4+,1.00E+06,2.33 uL/min,train,train/bad/cell_type_A549/4+_days/230425_104.png
230425_105,230425,105,A549,0,,5,4+,1.00E+06,2.33 uL/min,val,val/bad/cell_type_A549/4+_days/230425_105.png
230425_106,230425,106,HPMEC,0,,8,4+,6.00E+06,2 uL/min,train,train/bad/cell_type_HPMEC/4+_days/230425_106.png
230425_107,230425,107,HPMEC,1,,8,4+,6.00E+06,2 uL/min,train,train/good/cell_type_HPMEC/4+_days/230425_107.png
230425_108,230425,108,HPMEC,1,,8,4+,6.00E+06,2 uL/min,test,test/good/cell_type_HPMEC/4+_days/230425_108.png
230425_109,230425,109,HPMEC,1,,8,4+,6.00E+06,2 uL/min,train,train/good/cell_type_HPMEC/4+_days/230425_109.png
230425_110,230425,110,HPMEC,1,,8,4+,6.00E+06,2 uL/min,train,train/good/cell_type_HPMEC/4+_days/230425_110.png
230425_111,230425,111,HPMEC,1,,8,4+,6.00E+06,2 uL/min,test,test/good/cell_type_HPMEC/4+_days/230425_111.png
230425_112,230425,112,HPMEC,1,,8,4+,6.00E+06,2 uL/min,train,train/good/cell_type_HPMEC/4+_days/230425_112.png
230425_113,230425,113,HPMEC,1,,8,4+,6.00E+06,2 uL/min,train,train/good/cell_type_HPMEC/4+_days/230425_113.png
230425_114,230425,114,HPMEC,1,,8,4+,6.00E+06,2 uL/min,train,train/good/cell_type_HPMEC/4+_days/230425_114.png
230425_115,230425,115,HPMEC,1,,8,4+,6.00E+06,2 uL/min,train,train/good/cell_type_HPMEC/4+_days/230425_115.png
230425_116,230425,116,HPMEC,1,,8,4+,6.00E+06,2 uL/min,val,val/good/cell_type_HPMEC/4+_days/230425_116.png
230425_117,230425,117,HPMEC,1,,8,4+,6.00E+06,2 uL/min,train,train/good/cell_type_HPMEC/4+_days/230425_117.png
230425_118,230425,118,HPMEC,1,,8,4+,6.00E+06,2 uL/min,train,train/good/cell_type_HPMEC/4+_days/230425_118.png
230425_119,230425,119,HPMEC,1,,8,4+,6.00E+06,2 uL/min,train,train/good/cell_type_HPMEC/4+_days/230425_119.png
230425_120,230425,120,HPMEC,1,,8,4+,6.00E+06,2 uL/min,train,train/good/cell_type_HPMEC/4+_days/230425_120.png
230425_121,230425,121,HPMEC,1,,8,4+,6.00E+06,2 uL/min,train,train/good/cell_type_HPMEC/4+_days/230425_121.png
230425_122,230425,122,HPMEC,1,,8,4+,6.00E+06,2 uL/min,test,test/good/cell_type_HPMEC/4+_days/230425_122.png
230425_123,230425,123,HPMEC,1,,8,4+,6.00E+06,2 uL/min,train,train/good/cell_type_HPMEC/4+_days/230425_123.png
230425_124,230425,124,HPMEC,1,,8,4+,6.00E+06,2 uL/min,test,test/good/cell_type_HPMEC/4+_days/230425_124.png
230425_125,230425,125,HPMEC,0,,8,4+,6.00E+06,2 uL/min,train,train/bad/cell_type_HPMEC/4+_days/230425_125.png
230425_126,230425,126,HPMEC,1,,8,4+,6.00E+06,2 uL/min,val,val/good/cell_type_HPMEC/4+_days/230425_126.png
230425_127,230425,127,HPMEC,1,,8,4+,6.00E+06,2 uL/min,train,train/good/cell_type_HPMEC/4+_days/230425_127.png
230425_128,230425,128,HPMEC,0,,8,4+,6.00E+06,2 uL/min,test,test/bad/cell_type_HPMEC/4+_days/230425_128.png
230425_129,230425,129,HPMEC,0,,8,4+,6.00E+06,2 uL/min,train,train/bad/cell_type_HPMEC/4+_days/230425_129.png
230425_130,230425,130,HPMEC,0,,8,4+,6.00E+06,2 uL/min,val,val/bad/cell_type_HPMEC/4+_days/230425_130.png
230425_131,230425,131,HPMEC,0,,8,4+,6.00E+06,2 uL/min,test,test/bad/cell_type_HPMEC/4+_days/230425_131.png
230425_132,230425,132,HPMEC,0,,8,4+,6.00E+06,2 uL/min,train,train/bad/cell_type_HPMEC/4+_days/230425_132.png
230425_133,230425,133,HPMEC,1,,8,4+,6.00E+06,2 uL/min,test,test/good/cell_type_HPMEC/4+_days/230425_133.png
230425_134,230425,134,HPMEC,1,,8,4+,6.00E+06,2 uL/min,test,test/good/cell_type_HPMEC/4+_days/230425_134.png
230425_135,230425,135,HPMEC,1,,8,4+,6.00E+06,2 uL/min,train,train/good/cell_type_HPMEC/4+_days/230425_135.png
230425_136,230425,136,HPMEC,1,,8,4+,6.00E+06,2 uL/min,test,test/good/cell_type_HPMEC/4+_days/230425_136.png
230425_137,230425,137,HPMEC,1,,8,4+,6.00E+06,2 uL/min,test,test/good/cell_type_HPMEC/4+_days/230425_137.png
230425_138,230425,138,HPMEC,1,,8,4+,6.00E+06,2 uL/min,train,train/good/cell_type_HPMEC/4+_days/230425_138.png
230425_139,230425,139,HPMEC,1,,8,4+,6.00E+06,2 uL/min,train,train/good/cell_type_HPMEC/4+_days/230425_139.png
230425_140,230425,140,HPMEC,1,,8,4+,6.00E+06,2 uL/min,train,train/good/cell_type_HPMEC/4+_days/230425_140.png
230425_141,230425,141,HPMEC,1,,8,4+,6.00E+06,2 uL/min,val,val/good/cell_type_HPMEC/4+_days/230425_141.png
230425_142,230425,142,A549,1,,5,4+,1.00E+06,2.77 uL/min,train,train/good/cell_type_A549/4+_days/230425_142.png
230425_143,230425,143,A549,1,,5,4+,1.00E+06,2.77 uL/min,test,test/good/cell_type_A549/4+_days/230425_143.png
230425_144,230425,144,A549,1,,5,4+,1.00E+06,2.77 uL/min,train,train/good/cell_type_A549/4+_days/230425_144.png
230425_145,230425,145,A549,1,,5,4+,1.00E+06,2.77 uL/min,test,test/good/cell_type_A549/4+_days/230425_145.png
230425_146,230425,146,A549,1,,5,4+,1.00E+06,2.77 uL/min,train,train/good/cell_type_A549/4+_days/230425_146.png
230425_147,230425,147,A549,1,,5,4+,1.00E+06,2.77 uL/min,train,train/good/cell_type_A549/4+_days/230425_147.png
230425_148,230425,148,A549,1,,5,4+,1.00E+06,2.77 uL/min,train,train/good/cell_type_A549/4+_days/230425_148.png
230425_149,230425,149,A549,1,,5,4+,1.00E+06,2.77 uL/min,train,train/good/cell_type_A549/4+_days/230425_149.png
230425_150,230425,150,A549,1,,5,4+,1.00E+06,2.77 uL/min,val,val/good/cell_type_A549/4+_days/230425_150.png
230425_151,230425,151,A549,1,,5,4+,1.00E+06,2.77 uL/min,train,train/good/cell_type_A549/4+_days/230425_151.png
230425_152,230425,152,A549,1,,5,4+,1.00E+06,2.77 uL/min,test,test/good/cell_type_A549/4+_days/230425_152.png
230425_153,230425,153,A549,1,,5,4+,1.00E+06,2.77 uL/min,train,train/good/cell_type_A549/4+_days/230425_153.png
230425_154,230425,154,A549,1,,5,4+,1.00E+06,2.77 uL/min,train,train/good/cell_type_A549/4+_days/230425_154.png
230425_155,230425,155,A549,1,,5,4+,1.00E+06,2.77 uL/min,test,test/good/cell_type_A549/4+_days/230425_155.png
230425_156,230425,156,A549,1,,5,4+,1.00E+06,2.77 uL/min,train,train/good/cell_type_A549/4+_days/230425_156.png
230425_157,230425,157,A549,1,,5,4+,1.00E+06,2.77 uL/min,train,train/good/cell_type_A549/4+_days/230425_157.png
230425_158,230425,158,A549,1,,5,4+,1.00E+06,2.77 uL/min,train,train/good/cell_type_A549/4+_days/230425_158.png
230425_159,230425,159,A549,1,,5,4+,1.00E+06,2.77 uL/min,train,train/good/cell_type_A549/4+_days/230425_159.png
230425_160,230425,160,A549,0,,5,4+,1.00E+06,2.77 uL/min,train,train/bad/cell_type_A549/4+_days/230425_160.png
230425_161,230425,161,A549,0,,5,4+,1.00E+06,2.77 uL/min,test,test/bad/cell_type_A549/4+_days/230425_161.png
230425_162,230425,162,A549,0,,5,4+,1.00E+06,2.77 uL/min,val,val/bad/cell_type_A549/4+_days/230425_162.png
230425_163,230425,163,A549,0,,5,4+,1.00E+06,2.77 uL/min,train,train/bad/cell_type_A549/4+_days/230425_163.png
230425_164,230425,164,A549,0,,5,4+,1.00E+06,2.77 uL/min,train,train/bad/cell_type_A549/4+_days/230425_164.png
230425_165,230425,165,A549,0,,5,4+,1.00E+06,2.77 uL/min,test,test/bad/cell_type_A549/4+_days/230425_165.png
230425_166,230425,166,A549,0,,5,4+,1.00E+06,2.77 uL/min,test,test/bad/cell_type_A549/4+_days/230425_166.png
230425_167,230425,167,A549,0,,5,4+,1.00E+06,2.77 uL/min,train,train/bad/cell_type_A549/4+_days/230425_167.png
230425_168,230425,168,A549,0,,5,4+,1.00E+06,2.77 uL/min,train,train/bad/cell_type_A549/4+_days/230425_168.png
230425_169,230425,169,A549,0,,5,4+,1.00E+06,2.77 uL/min,train,train/bad/cell_type_A549/4+_days/230425_169.png
230425_170,230425,170,A549,1,,5,4+,1.00E+06,2.77 uL/min,train,train/good/cell_type_A549/4+_days/230425_170.png
230425_171,230425,171,A549,1,,5,4+,1.00E+06,2.77 uL/min,train,train/good/cell_type_A549/4+_days/230425_171.png
230425_172,230425,172,A549,1,,5,4+,1.00E+06,2.77 uL/min,train,train/good/cell_type_A549/4+_days/230425_172.png
230425_173,230425,173,A549,1,,5,4+,1.00E+06,2.77 uL/min,train,train/good/cell_type_A549/4+_days/230425_173.png
230425_174,230425,174,A549,1,,5,4+,1.00E+06,2.77 uL/min,train,train/good/cell_type_A549/4+_days/230425_174.png
230425_175,230425,175,A549,1,,5,4+,1.00E+06,2.77 uL/min,train,train/good/cell_type_A549/4+_days/230425_175.png
230425_176,230425,176,A549,0,,5,4+,1.00E+06,2.77 uL/min,test,test/bad/cell_type_A549/4+_days/230425_176.png
230425_177,230425,177,A549,1,,5,4+,1.00E+06,2.77 uL/min,train,train/good/cell_type_A549/4+_days/230425_177.png
230425_178,230425,178,A549,0,,5,4+,1.00E+06,2.77 uL/min,train,train/bad/cell_type_A549/4+_days/230425_178.png
230425_179,230425,179,A549,1,,5,4+,1.00E+06,2.77 uL/min,train,train/good/cell_type_A549/4+_days/230425_179.png
230425_180,230425,180,CACO,0,,8,4+,2.00E+06,2uL/min,train,train/bad/cell_type_CACO/4+_days/230425_180.png
230425_181,230425,181,CACO,0,,8,4+,2.00E+06,2uL/min,train,train/bad/cell_type_CACO/4+_days/230425_181.png
230425_182,230425,182,CACO,0,,8,4+,2.00E+06,2uL/min,val,val/bad/cell_type_CACO/4+_days/230425_182.png
230425_183,230425,183,CACO,0,,8,4+,2.00E+06,2uL/min,test,test/bad/cell_type_CACO/4+_days/230425_183.png
230425_184,230425,184,CACO,0,,8,4+,2.00E+06,2uL/min,train,train/bad/cell_type_CACO/4+_days/230425_184.png
230425_185,230425,185,CACO,0,,8,4+,2.00E+06,2uL/min,train,train/bad/cell_type_CACO/4+_days/230425_185.png
230425_186,230425,186,CACO,0,,8,4+,2.00E+06,2uL/min,test,test/bad/cell_type_CACO/4+_days/230425_186.png
230425_187,230425,187,CACO,0,,8,4+,2.00E+06,2uL/min,train,train/bad/cell_type_CACO/4+_days/230425_187.png
230425_188,230425,188,CACO,0,,8,4+,2.00E+06,2uL/min,val,val/bad/cell_type_CACO/4+_days/230425_188.png
230425_189,230425,189,CACO,0,,8,4+,2.00E+06,2uL/min,val,val/bad/cell_type_CACO/4+_days/230425_189.png
230425_190,230425,190,CACO,0,,8,4+,2.00E+06,2uL/min,train,train/bad/cell_type_CACO/4+_days/230425_190.png
230425_191,230425,191,CACO,0,,8,4+,2.00E+06,2uL/min,test,test/bad/cell_type_CACO/4+_days/230425_191.png
230425_192,230425,192,CACO,0,,8,4+,2.00E+06,2uL/min,train,train/bad/cell_type_CACO/4+_days/230425_192.png
230425_193,230425,193,CACO,0,,8,4+,2.00E+06,2uL/min,train,train/bad/cell_type_CACO/4+_days/230425_193.png
230425_194,230425,194,CACO,0,,8,4+,2.00E+06,2uL/min,train,train/bad/cell_type_CACO/4+_days/230425_194.png
230425_195,230425,195,CACO,0,,8,4+,2.00E+06,2uL/min,val,val/bad/cell_type_CACO/4+_days/230425_195.png
230425_196,230425,196,CACO,0,,8,4+,2.00E+06,2uL/min,train,train/bad/cell_type_CACO/4+_days/230425_196.png
230425_197,230425,197,CACO,0,,8,4+,2.00E+06,2uL/min,test,test/bad/cell_type_CACO/4+_days/230425_197.png
230425_198,230425,198,CACO,0,,8,4+,2.00E+06,2uL/min,val,val/bad/cell_type_CACO/4+_days/230425_198.png
230425_199,230425,199,CACO,0,,8,4+,2.00E+06,2uL/min,val,val/bad/cell_type_CACO/4+_days/230425_199.png
230425_200,230425,200,CACO,0,,8,4+,2.00E+06,2uL/min,train,train/bad/cell_type_CACO/4+_days/230425_200.png
230425_201,230425,201,CACO,0,,8,4+,2.00E+06,2uL/min,train,train/bad/cell_type_CACO/4+_days/230425_201.png
230425_202,230425,202,CACO,0,,8,4+,2.00E+06,2uL/min,train,train/bad/cell_type_CACO/4+_days/230425_202.png
230425_203,230425,203,CACO,0,,8,4+,2.00E+06,2uL/min,test,test/bad/cell_type_CACO/4+_days/230425_203.png
230425_204,230425,204,CACO,0,,8,4+,2.00E+06,2uL/min,val,val/bad/cell_type_CACO/4+_days/230425_204.png
230425_205,230425,205,CACO,0,,8,4+,2.00E+06,2uL/min,test,test/bad/cell_type_CACO/4+_days/230425_205.png
230425_206,230425,206,CACO,0,,8,4+,2.00E+06,2uL/min,train,train/bad/cell_type_CACO/4+_days/230425_206.png
230425_207,230425,207,CACO,0,,8,4+,2.00E+06,2uL/min,train,train/bad/cell_type_CACO/4+_days/230425_207.png
230425_208,230425,208,CACO,0,,8,4+,2.00E+06,2uL/min,train,train/bad/cell_type_CACO/4+_days/230425_208.png
230425_209,230425,209,CACO,0,,8,4+,2.00E+06,2uL/min,test,test/bad/cell_type_CACO/4+_days/230425_209.png
230425_210,230425,210,CACO,0,,8,4+,2.00E+06,2uL/min,train,train/bad/cell_type_CACO/4+_days/230425_210.png
230425_211,230425,211,CACO,0,,8,4+,2.00E+06,2uL/min,test,test/bad/cell_type_CACO/4+_days/230425_211.png
230425_212,230425,212,CACO,0,,8,4+,2.00E+06,2uL/min,train,train/bad/cell_type_CACO/4+_days/230425_212.png
230425_213,230425,213,CACO,0,,8,4+,2.00E+06,2uL/min,test,test/bad/cell_type_CACO/4+_days/230425_213.png
230425_214,230425,214,CACO,0,,8,4+,2.00E+06,2uL/min,train,train/bad/cell_type_CACO/4+_days/230425_214.png
230425_215,230425,215,CACO,0,,8,4+,2.00E+06,2uL/min,train,train/bad/cell_type_CACO/4+_days/230425_215.png
230510_1,230510,1,HPMEC,1,,2,2-3,9.00E+06,1.74 uL/min,train,train/good/cell_type_HPMEC/2-3_days/230510_1.png
230510_2,230510,2,HPMEC,1,,2,2-3,9.00E+06,1.74 uL/min,test,test/good/cell_type_HPMEC/2-3_days/230510_2.png
230510_3,230510,3,HPMEC,1,,2,2-3,9.00E+06,1.74 uL/min,train,train/good/cell_type_HPMEC/2-3_days/230510_3.png
230510_4,230510,4,HPMEC,1,,2,2-3,9.00E+06,1.74 uL/min,val,val/good/cell_type_HPMEC/2-3_days/230510_4.png
230510_5,230510,5,HPMEC,0,,2,2-3,9.00E+06,1.74 uL/min,train,train/bad/cell_type_HPMEC/2-3_days/230510_5.png
230510_6,230510,6,HPMEC,1,,2,2-3,9.00E+06,1.74 uL/min,train,train/good/cell_type_HPMEC/2-3_days/230510_6.png
230510_7,230510,7,HPMEC,1,,2,2-3,9.00E+06,1.74 uL/min,train,train/good/cell_type_HPMEC/2-3_days/230510_7.png
230510_8,230510,8,HPMEC,1,,2,2-3,9.00E+06,1.74 uL/min,val,val/good/cell_type_HPMEC/2-3_days/230510_8.png
230510_9,230510,9,HPMEC,1,,2,2-3,9.00E+06,1.74 uL/min,train,train/good/cell_type_HPMEC/2-3_days/230510_9.png
230510_10,230510,10,HPMEC,1,,2,2-3,9.00E+06,1.74 uL/min,train,train/good/cell_type_HPMEC/2-3_days/230510_10.png
230510_11,230510,11,HPMEC,1,,2,2-3,9.00E+06,1.74 uL/min,train,train/good/cell_type_HPMEC/2-3_days/230510_11.png
230510_12,230510,12,HPMEC,0,,2,2-3,9.00E+06,1.74 uL/min,train,train/bad/cell_type_HPMEC/2-3_days/230510_12.png
230510_13,230510,13,HPMEC,0,,2,2-3,9.00E+06,1.74 uL/min,train,train/bad/cell_type_HPMEC/2-3_days/230510_13.png
230510_14,230510,14,HPMEC,1,,2,2-3,9.00E+06,1.74 uL/min,train,train/good/cell_type_HPMEC/2-3_days/230510_14.png
230510_15,230510,15,HPMEC,1,,2,2-3,9.00E+06,1.74 uL/min,train,train/good/cell_type_HPMEC/2-3_days/230510_15.png
230510_16,230510,16,HPMEC,1,,2,2-3,9.00E+06,1.74 uL/min,train,train/good/cell_type_HPMEC/2-3_days/230510_16.png
230510_17,230510,17,HPMEC,1,,2,2-3,9.00E+06,1.74 uL/min,train,train/good/cell_type_HPMEC/2-3_days/230510_17.png
230510_18,230510,18,HPMEC,1,,2,2-3,9.00E+06,1.74 uL/min,test,test/good/cell_type_HPMEC/2-3_days/230510_18.png
230510_19,230510,19,HPMEC,1,,2,2-3,9.00E+06,1.74 uL/min,val,val/good/cell_type_HPMEC/2-3_days/230510_19.png
230510_20,230510,20,HPMEC,1,,2,2-3,9.00E+06,1.74 uL/min,train,train/good/cell_type_HPMEC/2-3_days/230510_20.png
230510_21,230510,21,HPMEC,1,,2,2-3,9.00E+06,1.74 uL/min,train,train/good/cell_type_HPMEC/2-3_days/230510_21.png
230510_22,230510,22,HPMEC,1,,2,2-3,9.00E+06,1.74 uL/min,train,train/good/cell_type_HPMEC/2-3_days/230510_22.png
230510_23,230510,23,HPMEC,1,,2,2-3,9.00E+06,1.74 uL/min,train,train/good/cell_type_HPMEC/2-3_days/230510_23.png
230510_24,230510,24,HPMEC,0,,2,2-3,9.00E+06,1.74 uL/min,train,train/bad/cell_type_HPMEC/2-3_days/230510_24.png
230510_25,230510,25,HPMEC,0,,2,2-3,9.00E+06,1.74 uL/min,val,val/bad/cell_type_HPMEC/2-3_days/230510_25.png
230510_26,230510,26,HPMEC,0,,2,2-3,9.00E+06,1.74 uL/min,train,train/bad/cell_type_HPMEC/2-3_days/230510_26.png
230510_27,230510,27,HPMEC,0,,2,2-3,9.00E+06,1.74 uL/min,train,train/bad/cell_type_HPMEC/2-3_days/230510_27.png
230510_28,230510,28,HPMEC,0,,2,2-3,9.00E+06,1.74 uL/min,train,train/bad/cell_type_HPMEC/2-3_days/230510_28.png
230510_29,230510,29,HPMEC,0,,2,2-3,9.00E+06,1.74 uL/min,train,train/bad/cell_type_HPMEC/2-3_days/230510_29.png
230510_30,230510,30,HPMEC,1,,2,2-3,9.00E+06,1.74 uL/min,train,train/good/cell_type_HPMEC/2-3_days/230510_30.png
230510_31,230510,31,HPMEC,0,,2,2-3,9.00E+06,1.74 uL/min,test,test/bad/cell_type_HPMEC/2-3_days/230510_31.png
230510_32,230510,32,HPMEC,0,,2,2-3,9.00E+06,1.74 uL/min,train,train/bad/cell_type_HPMEC/2-3_days/230510_32.png
230510_33,230510,33,HPMEC,1,,2,2-3,9.00E+06,1.74 uL/min,train,train/good/cell_type_HPMEC/2-3_days/230510_33.png
230510_34,230510,34,HPMEC,0,,2,2-3,9.00E+06,1.74 uL/min,train,train/bad/cell_type_HPMEC/2-3_days/230510_34.png
230510_35,230510,35,HPMEC,0,,2,2-3,9.00E+06,1.74 uL/min,test,test/bad/cell_type_HPMEC/2-3_days/230510_35.png
230510_36,230510,36,HPMEC,1,,2,2-3,9.00E+06,1.74 uL/min,test,test/good/cell_type_HPMEC/2-3_days/230510_36.png
230510_37,230510,37,HPMEC,0,,2,2-3,9.00E+06,1.74 uL/min,test,test/bad/cell_type_HPMEC/2-3_days/230510_37.png
230510_38,230510,38,HPMEC,0,,2,2-3,9.00E+06,1.74 uL/min,train,train/bad/cell_type_HPMEC/2-3_days/230510_38.png
230510_39,230510,39,A549,1,,3,2-3,1.00E+06,2 uL/min,train,train/good/cell_type_A549/2-3_days/230510_39.png
230510_40,230510,40,A549,1,,3,2-3,1.00E+06,2 uL/min,train,train/good/cell_type_A549/2-3_days/230510_40.png
230510_41,230510,41,A549,1,,3,2-3,1.00E+06,2 uL/min,test,test/good/cell_type_A549/2-3_days/230510_41.png
230510_42,230510,42,A549,1,,3,2-3,1.00E+06,2 uL/min,train,train/good/cell_type_A549/2-3_days/230510_42.png
230510_43,230510,43,A549,1,,3,2-3,1.00E+06,2 uL/min,train,train/good/cell_type_A549/2-3_days/230510_43.png
230510_44,230510,44,A549,0,,3,2-3,1.00E+06,2 uL/min,train,train/bad/cell_type_A549/2-3_days/230510_44.png
230510_45,230510,45,A549,1,,3,2-3,1.00E+06,2 uL/min,train,train/good/cell_type_A549/2-3_days/230510_45.png
230510_46,230510,46,A549,1,,3,2-3,1.00E+06,2 uL/min,test,test/good/cell_type_A549/2-3_days/230510_46.png
230510_47,230510,47,A549,1,,3,2-3,1.00E+06,2 uL/min,test,test/good/cell_type_A549/2-3_days/230510_47.png
230510_48,230510,48,A549,1,,3,2-3,1.00E+06,2 uL/min,train,train/good/cell_type_A549/2-3_days/230510_48.png
230510_49,230510,49,A549,1,,3,2-3,1.00E+06,2 uL/min,train,train/good/cell_type_A549/2-3_days/230510_49.png
230510_50,230510,50,A549,1,,3,2-3,1.00E+06,2 uL/min,train,train/good/cell_type_A549/2-3_days/230510_50.png
230510_51,230510,51,A549,1,,3,2-3,1.00E+06,2 uL/min,train,train/good/cell_type_A549/2-3_days/230510_51.png
230510_52,230510,52,A549,1,,3,2-3,1.00E+06,2 uL/min,train,train/good/cell_type_A549/2-3_days/230510_52.png
230510_53,230510,53,A549,1,,3,2-3,1.00E+06,2 uL/min,train,train/good/cell_type_A549/2-3_days/230510_53.png
230510_54,230510,54,A549,1,,3,2-3,1.00E+06,2 uL/min,train,train/good/cell_type_A549/2-3_days/230510_54.png
230510_55,230510,55,A549,1,,3,2-3,1.00E+06,2 uL/min,val,val/good/cell_type_A549/2-3_days/230510_55.png
230510_56,230510,56,A549,1,,3,2-3,1.00E+06,2 uL/min,val,val/good/cell_type_A549/2-3_days/230510_56.png
230510_57,230510,57,A549,1,,3,2-3,1.00E+06,2 uL/min,test,test/good/cell_type_A549/2-3_days/230510_57.png
230510_58,230510,58,A549,1,,3,2-3,1.00E+06,2 uL/min,train,train/good/cell_type_A549/2-3_days/230510_58.png
230510_59,230510,59,A549,1,,3,2-3,1.00E+06,2 uL/min,train,train/good/cell_type_A549/2-3_days/230510_59.png
230510_60,230510,60,A549,1,,3,2-3,1.00E+06,2 uL/min,train,train/good/cell_type_A549/2-3_days/230510_60.png
230510_61,230510,61,A549,1,,3,2-3,1.00E+06,2 uL/min,val,val/good/cell_type_A549/2-3_days/230510_61.png
230510_62,230510,62,A549,1,,3,2-3,1.00E+06,2 uL/min,test,test/good/cell_type_A549/2-3_days/230510_62.png
230510_63,230510,63,A549,1,,3,2-3,1.00E+06,2 uL/min,train,train/good/cell_type_A549/2-3_days/230510_63.png
230510_64,230510,64,A549,1,,3,2-3,1.00E+06,2 uL/min,val,val/good/cell_type_A549/2-3_days/230510_64.png
230510_65,230510,65,A549,1,,3,2-3,1.00E+06,2 uL/min,train,train/good/cell_type_A549/2-3_days/230510_65.png
230510_66,230510,66,A549,1,,3,2-3,1.00E+06,2 uL/min,test,test/good/cell_type_A549/2-3_days/230510_66.png
230510_67,230510,67,A549,1,,3,2-3,1.00E+06,2 uL/min,train,train/good/cell_type_A549/2-3_days/230510_67.png
230510_68,230510,68,A549,0,,3,2-3,1.00E+06,2 uL/min,train,train/bad/cell_type_A549/2-3_days/230510_68.png
230510_69,230510,69,A549,1,,3,2-3,1.00E+06,2 uL/min,train,train/good/cell_type_A549/2-3_days/230510_69.png
230510_70,230510,70,A549,1,,3,2-3,1.00E+06,2 uL/min,test,test/good/cell_type_A549/2-3_days/230510_70.png
230510_71,230510,71,A549,1,,3,2-3,1.00E+06,2 uL/min,test,test/good/cell_type_A549/2-3_days/230510_71.png
230510_72,230510,72,A549,1,,3,2-3,1.00E+06,2 uL/min,test,test/good/cell_type_A549/2-3_days/230510_72.png
230510_73,230510,73,A549,1,,3,2-3,1.00E+06,2 uL/min,train,train/good/cell_type_A549/2-3_days/230510_73.png
230510_74,230510,74,A549,1,,3,2-3,1.00E+06,2 uL/min,test,test/good/cell_type_A549/2-3_days/230510_74.png
230510_75,230510,75,A549,1,,3,2-3,1.00E+06,2 uL/min,train,train/good/cell_type_A549/2-3_days/230510_75.png
230510_76,230510,76,A549,1,,3,2-3,1.00E+06,2 uL/min,train,train/good/cell_type_A549/2-3_days/230510_76.png
230510_77,230510,77,HPMEC,0,,2,2-3,9.00E+06,1.74 uL/min,test,test/bad/cell_type_HPMEC/2-3_days/230510_77.png
230510_78,230510,78,HPMEC,0,,2,2-3,9.00E+06,1.74 uL/min,train,train/bad/cell_type_HPMEC/2-3_days/230510_78.png
230510_79,230510,79,HPMEC,0,,2,2-3,9.00E+06,1.74 uL/min,train,train/bad/cell_type_HPMEC/2-3_days/230510_79.png
230510_80,230510,80,HPMEC,0,,2,2-3,9.00E+06,1.74 uL/min,test,test/bad/cell_type_HPMEC/2-3_days/230510_80.png
230510_81,230510,81,HPMEC,0,,2,2-3,9.00E+06,1.74 uL/min,train,train/bad/cell_type_HPMEC/2-3_days/230510_81.png
230510_82,230510,82,HPMEC,0,,2,2-3,9.00E+06,1.74 uL/min,train,train/bad/cell_type_HPMEC/2-3_days/230510_82.png
230510_83,230510,83,HPMEC,0,,2,2-3,9.00E+06,1.74 uL/min,train,train/bad/cell_type_HPMEC/2-3_days/230510_83.png
230510_84,230510,84,HPMEC,0,,2,2-3,9.00E+06,1.74 uL/min,train,train/bad/cell_type_HPMEC/2-3_days/230510_84.png
230510_85,230510,85,HPMEC,0,,2,2-3,9.00E+06,1.74 uL/min,test,test/bad/cell_type_HPMEC/2-3_days/230510_85.png
230510_86,230510,86,NHBE,0,,2,2-3,5.00E+06,2 uL/min,train,train/bad/cell_type_NHBE/2-3_days/230510_86.png
230510_87,230510,87,NHBE,0,,2,2-3,5.00E+06,2 uL/min,train,train/bad/cell_type_NHBE/2-3_days/230510_87.png
230510_88,230510,88,NHBE,0,,2,2-3,5.00E+06,2 uL/min,train,train/bad/cell_type_NHBE/2-3_days/230510_88.png
230510_89,230510,89,NHBE,0,,2,2-3,5.00E+06,2 uL/min,test,test/bad/cell_type_NHBE/2-3_days/230510_89.png
230510_90,230510,90,NHBE,0,,2,2-3,5.00E+06,2 uL/min,test,test/bad/cell_type_NHBE/2-3_days/230510_90.png
230510_91,230510,91,NHBE,0,,2,2-3,5.00E+06,2 uL/min,train,train/bad/cell_type_NHBE/2-3_days/230510_91.png
230510_92,230510,92,NHBE,0,,2,2-3,5.00E+06,2 uL/min,train,train/bad/cell_type_NHBE/2-3_days/230510_92.png
230510_93,230510,93,NHBE,0,,2,2-3,5.00E+06,2 uL/min,test,test/bad/cell_type_NHBE/2-3_days/230510_93.png
230510_94,230510,94,NHBE,0,,2,2-3,5.00E+06,2 uL/min,train,train/bad/cell_type_NHBE/2-3_days/230510_94.png
230512_1,230512,1,HPMEC,1,,4,4,9.00E+06,1.74 uL/min,train,train/good/cell_type_HPMEC/4_days/230512_1.png
230512_2,230512,2,HPMEC,0,,4,4,9.00E+06,1.74 uL/min,val,val/bad/cell_type_HPMEC/4_days/230512_2.png
230512_3,230512,3,HPMEC,1,,4,4,9.00E+06,1.74 uL/min,train,train/good/cell_type_HPMEC/4_days/230512_3.png
230512_4,230512,4,HPMEC,0,,4,4,9.00E+06,1.74 uL/min,train,train/bad/cell_type_HPMEC/4_days/230512_4.png
230512_5,230512,5,HPMEC,1,,4,4,9.00E+06,1.74 uL/min,train,train/good/cell_type_HPMEC/4_days/230512_5.png
230512_6,230512,6,HPMEC,1,,4,4,9.00E+06,1.74 uL/min,test,test/good/cell_type_HPMEC/4_days/230512_6.png
230512_7,230512,7,HPMEC,0,,4,4,9.00E+06,1.74 uL/min,test,test/bad/cell_type_HPMEC/4_days/230512_7.png
230512_8,230512,8,HPMEC,1,,4,4,9.00E+06,1.74 uL/min,test,test/good/cell_type_HPMEC/4_days/230512_8.png
230512_9,230512,9,HPMEC,0,,4,4,9.00E+06,1.74 uL/min,test,test/bad/cell_type_HPMEC/4_days/230512_9.png
230512_10,230512,10,HPMEC,0,,4,4,9.00E+06,1.74 uL/min,train,train/bad/cell_type_HPMEC/4_days/230512_10.png
230512_11,230512,11,HPMEC,0,,4,4,9.00E+06,1.74 uL/min,train,train/bad/cell_type_HPMEC/4_days/230512_11.png
230512_12,230512,12,HPMEC,1,,4,4,9.00E+06,1.74 uL/min,train,train/good/cell_type_HPMEC/4_days/230512_12.png
230512_13,230512,13,HPMEC,1,,4,4,9.00E+06,1.74 uL/min,train,train/good/cell_type_HPMEC/4_days/230512_13.png
230512_14,230512,14,HPMEC,1,,4,4,9.00E+06,1.74 uL/min,test,test/good/cell_type_HPMEC/4_days/230512_14.png
230512_15,230512,15,HPMEC,1,,4,4,9.00E+06,1.74 uL/min,train,train/good/cell_type_HPMEC/4_days/230512_15.png
230512_16,230512,16,HPMEC,1,,4,4,9.00E+06,1.74 uL/min,val,val/good/cell_type_HPMEC/4_days/230512_16.png
230512_17,230512,17,HPMEC,1,,4,4,9.00E+06,1.74 uL/min,val,val/good/cell_type_HPMEC/4_days/230512_17.png
230512_18,230512,18,HPMEC,1,,4,4,9.00E+06,1.74 uL/min,test,test/good/cell_type_HPMEC/4_days/230512_18.png
230512_19,230512,19,HPMEC,1,,4,4,9.00E+06,1.74 uL/min,train,train/good/cell_type_HPMEC/4_days/230512_19.png
230512_20,230512,20,HPMEC,1,,4,4,9.00E+06,1.74 uL/min,train,train/good/cell_type_HPMEC/4_days/230512_20.png
230512_21,230512,21,HPMEC,1,,4,4,9.00E+06,1.74 uL/min,test,test/good/cell_type_HPMEC/4_days/230512_21.png
230512_22,230512,22,HPMEC,1,,4,4,9.00E+06,1.74 uL/min,train,train/good/cell_type_HPMEC/4_days/230512_22.png
230512_23,230512,23,HPMEC,1,,4,4,9.00E+06,1.74 uL/min,train,train/good/cell_type_HPMEC/4_days/230512_23.png
230512_24,230512,24,HPMEC,1,,4,4,9.00E+06,1.74 uL/min,test,test/good/cell_type_HPMEC/4_days/230512_24.png
230512_25,230512,25,HPMEC,1,,4,4,9.00E+06,1.74 uL/min,train,train/good/cell_type_HPMEC/4_days/230512_25.png
230512_26,230512,26,HPMEC,0,,4,4,9.00E+06,1.74 uL/min,train,train/bad/cell_type_HPMEC/4_days/230512_26.png
230512_27,230512,27,HPMEC,0,,4,4,9.00E+06,1.74 uL/min,train,train/bad/cell_type_HPMEC/4_days/230512_27.png
230512_28,230512,28,HPMEC,0,,4,4,9.00E+06,1.74 uL/min,train,train/bad/cell_type_HPMEC/4_days/230512_28.png
230512_29,230512,29,HPMEC,0,,4,4,9.00E+06,1.74 uL/min,test,test/bad/cell_type_HPMEC/4_days/230512_29.png
230512_30,230512,30,HPMEC,0,,4,4,9.00E+06,1.74 uL/min,train,train/bad/cell_type_HPMEC/4_days/230512_30.png
230512_31,230512,31,HPMEC,0,,4,4,9.00E+06,1.74 uL/min,train,train/bad/cell_type_HPMEC/4_days/230512_31.png
230512_32,230512,32,HPMEC,0,,4,4,9.00E+06,1.74 uL/min,train,train/bad/cell_type_HPMEC/4_days/230512_32.png
230512_33,230512,33,HPMEC,0,,4,4,9.00E+06,1.74 uL/min,train,train/bad/cell_type_HPMEC/4_days/230512_33.png
230512_34,230512,34,HPMEC,0,,4,4,9.00E+06,1.74 uL/min,test,test/bad/cell_type_HPMEC/4_days/230512_34.png
230512_35,230512,35,HPMEC,0,,4,4,9.00E+06,1.74 uL/min,train,train/bad/cell_type_HPMEC/4_days/230512_35.png
230512_36,230512,36,A549,1,,5,4+,1.00E+06,2 uL/min,train,train/good/cell_type_A549/4+_days/230512_36.png
230512_37,230512,37,A549,1,,5,4+,1.00E+06,2 uL/min,val,val/good/cell_type_A549/4+_days/230512_37.png
230512_38,230512,38,A549,0,,5,4+,1.00E+06,2 uL/min,train,train/bad/cell_type_A549/4+_days/230512_38.png
230512_39,230512,39,A549,1,,5,4+,1.00E+06,2 uL/min,train,train/good/cell_type_A549/4+_days/230512_39.png
230512_40,230512,40,A549,1,,5,4+,1.00E+06,2 uL/min,test,test/good/cell_type_A549/4+_days/230512_40.png
230512_41,230512,41,A549,0,,5,4+,1.00E+06,2 uL/min,train,train/bad/cell_type_A549/4+_days/230512_41.png
230512_42,230512,42,A549,1,,5,4+,1.00E+06,2 uL/min,train,train/good/cell_type_A549/4+_days/230512_42.png
230512_43,230512,43,A549,0,,5,4+,1.00E+06,2 uL/min,test,test/bad/cell_type_A549/4+_days/230512_43.png
230512_44,230512,44,A549,1,,5,4+,1.00E+06,2 uL/min,train,train/good/cell_type_A549/4+_days/230512_44.png
230512_45,230512,45,A549,0,,5,4+,1.00E+06,2 uL/min,val,val/bad/cell_type_A549/4+_days/230512_45.png
230512_46,230512,46,A549,0,,5,4+,1.00E+06,2 uL/min,train,train/bad/cell_type_A549/4+_days/230512_46.png
230512_47,230512,47,A549,0,,5,4+,1.00E+06,2 uL/min,train,train/bad/cell_type_A549/4+_days/230512_47.png
230512_48,230512,48,A549,0,,5,4+,1.00E+06,2 uL/min,train,train/bad/cell_type_A549/4+_days/230512_48.png
230512_49,230512,49,A549,0,,5,4+,1.00E+06,2 uL/min,train,train/bad/cell_type_A549/4+_days/230512_49.png
230512_50,230512,50,A549,0,,5,4+,1.00E+06,2 uL/min,test,test/bad/cell_type_A549/4+_days/230512_50.png
230512_51,230512,51,A549,0,,5,4+,1.00E+06,2 uL/min,test,test/bad/cell_type_A549/4+_days/230512_51.png
230512_52,230512,52,A549,0,,5,4+,1.00E+06,2 uL/min,train,train/bad/cell_type_A549/4+_days/230512_52.png
230512_53,230512,53,A549,1,,5,4+,1.00E+06,2 uL/min,train,train/good/cell_type_A549/4+_days/230512_53.png
230512_54,230512,54,A549,1,,5,4+,1.00E+06,2 uL/min,test,test/good/cell_type_A549/4+_days/230512_54.png
230512_55,230512,55,A549,1,,5,4+,1.00E+06,2 uL/min,train,train/good/cell_type_A549/4+_days/230512_55.png
230512_56,230512,56,A549,0,,5,4+,1.00E+06,2 uL/min,train,train/bad/cell_type_A549/4+_days/230512_56.png
230512_57,230512,57,A549,1,,5,4+,1.00E+06,2 uL/min,train,train/good/cell_type_A549/4+_days/230512_57.png
230512_58,230512,58,A549,0,,5,4+,1.00E+06,2 uL/min,train,train/bad/cell_type_A549/4+_days/230512_58.png
230512_59,230512,59,A549,1,,5,4+,1.00E+06,2 uL/min,train,train/good/cell_type_A549/4+_days/230512_59.png
230512_60,230512,60,A549,1,,5,4+,1.00E+06,2 uL/min,train,train/good/cell_type_A549/4+_days/230512_60.png
230512_61,230512,61,A549,0,,5,4+,1.00E+06,2 uL/min,train,train/bad/cell_type_A549/4+_days/230512_61.png
230512_62,230512,62,A549,1,,5,4+,1.00E+06,2 uL/min,train,train/good/cell_type_A549/4+_days/230512_62.png
230512_63,230512,63,A549,1,,5,4+,1.00E+06,2 uL/min,train,train/good/cell_type_A549/4+_days/230512_63.png
230512_64,230512,64,A549,0,,5,4+,1.00E+06,2 uL/min,train,train/bad/cell_type_A549/4+_days/230512_64.png
230512_65,230512,65,A549,1,,5,4+,1.00E+06,2 uL/min,train,train/good/cell_type_A549/4+_days/230512_65.png
230512_66,230512,66,A549,0,,5,4+,1.00E+06,2 uL/min,train,train/bad/cell_type_A549/4+_days/230512_66.png
230512_67,230512,67,A549,0,,5,4+,1.00E+06,2 uL/min,train,train/bad/cell_type_A549/4+_days/230512_67.png
230512_68,230512,68,A549,0,,5,4+,1.00E+06,2 uL/min,train,train/bad/cell_type_A549/4+_days/230512_68.png
230512_69,230512,69,A549,0,,5,4+,1.00E+06,2 uL/min,train,train/bad/cell_type_A549/4+_days/230512_69.png
230512_70,230512,70,A549,0,,5,4+,1.00E+06,2 uL/min,val,val/bad/cell_type_A549/4+_days/230512_70.png
230512_71,230512,71,A549,0,,5,4+,1.00E+06,2 uL/min,train,train/bad/cell_type_A549/4+_days/230512_71.png
230512_72,230512,72,HPMEC,0,,4,4,9.00E+06,1.74 uL/min,train,train/bad/cell_type_HPMEC/4_days/230512_72.png
230512_73,230512,73,HPMEC,0,,4,4,9.00E+06,1.74 uL/min,val,val/bad/cell_type_HPMEC/4_days/230512_73.png
230512_74,230512,74,HPMEC,0,,4,4,9.00E+06,1.74 uL/min,train,train/bad/cell_type_HPMEC/4_days/230512_74.png
230512_75,230512,75,HPMEC,0,,4,4,9.00E+06,1.74 uL/min,val,val/bad/cell_type_HPMEC/4_days/230512_75.png
230512_76,230512,76,HPMEC,0,,4,4,9.00E+06,1.74 uL/min,train,train/bad/cell_type_HPMEC/4_days/230512_76.png
230512_77,230512,77,HPMEC,0,,4,4,9.00E+06,1.74 uL/min,train,train/bad/cell_type_HPMEC/4_days/230512_77.png
230512_78,230512,78,HPMEC,0,,4,4,9.00E+06,1.74 uL/min,train,train/bad/cell_type_HPMEC/4_days/230512_78.png
230512_79,230512,79,HPMEC,0,,4,4,9.00E+06,1.74 uL/min,train,train/bad/cell_type_HPMEC/4_days/230512_79.png
230512_80,230512,80,HPMEC,0,,4,4,9.00E+06,1.74 uL/min,test,test/bad/cell_type_HPMEC/4_days/230512_80.png
230512_81,230512,81,NHBE,0,,4,4,5.00E+06,2 uL/min,train,train/bad/cell_type_NHBE/4_days/230512_81.png
230512_82,230512,82,NHBE,0,,4,4,5.00E+06,2 uL/min,train,train/bad/cell_type_NHBE/4_days/230512_82.png
230512_83,230512,83,NHBE,0,,4,4,5.00E+06,2 uL/min,train,train/bad/cell_type_NHBE/4_days/230512_83.png
230512_84,230512,84,NHBE,0,,4,4,5.00E+06,2 uL/min,train,train/bad/cell_type_NHBE/4_days/230512_84.png
230512_85,230512,85,NHBE,0,,4,4,5.00E+06,2 uL/min,test,test/bad/cell_type_NHBE/4_days/230512_85.png
230512_86,230512,86,NHBE,0,,4,4,5.00E+06,2 uL/min,train,train/bad/cell_type_NHBE/4_days/230512_86.png
230512_87,230512,87,NHBE,0,,4,4,5.00E+06,2 uL/min,test,test/bad/cell_type_NHBE/4_days/230512_87.png
230512_88,230512,88,NHBE,0,,4,4,5.00E+06,2 uL/min,test,test/bad/cell_type_NHBE/4_days/230512_88.png
230512_89,230512,89,NHBE,0,,4,4,5.00E+06,2 uL/min,train,train/bad/cell_type_NHBE/4_days/230512_89.png
230517_1,230517,1,HPMEC,1,,9,4+,9.00E+06,1.74 uL/min,train,train/good/cell_type_HPMEC/4+_days/230517_1.png
230517_2,230517,2,HPMEC,1,,9,4+,9.00E+06,1.74 uL/min,train,train/good/cell_type_HPMEC/4+_days/230517_2.png
230517_3,230517,3,HPMEC,1,,9,4+,9.00E+06,1.74 uL/min,test,test/good/cell_type_HPMEC/4+_days/230517_3.png
230517_4,230517,4,HPMEC,1,,9,4+,9.00E+06,1.74 uL/min,train,train/good/cell_type_HPMEC/4+_days/230517_4.png
230517_5,230517,5,HPMEC,1,,9,4+,9.00E+06,1.74 uL/min,train,train/good/cell_type_HPMEC/4+_days/230517_5.png
230517_6,230517,6,HPMEC,1,,9,4+,9.00E+06,1.74 uL/min,train,train/good/cell_type_HPMEC/4+_days/230517_6.png
230517_7,230517,7,HPMEC,1,,9,4+,9.00E+06,1.74 uL/min,train,train/good/cell_type_HPMEC/4+_days/230517_7.png
230517_8,230517,8,HPMEC,1,,9,4+,9.00E+06,1.74 uL/min,train,train/good/cell_type_HPMEC/4+_days/230517_8.png
230517_9,230517,9,HPMEC,1,,9,4+,9.00E+06,1.74 uL/min,train,train/good/cell_type_HPMEC/4+_days/230517_9.png
230517_10,230517,10,HPMEC,1,,9,4+,9.00E+06,1.74 uL/min,train,train/good/cell_type_HPMEC/4+_days/230517_10.png
230517_11,230517,11,HPMEC,1,,9,4+,9.00E+06,1.74 uL/min,test,test/good/cell_type_HPMEC/4+_days/230517_11.png
230517_12,230517,12,HPMEC,1,,9,4+,9.00E+06,1.74 uL/min,val,val/good/cell_type_HPMEC/4+_days/230517_12.png
230517_13,230517,13,HPMEC,1,,9,4+,9.00E+06,1.74 uL/min,train,train/good/cell_type_HPMEC/4+_days/230517_13.png
230517_14,230517,14,HPMEC,1,,9,4+,9.00E+06,1.74 uL/min,train,train/good/cell_type_HPMEC/4+_days/230517_14.png
230517_15,230517,15,HPMEC,1,,9,4+,9.00E+06,1.74 uL/min,train,train/good/cell_type_HPMEC/4+_days/230517_15.png
230517_16,230517,16,HPMEC,1,,9,4+,9.00E+06,1.74 uL/min,train,train/good/cell_type_HPMEC/4+_days/230517_16.png
230517_17,230517,17,HPMEC,1,,9,4+,9.00E+06,1.74 uL/min,test,test/good/cell_type_HPMEC/4+_days/230517_17.png
230517_18,230517,18,HPMEC,1,,9,4+,9.00E+06,1.74 uL/min,test,test/good/cell_type_HPMEC/4+_days/230517_18.png
230517_19,230517,19,HPMEC,1,,9,4+,9.00E+06,1.74 uL/min,train,train/good/cell_type_HPMEC/4+_days/230517_19.png
230517_20,230517,20,HPMEC,1,,9,4+,9.00E+06,1.74 uL/min,train,train/good/cell_type_HPMEC/4+_days/230517_20.png
230517_21,230517,21,HPMEC,1,,9,4+,9.00E+06,1.74 uL/min,train,train/good/cell_type_HPMEC/4+_days/230517_21.png
230517_22,230517,22,HPMEC,1,,9,4+,9.00E+06,1.74 uL/min,train,train/good/cell_type_HPMEC/4+_days/230517_22.png
230517_23,230517,23,HPMEC,1,,9,4+,9.00E+06,1.74 uL/min,test,test/good/cell_type_HPMEC/4+_days/230517_23.png
230517_24,230517,24,HPMEC,1,,9,4+,9.00E+06,1.74 uL/min,train,train/good/cell_type_HPMEC/4+_days/230517_24.png
230517_25,230517,25,HPMEC,1,,9,4+,9.00E+06,1.74 uL/min,val,val/good/cell_type_HPMEC/4+_days/230517_25.png
230517_26,230517,26,HPMEC,1,,9,4+,9.00E+06,1.74 uL/min,train,train/good/cell_type_HPMEC/4+_days/230517_26.png
230517_27,230517,27,HPMEC,1,,9,4+,9.00E+06,1.74 uL/min,train,train/good/cell_type_HPMEC/4+_days/230517_27.png
230517_28,230517,28,HPMEC,0,,9,4+,9.00E+06,1.74 uL/min,train,train/bad/cell_type_HPMEC/4+_days/230517_28.png
230517_29,230517,29,HPMEC,0,,9,4+,9.00E+06,1.74 uL/min,test,test/bad/cell_type_HPMEC/4+_days/230517_29.png
230517_30,230517,30,HPMEC,0,,9,4+,9.00E+06,1.74 uL/min,train,train/bad/cell_type_HPMEC/4+_days/230517_30.png
230517_31,230517,31,HPMEC,0,,9,4+,9.00E+06,1.74 uL/min,train,train/bad/cell_type_HPMEC/4+_days/230517_31.png
230517_32,230517,32,HPMEC,1,,9,4+,9.00E+06,1.74 uL/min,train,train/good/cell_type_HPMEC/4+_days/230517_32.png
230517_33,230517,33,HPMEC,1,,9,4+,9.00E+06,1.74 uL/min,train,train/good/cell_type_HPMEC/4+_days/230517_33.png
230517_34,230517,34,HPMEC,0,,9,4+,9.00E+06,1.74 uL/min,train,train/bad/cell_type_HPMEC/4+_days/230517_34.png
230517_35,230517,35,HPMEC,0,,9,4+,9.00E+06,1.74 uL/min,train,train/bad/cell_type_HPMEC/4+_days/230517_35.png
230517_36,230517,36,HPMEC,0,,9,4+,9.00E+06,1.74 uL/min,train,train/bad/cell_type_HPMEC/4+_days/230517_36.png
230517_37,230517,37,A549,1,,10,4+,1.00E+06,2 uL/min,train,train/good/cell_type_A549/4+_days/230517_37.png
230517_38,230517,38,A549,1,,10,4+,1.00E+06,2 uL/min,test,test/good/cell_type_A549/4+_days/230517_38.png
230517_39,230517,39,A549,1,,10,4+,1.00E+06,2 uL/min,test,test/good/cell_type_A549/4+_days/230517_39.png
230517_40,230517,40,A549,1,,10,4+,1.00E+06,2 uL/min,train,train/good/cell_type_A549/4+_days/230517_40.png
230517_41,230517,41,A549,1,,10,4+,1.00E+06,2 uL/min,val,val/good/cell_type_A549/4+_days/230517_41.png
230517_42,230517,42,A549,1,,10,4+,1.00E+06,2 uL/min,train,train/good/cell_type_A549/4+_days/230517_42.png
230517_43,230517,43,A549,1,,10,4+,1.00E+06,2 uL/min,train,train/good/cell_type_A549/4+_days/230517_43.png
230517_44,230517,44,A549,1,,10,4+,1.00E+06,2 uL/min,train,train/good/cell_type_A549/4+_days/230517_44.png
230517_45,230517,45,A549,1,,10,4+,1.00E+06,2 uL/min,train,train/good/cell_type_A549/4+_days/230517_45.png
230517_46,230517,46,A549,0,,10,4+,1.00E+06,2 uL/min,train,train/bad/cell_type_A549/4+_days/230517_46.png
230517_47,230517,47,A549,0,,10,4+,1.00E+06,2 uL/min,test,test/bad/cell_type_A549/4+_days/230517_47.png
230517_48,230517,48,A549,1,,10,4+,1.00E+06,2 uL/min,train,train/good/cell_type_A549/4+_days/230517_48.png
230517_49,230517,49,A549,1,,10,4+,1.00E+06,2 uL/min,test,test/good/cell_type_A549/4+_days/230517_49.png
230517_50,230517,50,A549,1,,10,4+,1.00E+06,2 uL/min,train,train/good/cell_type_A549/4+_days/230517_50.png
230517_51,230517,51,A549,1,,10,4+,1.00E+06,2 uL/min,test,test/good/cell_type_A549/4+_days/230517_51.png
230517_52,230517,52,A549,1,,10,4+,1.00E+06,2 uL/min,train,train/good/cell_type_A549/4+_days/230517_52.png
230517_53,230517,53,A549,1,,10,4+,1.00E+06,2 uL/min,val,val/good/cell_type_A549/4+_days/230517_53.png
230517_54,230517,54,A549,1,,10,4+,1.00E+06,2 uL/min,train,train/good/cell_type_A549/4+_days/230517_54.png
230517_55,230517,55,A549,0,,10,4+,1.00E+06,2 uL/min,test,test/bad/cell_type_A549/4+_days/230517_55.png
230517_56,230517,56,A549,0,,10,4+,1.00E+06,2 uL/min,train,train/bad/cell_type_A549/4+_days/230517_56.png
230517_57,230517,57,A549,1,,10,4+,1.00E+06,2 uL/min,test,test/good/cell_type_A549/4+_days/230517_57.png
230517_58,230517,58,A549,1,,10,4+,1.00E+06,2 uL/min,train,train/good/cell_type_A549/4+_days/230517_58.png
230517_59,230517,59,A549,1,,10,4+,1.00E+06,2 uL/min,train,train/good/cell_type_A549/4+_days/230517_59.png
230517_60,230517,60,A549,1,,10,4+,1.00E+06,2 uL/min,train,train/good/cell_type_A549/4+_days/230517_60.png
230517_61,230517,61,A549,1,,10,4+,1.00E+06,2 uL/min,train,train/good/cell_type_A549/4+_days/230517_61.png
230517_62,230517,62,A549,1,,10,4+,1.00E+06,2 uL/min,train,train/good/cell_type_A549/4+_days/230517_62.png
230517_63,230517,63,A549,1,,10,4+,1.00E+06,2 uL/min,train,train/good/cell_type_A549/4+_days/230517_63.png
230517_64,230517,64,A549,0,,10,4+,1.00E+06,2 uL/min,train,train/bad/cell_type_A549/4+_days/230517_64.png
230517_65,230517,65,A549,1,,10,4+,1.00E+06,2 uL/min,train,train/good/cell_type_A549/4+_days/230517_65.png
230517_66,230517,66,A549,1,,10,4+,1.00E+06,2 uL/min,test,test/good/cell_type_A549/4+_days/230517_66.png
230517_67,230517,67,A549,0,,10,4+,1.00E+06,2 uL/min,train,train/bad/cell_type_A549/4+_days/230517_67.png
230517_68,230517,68,A549,0,,10,4+,1.00E+06,2 uL/min,train,train/bad/cell_type_A549/4+_days/230517_68.png
230517_69,230517,69,A549,0,,10,4+,1.00E+06,2 uL/min,val,val/bad/cell_type_A549/4+_days/230517_69.png
230517_70,230517,70,A549,0,,10,4+,1.00E+06,2 uL/min,val,val/bad/cell_type_A549/4+_days/230517_70.png
230517_71,230517,71,A549,0,,10,4+,1.00E+06,2 uL/min,train,train/bad/cell_type_A549/4+_days/230517_71.png
230517_72,230517,72,A549,0,,10,4+,1.00E+06,2 uL/min,val,val/bad/cell_type_A549/4+_days/230517_72.png
230517_73,230517,73,HPMEC,0,,9,4+,9.00E+06,1.74 uL/min,test,test/bad/cell_type_HPMEC/4+_days/230517_73.png
230517_74,230517,74,HPMEC,0,,9,4+,9.00E+06,1.74 uL/min,train,train/bad/cell_type_HPMEC/4+_days/230517_74.png
230517_75,230517,75,HPMEC,0,,9,4+,9.00E+06,1.74 uL/min,train,train/bad/cell_type_HPMEC/4+_days/230517_75.png
230517_76,230517,76,HPMEC,0,,9,4+,9.00E+06,1.74 uL/min,val,val/bad/cell_type_HPMEC/4+_days/230517_76.png
230517_77,230517,77,HPMEC,0,,9,4+,9.00E+06,1.74 uL/min,train,train/bad/cell_type_HPMEC/4+_days/230517_77.png
230517_78,230517,78,HPMEC,0,,9,4+,9.00E+06,1.74 uL/min,train,train/bad/cell_type_HPMEC/4+_days/230517_78.png
230517_79,230517,79,HPMEC,0,,9,4+,9.00E+06,1.74 uL/min,train,train/bad/cell_type_HPMEC/4+_days/230517_79.png
230517_80,230517,80,HPMEC,0,,9,4+,9.00E+06,1.74 uL/min,train,train/bad/cell_type_HPMEC/4+_days/230517_80.png
230517_81,230517,81,HPMEC,0,,9,4+,9.00E+06,1.74 uL/min,val,val/bad/cell_type_HPMEC/4+_days/230517_81.png
230517_82,230517,82,NHBE,0,,9,4+,5.00E+06,2 uL/min,train,train/bad/cell_type_NHBE/4+_days/230517_82.png
230517_83,230517,83,NHBE,0,,9,4+,5.00E+06,2 uL/min,train,train/bad/cell_type_NHBE/4+_days/230517_83.png
230517_84,230517,84,NHBE,0,,9,4+,5.00E+06,2 uL/min,train,train/bad/cell_type_NHBE/4+_days/230517_84.png
230517_85,230517,85,NHBE,0,,9,4+,5.00E+06,2 uL/min,test,test/bad/cell_type_NHBE/4+_days/230517_85.png
230517_86,230517,86,NHBE,0,,9,4+,5.00E+06,2 uL/min,train,train/bad/cell_type_NHBE/4+_days/230517_86.png
230517_87,230517,87,NHBE,0,,9,4+,5.00E+06,2 uL/min,train,train/bad/cell_type_NHBE/4+_days/230517_87.png
230517_88,230517,88,NHBE,0,,9,4+,5.00E+06,2 uL/min,test,test/bad/cell_type_NHBE/4+_days/230517_88.png
230517_89,230517,89,NHBE,0,,9,4+,5.00E+06,2 uL/min,train,train/bad/cell_type_NHBE/4+_days/230517_89.png
230517_90,230517,90,NHBE,0,,9,4+,5.00E+06,2 uL/min,train,train/bad/cell_type_NHBE/4+_days/230517_90.png
230523_1,230523,1,HPMEC,1,2.0,1,0-1,9.00E+06,1.74 uL/min,train,train/good/cell_type_HPMEC/0-1_days/230523_1.png
230523_2,230523,2,HPMEC,1,2.0,1,0-1,9.00E+06,1.74 uL/min,val,val/good/cell_type_HPMEC/0-1_days/230523_2.png
230523_3,230523,3,HPMEC,1,2.0,1,0-1,9.00E+06,1.74 uL/min,test,test/good/cell_type_HPMEC/0-1_days/230523_3.png
230523_4,230523,4,HPMEC,1,2.0,1,0-1,9.00E+06,1.74 uL/min,val,val/good/cell_type_HPMEC/0-1_days/230523_4.png
230523_5,230523,5,HPMEC,0,2.0,1,0-1,9.00E+06,1.74 uL/min,test,test/bad/cell_type_HPMEC/0-1_days/230523_5.png
230523_6,230523,6,HPMEC,0,2.0,1,0-1,9.00E+06,1.74 uL/min,train,train/bad/cell_type_HPMEC/0-1_days/230523_6.png
230523_7,230523,7,HPMEC,0,2.0,1,0-1,9.00E+06,1.74 uL/min,train,train/bad/cell_type_HPMEC/0-1_days/230523_7.png
230523_8,230523,8,HPMEC,0,2.0,1,0-1,9.00E+06,1.74 uL/min,val,val/bad/cell_type_HPMEC/0-1_days/230523_8.png
230523_9,230523,9,HPMEC,0,2.0,1,0-1,9.00E+06,1.74 uL/min,train,train/bad/cell_type_HPMEC/0-1_days/230523_9.png
230523_10,230523,10,HPMEC,0,2.0,1,0-1,9.00E+06,1.74 uL/min,train,train/bad/cell_type_HPMEC/0-1_days/230523_10.png
230523_11,230523,11,HPMEC,0,2.0,1,0-1,9.00E+06,1.74 uL/min,test,test/bad/cell_type_HPMEC/0-1_days/230523_11.png
230523_12,230523,12,HPMEC,0,2.0,1,0-1,9.00E+06,1.74 uL/min,train,train/bad/cell_type_HPMEC/0-1_days/230523_12.png
230523_13,230523,13,HPMEC,0,2.0,1,0-1,9.00E+06,1.74 uL/min,test,test/bad/cell_type_HPMEC/0-1_days/230523_13.png
230523_14,230523,14,HPMEC,0,2.0,1,0-1,9.00E+06,1.74 uL/min,train,train/bad/cell_type_HPMEC/0-1_days/230523_14.png
230523_15,230523,15,HPMEC,0,2.0,1,0-1,9.00E+06,1.74 uL/min,test,test/bad/cell_type_HPMEC/0-1_days/230523_15.png
230523_16,230523,16,HPMEC,0,2.0,1,0-1,9.00E+06,1.74 uL/min,val,val/bad/cell_type_HPMEC/0-1_days/230523_16.png
230523_17,230523,17,HPMEC,0,2.0,1,0-1,9.00E+06,1.74 uL/min,test,test/bad/cell_type_HPMEC/0-1_days/230523_17.png
230523_18,230523,18,HPMEC,0,2.0,1,0-1,9.00E+06,1.74 uL/min,train,train/bad/cell_type_HPMEC/0-1_days/230523_18.png
230523_19,230523,19,HPMEC,0,2.0,1,0-1,9.00E+06,1.74 uL/min,train,train/bad/cell_type_HPMEC/0-1_days/230523_19.png
230523_20,230523,20,HPMEC,0,2.0,1,0-1,9.00E+06,1.74 uL/min,train,train/bad/cell_type_HPMEC/0-1_days/230523_20.png
230523_21,230523,21,HPMEC,1,2.0,1,0-1,9.00E+06,1.74 uL/min,test,test/good/cell_type_HPMEC/0-1_days/230523_21.png
230523_22,230523,22,HPMEC,0,2.0,1,0-1,9.00E+06,1.74 uL/min,val,val/bad/cell_type_HPMEC/0-1_days/230523_22.png
230523_23,230523,23,HPMEC,0,2.0,1,0-1,9.00E+06,1.74 uL/min,train,train/bad/cell_type_HPMEC/0-1_days/230523_23.png
230523_24,230523,24,HPMEC,0,2.0,1,0-1,9.00E+06,1.74 uL/min,train,train/bad/cell_type_HPMEC/0-1_days/230523_24.png
230523_25,230523,25,HPMEC,0,2.0,1,0-1,9.00E+06,1.74 uL/min,train,train/bad/cell_type_HPMEC/0-1_days/230523_25.png
230523_26,230523,26,HPMEC,0,2.0,1,0-1,9.00E+06,1.74 uL/min,train,train/bad/cell_type_HPMEC/0-1_days/230523_26.png
230523_27,230523,27,HPMEC,0,2.0,1,0-1,9.00E+06,1.74 uL/min,train,train/bad/cell_type_HPMEC/0-1_days/230523_27.png
230523_28,230523,28,HPMEC,0,2.0,1,0-1,9.00E+06,1.74 uL/min,train,train/bad/cell_type_HPMEC/0-1_days/230523_28.png
230523_29,230523,29,HPMEC,0,2.0,1,0-1,9.00E+06,1.74 uL/min,test,test/bad/cell_type_HPMEC/0-1_days/230523_29.png
230523_30,230523,30,HPMEC,0,2.0,1,0-1,9.00E+06,1.74 uL/min,train,train/bad/cell_type_HPMEC/0-1_days/230523_30.png
230523_31,230523,31,HPMEC,0,2.0,1,0-1,9.00E+06,1.74 uL/min,train,train/bad/cell_type_HPMEC/0-1_days/230523_31.png
230523_32,230523,32,HPMEC,0,2.0,1,0-1,9.00E+06,1.74 uL/min,train,train/bad/cell_type_HPMEC/0-1_days/230523_32.png
230523_33,230523,33,HPMEC,0,2.0,1,0-1,9.00E+06,1.74 uL/min,train,train/bad/cell_type_HPMEC/0-1_days/230523_33.png
230523_34,230523,34,HPMEC,0,2.0,1,0-1,9.00E+06,1.74 uL/min,train,train/bad/cell_type_HPMEC/0-1_days/230523_34.png
230523_35,230523,35,HPMEC,0,2.0,1,0-1,9.00E+06,1.74 uL/min,val,val/bad/cell_type_HPMEC/0-1_days/230523_35.png
230523_36,230523,36,HPMEC,0,2.0,1,0-1,9.00E+06,1.74 uL/min,val,val/bad/cell_type_HPMEC/0-1_days/230523_36.png
230523_37,230523,37,HPMEC,0,2.0,1,0-1,9.00E+06,1.74 uL/min,train,train/bad/cell_type_HPMEC/0-1_days/230523_37.png
230523_38,230523,38,HPMEC,1,2.0,1,0-1,9.00E+06,1.74 uL/min,train,train/good/cell_type_HPMEC/0-1_days/230523_38.png
230523_39,230523,39,HPMEC,1,2.0,1,0-1,9.00E+06,1.74 uL/min,train,train/good/cell_type_HPMEC/0-1_days/230523_39.png
230523_40,230523,40,HPMEC,0,2.0,1,0-1,9.00E+06,1.74 uL/min,test,test/bad/cell_type_HPMEC/0-1_days/230523_40.png
230523_41,230523,41,HPMEC,0,2.0,1,0-1,9.00E+06,1.74 uL/min,train,train/bad/cell_type_HPMEC/0-1_days/230523_41.png
230523_42,230523,42,HPMEC,0,2.0,1,0-1,9.00E+06,1.74 uL/min,train,train/bad/cell_type_HPMEC/0-1_days/230523_42.png
230523_43,230523,43,HPMEC,0,2.0,1,0-1,9.00E+06,1.74 uL/min,test,test/bad/cell_type_HPMEC/0-1_days/230523_43.png
230523_44,230523,44,HPMEC,0,2.0,1,0-1,9.00E+06,1.74 uL/min,test,test/bad/cell_type_HPMEC/0-1_days/230523_44.png
230523_45,230523,45,HPMEC,0,2.0,1,0-1,9.00E+06,1.74 uL/min,train,train/bad/cell_type_HPMEC/0-1_days/230523_45.png
230523_46,230523,46,HPMEC,0,2.0,1,0-1,9.00E+06,1.74 uL/min,test,test/bad/cell_type_HPMEC/0-1_days/230523_46.png
230523_47,230523,47,HPMEC,1,2.0,1,0-1,9.00E+06,1.74 uL/min,train,train/good/cell_type_HPMEC/0-1_days/230523_47.png
230523_48,230523,48,HPMEC,0,2.0,1,0-1,9.00E+06,1.74 uL/min,test,test/bad/cell_type_HPMEC/0-1_days/230523_48.png
230523_49,230523,49,HPMEC,0,2.0,1,0-1,9.00E+06,1.74 uL/min,test,test/bad/cell_type_HPMEC/0-1_days/230523_49.png
230523_50,230523,50,HPMEC,1,2.0,1,0-1,9.00E+06,1.74 uL/min,train,train/good/cell_type_HPMEC/0-1_days/230523_50.png
230523_51,230523,51,HPMEC,1,2.0,1,0-1,9.00E+06,1.74 uL/min,test,test/good/cell_type_HPMEC/0-1_days/230523_51.png
230523_52,230523,52,HPMEC,1,2.0,1,0-1,9.00E+06,1.74 uL/min,train,train/good/cell_type_HPMEC/0-1_days/230523_52.png
230523_53,230523,53,HPMEC,1,2.0,1,0-1,9.00E+06,1.74 uL/min,train,train/good/cell_type_HPMEC/0-1_days/230523_53.png
230523_54,230523,54,HPMEC,1,2.0,1,0-1,9.00E+06,1.74 uL/min,train,train/good/cell_type_HPMEC/0-1_days/230523_54.png
230523_55,230523,55,HPMEC,1,2.0,1,0-1,9.00E+06,1.74 uL/min,train,train/good/cell_type_HPMEC/0-1_days/230523_55.png
230523_56,230523,56,HPMEC,1,2.0,1,0-1,9.00E+06,1.74 uL/min,val,val/good/cell_type_HPMEC/0-1_days/230523_56.png
230523_57,230523,57,HPMEC,1,2.0,1,0-1,9.00E+06,1.74 uL/min,train,train/good/cell_type_HPMEC/0-1_days/230523_57.png
230523_58,230523,58,HPMEC,1,2.0,1,0-1,9.00E+06,1.74 uL/min,train,train/good/cell_type_HPMEC/0-1_days/230523_58.png
230523_59,230523,59,HPMEC,1,2.0,1,0-1,9.00E+06,1.74 uL/min,train,train/good/cell_type_HPMEC/0-1_days/230523_59.png
230523_60,230523,60,HPMEC,0,2.0,1,0-1,9.00E+06,1.74 uL/min,train,train/bad/cell_type_HPMEC/0-1_days/230523_60.png
230523_61,230523,61,HPMEC,1,2.0,1,0-1,9.00E+06,1.74 uL/min,test,test/good/cell_type_HPMEC/0-1_days/230523_61.png
230523_62,230523,62,HPMEC,1,2.0,1,0-1,9.00E+06,1.74 uL/min,train,train/good/cell_type_HPMEC/0-1_days/230523_62.png
230523_63,230523,63,HPMEC,1,2.0,1,0-1,9.00E+06,1.74 uL/min,train,train/good/cell_type_HPMEC/0-1_days/230523_63.png
230523_64,230523,64,HPMEC,1,2.0,1,0-1,9.00E+06,1.74 uL/min,val,val/good/cell_type_HPMEC/0-1_days/230523_64.png
230523_65,230523,65,HPMEC,1,2.0,1,0-1,9.00E+06,1.74 uL/min,train,train/good/cell_type_HPMEC/0-1_days/230523_65.png
230523_66,230523,66,HPMEC,1,2.0,1,0-1,9.00E+06,1.74 uL/min,test,test/good/cell_type_HPMEC/0-1_days/230523_66.png
230523_67,230523,67,HPMEC,1,2.0,1,0-1,9.00E+06,1.74 uL/min,train,train/good/cell_type_HPMEC/0-1_days/230523_67.png
230523_68,230523,68,HPMEC,1,2.0,1,0-1,9.00E+06,1.74 uL/min,test,test/good/cell_type_HPMEC/0-1_days/230523_68.png
230523_69,230523,69,HPMEC,1,2.0,1,0-1,9.00E+06,1.74 uL/min,test,test/good/cell_type_HPMEC/0-1_days/230523_69.png
230523_70,230523,70,HPMEC,1,2.0,1,0-1,9.00E+06,1.74 uL/min,train,train/good/cell_type_HPMEC/0-1_days/230523_70.png
230523_71,230523,71,HPMEC,0,2.0,1,0-1,9.00E+06,1.74 uL/min,train,train/bad/cell_type_HPMEC/0-1_days/230523_71.png
230523_72,230523,72,HPMEC,1,2.0,1,0-1,9.00E+06,1.74 uL/min,train,train/good/cell_type_HPMEC/0-1_days/230523_72.png
230523_73,230523,73,HPMEC,1,2.0,1,0-1,9.00E+06,1.74 uL/min,train,train/good/cell_type_HPMEC/0-1_days/230523_73.png
230523_74,230523,74,HPMEC,1,2.0,1,0-1,9.00E+06,1.74 uL/min,test,test/good/cell_type_HPMEC/0-1_days/230523_74.png
230523_75,230523,75,HPMEC,1,2.0,1,0-1,9.00E+06,1.74 uL/min,train,train/good/cell_type_HPMEC/0-1_days/230523_75.png
230523_76,230523,76,HPMEC,0,2.0,1,0-1,9.00E+06,1.74 uL/min,test,test/bad/cell_type_HPMEC/0-1_days/230523_76.png
230523_77,230523,77,HPMEC,1,2.0,1,0-1,9.00E+06,1.74 uL/min,train,train/good/cell_type_HPMEC/0-1_days/230523_77.png
230523_78,230523,78,HPMEC,0,2.0,1,0-1,9.00E+06,1.74 uL/min,test,test/bad/cell_type_HPMEC/0-1_days/230523_78.png
230523_79,230523,79,HPMEC,0,2.0,1,0-1,9.00E+06,1.74 uL/min,train,train/bad/cell_type_HPMEC/0-1_days/230523_79.png
230523_80,230523,80,HPMEC,1,2.0,1,0-1,9.00E+06,1.74 uL/min,train,train/good/cell_type_HPMEC/0-1_days/230523_80.png
230523_81,230523,81,HPMEC,0,2.0,1,0-1,9.00E+06,1.74 uL/min,train,train/bad/cell_type_HPMEC/0-1_days/230523_81.png
230523_82,230523,82,HPMEC,1,2.0,1,0-1,9.00E+06,1.74 uL/min,train,train/good/cell_type_HPMEC/0-1_days/230523_82.png
230523_83,230523,83,HPMEC,0,2.0,1,0-1,9.00E+06,1.74 uL/min,test,test/bad/cell_type_HPMEC/0-1_days/230523_83.png
230523_84,230523,84,HPMEC,1,2.0,1,0-1,9.00E+06,1.74 uL/min,train,train/good/cell_type_HPMEC/0-1_days/230523_84.png
230523_85,230523,85,HPMEC,1,2.0,1,0-1,9.00E+06,1.74 uL/min,val,val/good/cell_type_HPMEC/0-1_days/230523_85.png
230523_86,230523,86,HPMEC,1,2.0,1,0-1,9.00E+06,1.74 uL/min,train,train/good/cell_type_HPMEC/0-1_days/230523_86.png
230523_87,230523,87,HPMEC,1,2.0,1,0-1,9.00E+06,1.74 uL/min,train,train/good/cell_type_HPMEC/0-1_days/230523_87.png
230523_88,230523,88,HPMEC,1,2.0,1,0-1,9.00E+06,1.74 uL/min,train,train/good/cell_type_HPMEC/0-1_days/230523_88.png
230523_89,230523,89,HPMEC,0,2.0,1,0-1,9.00E+06,1.74 uL/min,train,train/bad/cell_type_HPMEC/0-1_days/230523_89.png
230523_90,230523,90,HPMEC,0,2.0,1,0-1,9.00E+06,1.74 uL/min,train,train/bad/cell_type_HPMEC/0-1_days/230523_90.png
230523_91,230523,91,HPMEC,0,2.0,1,0-1,9.00E+06,1.74 uL/min,train,train/bad/cell_type_HPMEC/0-1_days/230523_91.png
230523_92,230523,92,HPMEC,1,2.0,1,0-1,9.00E+06,1.74 uL/min,train,train/good/cell_type_HPMEC/0-1_days/230523_92.png
230523_93,230523,93,HPMEC,0,2.0,1,0-1,9.00E+06,1.74 uL/min,train,train/bad/cell_type_HPMEC/0-1_days/230523_93.png
230523_94,230523,94,HPMEC,0,2.0,1,0-1,9.00E+06,1.74 uL/min,train,train/bad/cell_type_HPMEC/0-1_days/230523_94.png
230523_95,230523,95,HPMEC,0,2.0,1,0-1,9.00E+06,1.74 uL/min,train,train/bad/cell_type_HPMEC/0-1_days/230523_95.png
230523_96,230523,96,HPMEC,0,2.0,1,0-1,9.00E+06,1.74 uL/min,test,test/bad/cell_type_HPMEC/0-1_days/230523_96.png
230523_97,230523,97,HPMEC,0,2.0,1,0-1,9.00E+06,1.74 uL/min,train,train/bad/cell_type_HPMEC/0-1_days/230523_97.png
230523_98,230523,98,HPMEC,0,2.0,1,0-1,9.00E+06,1.74 uL/min,train,train/bad/cell_type_HPMEC/0-1_days/230523_98.png
230523_99,230523,99,HPMEC,0,2.0,1,0-1,9.00E+06,1.74 uL/min,test,test/bad/cell_type_HPMEC/0-1_days/230523_99.png
230523_100,230523,100,HPMEC,0,2.0,1,0-1,9.00E+06,1.74 uL/min,test,test/bad/cell_type_HPMEC/0-1_days/230523_100.png
230523_101,230523,101,HPMEC,0,2.0,1,0-1,9.00E+06,1.74 uL/min,train,train/bad/cell_type_HPMEC/0-1_days/230523_101.png
230523_102,230523,102,HPMEC,0,2.0,1,0-1,9.00E+06,1.74 uL/min,train,train/bad/cell_type_HPMEC/0-1_days/230523_102.png
230523_103,230523,103,HPMEC,0,2.0,1,0-1,9.00E+06,1.74 uL/min,train,train/bad/cell_type_HPMEC/0-1_days/230523_103.png
230523_104,230523,104,HPMEC,0,2.0,1,0-1,9.00E+06,1.74 uL/min,train,train/bad/cell_type_HPMEC/0-1_days/230523_104.png
230523_105,230523,105,HPMEC,0,2.0,1,0-1,9.00E+06,1.74 uL/min,train,train/bad/cell_type_HPMEC/0-1_days/230523_105.png
230523_106,230523,106,HPMEC,0,2.0,1,0-1,9.00E+06,1.74 uL/min,train,train/bad/cell_type_HPMEC/0-1_days/230523_106.png
230523_107,230523,107,HPMEC,1,2.0,1,0-1,9.00E+06,1.74 uL/min,test,test/good/cell_type_HPMEC/0-1_days/230523_107.png
230523_108,230523,108,HPMEC,0,2.0,1,0-1,9.00E+06,1.74 uL/min,train,train/bad/cell_type_HPMEC/0-1_days/230523_108.png
230523_109,230523,109,HPMEC,0,2.0,1,0-1,9.00E+06,1.74 uL/min,train,train/bad/cell_type_HPMEC/0-1_days/230523_109.png
230523_110,230523,110,HPMEC,1,2.0,1,0-1,9.00E+06,1.74 uL/min,train,train/good/cell_type_HPMEC/0-1_days/230523_110.png
230523_111,230523,111,HPMEC,0,2.0,1,0-1,9.00E+06,1.74 uL/min,train,train/bad/cell_type_HPMEC/0-1_days/230523_111.png
230524_1,230524,1,HPMEC,0,,2,2-3,9.00E+06,1.74 uL/min,train,train/bad/cell_type_HPMEC/2-3_days/230524_1.png
230524_2,230524,2,HPMEC,1,,2,2-3,9.00E+06,1.74 uL/min,train,train/good/cell_type_HPMEC/2-3_days/230524_2.png
230524_3,230524,3,HPMEC,0,,2,2-3,9.00E+06,1.74 uL/min,train,train/bad/cell_type_HPMEC/2-3_days/230524_3.png
230524_4,230524,4,HPMEC,0,,2,2-3,9.00E+06,1.74 uL/min,val,val/bad/cell_type_HPMEC/2-3_days/230524_4.png
230524_5,230524,5,HPMEC,0,,2,2-3,9.00E+06,1.74 uL/min,train,train/bad/cell_type_HPMEC/2-3_days/230524_5.png
230524_6,230524,6,HPMEC,0,,2,2-3,9.00E+06,1.74 uL/min,train,train/bad/cell_type_HPMEC/2-3_days/230524_6.png
230524_7,230524,7,HPMEC,0,,2,2-3,9.00E+06,1.74 uL/min,train,train/bad/cell_type_HPMEC/2-3_days/230524_7.png
230524_8,230524,8,HPMEC,0,,2,2-3,9.00E+06,1.74 uL/min,val,val/bad/cell_type_HPMEC/2-3_days/230524_8.png
230524_9,230524,9,HPMEC,0,,2,2-3,9.00E+06,1.74 uL/min,train,train/bad/cell_type_HPMEC/2-3_days/230524_9.png
230524_10,230524,10,HPMEC,0,,2,2-3,9.00E+06,1.74 uL/min,train,train/bad/cell_type_HPMEC/2-3_days/230524_10.png
230524_11,230524,11,HPMEC,0,,2,2-3,9.00E+06,1.74 uL/min,test,test/bad/cell_type_HPMEC/2-3_days/230524_11.png
230524_12,230524,12,HPMEC,0,,2,2-3,9.00E+06,1.74 uL/min,train,train/bad/cell_type_HPMEC/2-3_days/230524_12.png
230524_13,230524,13,HPMEC,0,,2,2-3,9.00E+06,1.74 uL/min,test,test/bad/cell_type_HPMEC/2-3_days/230524_13.png
230524_14,230524,14,HPMEC,0,,2,2-3,9.00E+06,1.74 uL/min,train,train/bad/cell_type_HPMEC/2-3_days/230524_14.png
230524_15,230524,15,HPMEC,0,,2,2-3,9.00E+06,1.74 uL/min,train,train/bad/cell_type_HPMEC/2-3_days/230524_15.png
230524_16,230524,16,HPMEC,0,,2,2-3,9.00E+06,1.74 uL/min,train,train/bad/cell_type_HPMEC/2-3_days/230524_16.png
230524_17,230524,17,HPMEC,0,,2,2-3,9.00E+06,1.74 uL/min,train,train/bad/cell_type_HPMEC/2-3_days/230524_17.png
230524_18,230524,18,HPMEC,0,,2,2-3,9.00E+06,1.74 uL/min,test,test/bad/cell_type_HPMEC/2-3_days/230524_18.png
230524_19,230524,19,HPMEC,0,,2,2-3,9.00E+06,1.74 uL/min,val,val/bad/cell_type_HPMEC/2-3_days/230524_19.png
230524_20,230524,20,HPMEC,0,,2,2-3,9.00E+06,1.74 uL/min,train,train/bad/cell_type_HPMEC/2-3_days/230524_20.png
230524_21,230524,21,HPMEC,0,,2,2-3,9.00E+06,1.74 uL/min,val,val/bad/cell_type_HPMEC/2-3_days/230524_21.png
230524_22,230524,22,HPMEC,0,,2,2-3,9.00E+06,1.74 uL/min,test,test/bad/cell_type_HPMEC/2-3_days/230524_22.png
230524_23,230524,23,HPMEC,0,,2,2-3,9.00E+06,1.74 uL/min,val,val/bad/cell_type_HPMEC/2-3_days/230524_23.png
230524_24,230524,24,HPMEC,0,,2,2-3,9.00E+06,1.74 uL/min,train,train/bad/cell_type_HPMEC/2-3_days/230524_24.png
230524_25,230524,25,HPMEC,0,,2,2-3,9.00E+06,1.74 uL/min,train,train/bad/cell_type_HPMEC/2-3_days/230524_25.png
230524_26,230524,26,HPMEC,0,,2,2-3,9.00E+06,1.74 uL/min,val,val/bad/cell_type_HPMEC/2-3_days/230524_26.png
230524_27,230524,27,HPMEC,0,,2,2-3,9.00E+06,1.74 uL/min,train,train/bad/cell_type_HPMEC/2-3_days/230524_27.png
230524_28,230524,28,HPMEC,0,,2,2-3,9.00E+06,1.74 uL/min,train,train/bad/cell_type_HPMEC/2-3_days/230524_28.png
230524_29,230524,29,HPMEC,0,,2,2-3,9.00E+06,1.74 uL/min,train,train/bad/cell_type_HPMEC/2-3_days/230524_29.png
230524_30,230524,30,HPMEC,0,,2,2-3,9.00E+06,1.74 uL/min,val,val/bad/cell_type_HPMEC/2-3_days/230524_30.png
230524_31,230524,31,HPMEC,1,,2,2-3,9.00E+06,1.74 uL/min,test,test/good/cell_type_HPMEC/2-3_days/230524_31.png
230524_32,230524,32,HPMEC,1,,2,2-3,9.00E+06,1.74 uL/min,train,train/good/cell_type_HPMEC/2-3_days/230524_32.png
230524_33,230524,33,HPMEC,0,,2,2-3,9.00E+06,1.74 uL/min,train,train/bad/cell_type_HPMEC/2-3_days/230524_33.png
230524_34,230524,34,HPMEC,0,,2,2-3,9.00E+06,1.74 uL/min,train,train/bad/cell_type_HPMEC/2-3_days/230524_34.png
230524_35,230524,35,HPMEC,0,,2,2-3,9.00E+06,1.74 uL/min,train,train/bad/cell_type_HPMEC/2-3_days/230524_35.png
230524_36,230524,36,HPMEC,0,,2,2-3,9.00E+06,1.74 uL/min,train,train/bad/cell_type_HPMEC/2-3_days/230524_36.png
230524_37,230524,37,HPMEC,1,,2,2-3,9.00E+06,1.74 uL/min,train,train/good/cell_type_HPMEC/2-3_days/230524_37.png
230524_38,230524,38,HPMEC,1,,2,2-3,9.00E+06,1.74 uL/min,train,train/good/cell_type_HPMEC/2-3_days/230524_38.png
230524_39,230524,39,HPMEC,0,,2,2-3,9.00E+06,1.74 uL/min,test,test/bad/cell_type_HPMEC/2-3_days/230524_39.png
230524_40,230524,40,HPMEC,0,,2,2-3,9.00E+06,1.74 uL/min,train,train/bad/cell_type_HPMEC/2-3_days/230524_40.png
230524_41,230524,41,HPMEC,0,,2,2-3,9.00E+06,1.74 uL/min,train,train/bad/cell_type_HPMEC/2-3_days/230524_41.png
230524_42,230524,42,HPMEC,0,,2,2-3,9.00E+06,1.74 uL/min,train,train/bad/cell_type_HPMEC/2-3_days/230524_42.png
230524_43,230524,43,HPMEC,0,,2,2-3,9.00E+06,1.74 uL/min,train,train/bad/cell_type_HPMEC/2-3_days/230524_43.png
230524_44,230524,44,HPMEC,0,,2,2-3,9.00E+06,1.74 uL/min,val,val/bad/cell_type_HPMEC/2-3_days/230524_44.png
230524_45,230524,45,HPMEC,0,,2,2-3,9.00E+06,1.74 uL/min,test,test/bad/cell_type_HPMEC/2-3_days/230524_45.png
230524_46,230524,46,HPMEC,1,,2,2-3,9.00E+06,1.74 uL/min,test,test/good/cell_type_HPMEC/2-3_days/230524_46.png
230524_47,230524,47,HPMEC,1,,2,2-3,9.00E+06,1.74 uL/min,train,train/good/cell_type_HPMEC/2-3_days/230524_47.png
230524_48,230524,48,HPMEC,0,,2,2-3,9.00E+06,1.74 uL/min,val,val/bad/cell_type_HPMEC/2-3_days/230524_48.png
230524_49,230524,49,HPMEC,1,,2,2-3,9.00E+06,1.74 uL/min,train,train/good/cell_type_HPMEC/2-3_days/230524_49.png
230524_50,230524,50,HPMEC,1,,2,2-3,9.00E+06,1.74 uL/min,test,test/good/cell_type_HPMEC/2-3_days/230524_50.png
230524_51,230524,51,HPMEC,1,,2,2-3,9.00E+06,1.74 uL/min,train,train/good/cell_type_HPMEC/2-3_days/230524_51.png
230524_52,230524,52,HPMEC,1,,2,2-3,9.00E+06,1.74 uL/min,train,train/good/cell_type_HPMEC/2-3_days/230524_52.png
230524_53,230524,53,HPMEC,1,,2,2-3,9.00E+06,1.74 uL/min,test,test/good/cell_type_HPMEC/2-3_days/230524_53.png
230524_54,230524,54,HPMEC,1,,2,2-3,9.00E+06,1.74 uL/min,train,train/good/cell_type_HPMEC/2-3_days/230524_54.png
230524_55,230524,55,HPMEC,0,,2,2-3,9.00E+06,1.74 uL/min,train,train/bad/cell_type_HPMEC/2-3_days/230524_55.png
230524_56,230524,56,HPMEC,0,,2,2-3,9.00E+06,1.74 uL/min,train,train/bad/cell_type_HPMEC/2-3_days/230524_56.png
230524_57,230524,57,HPMEC,0,,2,2-3,9.00E+06,1.74 uL/min,train,train/bad/cell_type_HPMEC/2-3_days/230524_57.png
230524_58,230524,58,HPMEC,0,,2,2-3,9.00E+06,1.74 uL/min,train,train/bad/cell_type_HPMEC/2-3_days/230524_58.png
230524_59,230524,59,HPMEC,0,,2,2-3,9.00E+06,1.74 uL/min,test,test/bad/cell_type_HPMEC/2-3_days/230524_59.png
230524_60,230524,60,HPMEC,0,,2,2-3,9.00E+06,1.74 uL/min,train,train/bad/cell_type_HPMEC/2-3_days/230524_60.png
230524_61,230524,61,HPMEC,0,,2,2-3,9.00E+06,1.74 uL/min,train,train/bad/cell_type_HPMEC/2-3_days/230524_61.png
230524_62,230524,62,HPMEC,1,,2,2-3,9.00E+06,1.74 uL/min,test,test/good/cell_type_HPMEC/2-3_days/230524_62.png
230524_63,230524,63,HPMEC,0,,2,2-3,9.00E+06,1.74 uL/min,train,train/bad/cell_type_HPMEC/2-3_days/230524_63.png
230524_64,230524,64,HPMEC,0,,2,2-3,9.00E+06,1.74 uL/min,train,train/bad/cell_type_HPMEC/2-3_days/230524_64.png
230524_65,230524,65,HPMEC,0,,2,2-3,9.00E+06,1.74 uL/min,train,train/bad/cell_type_HPMEC/2-3_days/230524_65.png
230524_66,230524,66,HPMEC,1,,2,2-3,9.00E+06,1.74 uL/min,val,val/good/cell_type_HPMEC/2-3_days/230524_66.png
230524_67,230524,67,HPMEC,1,,2,2-3,9.00E+06,1.74 uL/min,val,val/good/cell_type_HPMEC/2-3_days/230524_67.png
230524_68,230524,68,HPMEC,1,,2,2-3,9.00E+06,1.74 uL/min,test,test/good/cell_type_HPMEC/2-3_days/230524_68.png
230524_69,230524,69,HPMEC,1,,2,2-3,9.00E+06,1.74 uL/min,train,train/good/cell_type_HPMEC/2-3_days/230524_69.png
230524_70,230524,70,HPMEC,0,,2,2-3,9.00E+06,1.74 uL/min,train,train/bad/cell_type_HPMEC/2-3_days/230524_70.png
230524_71,230524,71,HPMEC,0,,2,2-3,9.00E+06,1.74 uL/min,train,train/bad/cell_type_HPMEC/2-3_days/230524_71.png
230524_72,230524,72,HPMEC,1,,2,2-3,9.00E+06,1.74 uL/min,train,train/good/cell_type_HPMEC/2-3_days/230524_72.png
230524_73,230524,73,HPMEC,1,,2,2-3,9.00E+06,1.74 uL/min,train,train/good/cell_type_HPMEC/2-3_days/230524_73.png
230524_74,230524,74,HPMEC,1,,2,2-3,9.00E+06,1.74 uL/min,train,train/good/cell_type_HPMEC/2-3_days/230524_74.png
230524_75,230524,75,HPMEC,1,,2,2-3,9.00E+06,1.74 uL/min,train,train/good/cell_type_HPMEC/2-3_days/230524_75.png
230524_76,230524,76,HPMEC,1,,2,2-3,9.00E+06,1.74 uL/min,train,train/good/cell_type_HPMEC/2-3_days/230524_76.png
230524_77,230524,77,HPMEC,1,,2,2-3,9.00E+06,1.74 uL/min,train,train/good/cell_type_HPMEC/2-3_days/230524_77.png
230524_78,230524,78,HPMEC,0,,2,2-3,9.00E+06,1.74 uL/min,train,train/bad/cell_type_HPMEC/2-3_days/230524_78.png
230524_79,230524,79,HPMEC,0,,2,2-3,9.00E+06,1.74 uL/min,train,train/bad/cell_type_HPMEC/2-3_days/230524_79.png
230524_80,230524,80,HPMEC,0,,2,2-3,9.00E+06,1.74 uL/min,val,val/bad/cell_type_HPMEC/2-3_days/230524_80.png
230524_81,230524,81,HPMEC,0,,2,2-3,9.00E+06,1.74 uL/min,train,train/bad/cell_type_HPMEC/2-3_days/230524_81.png
230524_82,230524,82,HPMEC,0,,2,2-3,9.00E+06,1.74 uL/min,test,test/bad/cell_type_HPMEC/2-3_days/230524_82.png
230524_83,230524,83,HPMEC,0,,2,2-3,9.00E+06,1.74 uL/min,train,train/bad/cell_type_HPMEC/2-3_days/230524_83.png
230524_84,230524,84,HPMEC,0,,2,2-3,9.00E+06,1.74 uL/min,test,test/bad/cell_type_HPMEC/2-3_days/230524_84.png
230524_85,230524,85,HPMEC,0,,2,2-3,9.00E+06,1.74 uL/min,test,test/bad/cell_type_HPMEC/2-3_days/230524_85.png
230524_86,230524,86,HPMEC,0,,2,2-3,9.00E+06,1.74 uL/min,train,train/bad/cell_type_HPMEC/2-3_days/230524_86.png
230524_87,230524,87,HPMEC,0,,2,2-3,9.00E+06,1.74 uL/min,train,train/bad/cell_type_HPMEC/2-3_days/230524_87.png
230524_88,230524,88,HPMEC,0,,2,2-3,9.00E+06,1.74 uL/min,train,train/bad/cell_type_HPMEC/2-3_days/230524_88.png
230524_89,230524,89,HPMEC,0,,2,2-3,9.00E+06,1.74 uL/min,train,train/bad/cell_type_HPMEC/2-3_days/230524_89.png
230524_90,230524,90,HPMEC,0,,2,2-3,9.00E+06,1.74 uL/min,train,train/bad/cell_type_HPMEC/2-3_days/230524_90.png
230524_91,230524,91,HPMEC,0,,2,2-3,9.00E+06,1.74 uL/min,train,train/bad/cell_type_HPMEC/2-3_days/230524_91.png
230524_92,230524,92,HPMEC,0,,2,2-3,9.00E+06,1.74 uL/min,val,val/bad/cell_type_HPMEC/2-3_days/230524_92.png
230524_93,230524,93,HPMEC,0,,2,2-3,9.00E+06,1.74 uL/min,train,train/bad/cell_type_HPMEC/2-3_days/230524_93.png
230524_94,230524,94,HPMEC,0,,2,2-3,9.00E+06,1.74 uL/min,train,train/bad/cell_type_HPMEC/2-3_days/230524_94.png
230524_95,230524,95,HPMEC,0,,2,2-3,9.00E+06,1.74 uL/min,train,train/bad/cell_type_HPMEC/2-3_days/230524_95.png
230524_96,230524,96,HPMEC,0,,2,2-3,9.00E+06,1.74 uL/min,train,train/bad/cell_type_HPMEC/2-3_days/230524_96.png
230524_97,230524,97,HPMEC,0,,2,2-3,9.00E+06,1.74 uL/min,train,train/bad/cell_type_HPMEC/2-3_days/230524_97.png
230524_98,230524,98,HPMEC,0,,2,2-3,9.00E+06,1.74 uL/min,val,val/bad/cell_type_HPMEC/2-3_days/230524_98.png
230524_99,230524,99,HPMEC,0,,2,2-3,9.00E+06,1.74 uL/min,train,train/bad/cell_type_HPMEC/2-3_days/230524_99.png
230524_100,230524,100,HPMEC,0,,2,2-3,9.00E+06,1.74 uL/min,train,train/bad/cell_type_HPMEC/2-3_days/230524_100.png
230524_101,230524,101,HPMEC,0,,2,2-3,9.00E+06,1.74 uL/min,train,train/bad/cell_type_HPMEC/2-3_days/230524_101.png
230524_102,230524,102,HPMEC,0,,2,2-3,9.00E+06,1.74 uL/min,test,test/bad/cell_type_HPMEC/2-3_days/230524_102.png
230524_103,230524,103,HPMEC,1,,2,2-3,9.00E+06,1.74 uL/min,train,train/good/cell_type_HPMEC/2-3_days/230524_103.png
230524_104,230524,104,HPMEC,0,,2,2-3,9.00E+06,1.74 uL/min,test,test/bad/cell_type_HPMEC/2-3_days/230524_104.png
230524_105,230524,105,HPMEC,0,,2,2-3,9.00E+06,1.74 uL/min,train,train/bad/cell_type_HPMEC/2-3_days/230524_105.png
230524_106,230524,106,HPMEC,0,,2,2-3,9.00E+06,1.74 uL/min,test,test/bad/cell_type_HPMEC/2-3_days/230524_106.png
230524_107,230524,107,HPMEC,0,,2,2-3,9.00E+06,1.74 uL/min,train,train/bad/cell_type_HPMEC/2-3_days/230524_107.png
230524_108,230524,108,HPMEC,0,,2,2-3,9.00E+06,1.74 uL/min,train,train/bad/cell_type_HPMEC/2-3_days/230524_108.png
230525_1,230525,1,HPMEC,1,,3,2-3,9.00E+06,1.74 uL/min,train,train/good/cell_type_HPMEC/2-3_days/230525_1.png
230525_2,230525,2,HPMEC,1,,3,2-3,9.00E+06,1.74 uL/min,val,val/good/cell_type_HPMEC/2-3_days/230525_2.png
230525_3,230525,3,HPMEC,1,,3,2-3,9.00E+06,1.74 uL/min,train,train/good/cell_type_HPMEC/2-3_days/230525_3.png
230525_4,230525,4,HPMEC,1,,3,2-3,9.00E+06,1.74 uL/min,test,test/good/cell_type_HPMEC/2-3_days/230525_4.png
230525_5,230525,5,HPMEC,1,,3,2-3,9.00E+06,1.74 uL/min,train,train/good/cell_type_HPMEC/2-3_days/230525_5.png
230525_6,230525,6,HPMEC,1,,3,2-3,9.00E+06,1.74 uL/min,train,train/good/cell_type_HPMEC/2-3_days/230525_6.png
230525_7,230525,7,HPMEC,1,,3,2-3,9.00E+06,1.74 uL/min,train,train/good/cell_type_HPMEC/2-3_days/230525_7.png
230525_8,230525,8,HPMEC,1,,3,2-3,9.00E+06,1.74 uL/min,train,train/good/cell_type_HPMEC/2-3_days/230525_8.png
230525_9,230525,9,HPMEC,1,,3,2-3,9.00E+06,1.74 uL/min,train,train/good/cell_type_HPMEC/2-3_days/230525_9.png
230525_10,230525,10,HPMEC,0,,3,2-3,9.00E+06,1.74 uL/min,train,train/bad/cell_type_HPMEC/2-3_days/230525_10.png
230525_11,230525,11,HPMEC,0,,3,2-3,9.00E+06,1.74 uL/min,train,train/bad/cell_type_HPMEC/2-3_days/230525_11.png
230525_12,230525,12,HPMEC,0,,3,2-3,9.00E+06,1.74 uL/min,train,train/bad/cell_type_HPMEC/2-3_days/230525_12.png
230525_13,230525,13,HPMEC,0,,3,2-3,9.00E+06,1.74 uL/min,train,train/bad/cell_type_HPMEC/2-3_days/230525_13.png
230525_14,230525,14,HPMEC,0,,3,2-3,9.00E+06,1.74 uL/min,train,train/bad/cell_type_HPMEC/2-3_days/230525_14.png
230525_15,230525,15,HPMEC,0,,3,2-3,9.00E+06,1.74 uL/min,train,train/bad/cell_type_HPMEC/2-3_days/230525_15.png
230525_16,230525,16,HPMEC,0,,3,2-3,9.00E+06,1.74 uL/min,val,val/bad/cell_type_HPMEC/2-3_days/230525_16.png
230525_17,230525,17,HPMEC,0,,3,2-3,9.00E+06,1.74 uL/min,train,train/bad/cell_type_HPMEC/2-3_days/230525_17.png
230525_18,230525,18,HPMEC,0,,3,2-3,9.00E+06,1.74 uL/min,train,train/bad/cell_type_HPMEC/2-3_days/230525_18.png
230525_19,230525,19,HPMEC,0,,3,2-3,9.00E+06,1.74 uL/min,train,train/bad/cell_type_HPMEC/2-3_days/230525_19.png
230525_20,230525,20,HPMEC,0,,3,2-3,9.00E+06,1.74 uL/min,train,train/bad/cell_type_HPMEC/2-3_days/230525_20.png
230525_21,230525,21,HPMEC,0,,3,2-3,9.00E+06,1.74 uL/min,test,test/bad/cell_type_HPMEC/2-3_days/230525_21.png
230525_22,230525,22,HPMEC,1,,3,2-3,9.00E+06,1.74 uL/min,train,train/good/cell_type_HPMEC/2-3_days/230525_22.png
230525_23,230525,23,HPMEC,1,,3,2-3,9.00E+06,1.74 uL/min,train,train/good/cell_type_HPMEC/2-3_days/230525_23.png
230525_24,230525,24,HPMEC,1,,3,2-3,9.00E+06,1.74 uL/min,train,train/good/cell_type_HPMEC/2-3_days/230525_24.png
230525_25,230525,25,HPMEC,1,,3,2-3,9.00E+06,1.74 uL/min,train,train/good/cell_type_HPMEC/2-3_days/230525_25.png
230525_26,230525,26,HPMEC,0,,3,2-3,9.00E+06,1.74 uL/min,test,test/bad/cell_type_HPMEC/2-3_days/230525_26.png
230525_27,230525,27,HPMEC,0,,3,2-3,9.00E+06,1.74 uL/min,test,test/bad/cell_type_HPMEC/2-3_days/230525_27.png
230525_28,230525,28,HPMEC,1,,3,2-3,9.00E+06,1.74 uL/min,train,train/good/cell_type_HPMEC/2-3_days/230525_28.png
230525_29,230525,29,HPMEC,0,,3,2-3,9.00E+06,1.74 uL/min,train,train/bad/cell_type_HPMEC/2-3_days/230525_29.png
230525_30,230525,30,HPMEC,1,,3,2-3,9.00E+06,1.74 uL/min,train,train/good/cell_type_HPMEC/2-3_days/230525_30.png
230525_31,230525,31,HPMEC,0,,3,2-3,9.00E+06,1.74 uL/min,train,train/bad/cell_type_HPMEC/2-3_days/230525_31.png
230525_32,230525,32,HPMEC,0,,3,2-3,9.00E+06,1.74 uL/min,test,test/bad/cell_type_HPMEC/2-3_days/230525_32.png
230525_33,230525,33,HPMEC,1,,3,2-3,9.00E+06,1.74 uL/min,test,test/good/cell_type_HPMEC/2-3_days/230525_33.png
230525_34,230525,34,HPMEC,1,,3,2-3,9.00E+06,1.74 uL/min,test,test/good/cell_type_HPMEC/2-3_days/230525_34.png
230525_35,230525,35,HPMEC,1,,3,2-3,9.00E+06,1.74 uL/min,train,train/good/cell_type_HPMEC/2-3_days/230525_35.png
230525_36,230525,36,HPMEC,1,,3,2-3,9.00E+06,1.74 uL/min,test,test/good/cell_type_HPMEC/2-3_days/230525_36.png
230525_37,230525,37,HPMEC,0,,3,2-3,9.00E+06,1.74 uL/min,train,train/bad/cell_type_HPMEC/2-3_days/230525_37.png
230525_38,230525,38,A549,1,1.0,1,0-1,1.00E+06,2 uL/min,val,val/good/cell_type_A549/0-1_days/230525_38.png
230525_39,230525,39,A549,1,1.0,1,0-1,1.00E+06,2 uL/min,train,train/good/cell_type_A549/0-1_days/230525_39.png
230525_40,230525,40,A549,1,1.0,1,0-1,1.00E+06,2 uL/min,train,train/good/cell_type_A549/0-1_days/230525_40.png
230525_41,230525,41,A549,1,1.0,1,0-1,1.00E+06,2 uL/min,test,test/good/cell_type_A549/0-1_days/230525_41.png
230525_42,230525,42,A549,1,1.0,1,0-1,1.00E+06,2 uL/min,test,test/good/cell_type_A549/0-1_days/230525_42.png
230525_43,230525,43,A549,1,1.0,1,0-1,1.00E+06,2 uL/min,train,train/good/cell_type_A549/0-1_days/230525_43.png
230525_44,230525,44,A549,1,1.0,1,0-1,1.00E+06,2 uL/min,train,train/good/cell_type_A549/0-1_days/230525_44.png
230525_45,230525,45,A549,1,1.0,1,0-1,1.00E+06,2 uL/min,train,train/good/cell_type_A549/0-1_days/230525_45.png
230525_46,230525,46,A549,1,1.0,1,0-1,1.00E+06,2 uL/min,test,test/good/cell_type_A549/0-1_days/230525_46.png
230525_47,230525,47,A549,1,1.0,1,0-1,1.00E+06,2 uL/min,train,train/good/cell_type_A549/0-1_days/230525_47.png
230525_48,230525,48,A549,0,1.0,1,0-1,1.00E+06,2 uL/min,train,train/bad/cell_type_A549/0-1_days/230525_48.png
230525_49,230525,49,A549,1,1.0,1,0-1,1.00E+06,2 uL/min,train,train/good/cell_type_A549/0-1_days/230525_49.png
230525_50,230525,50,A549,1,1.0,1,0-1,1.00E+06,2 uL/min,val,val/good/cell_type_A549/0-1_days/230525_50.png
230525_51,230525,51,A549,1,1.0,1,0-1,1.00E+06,2 uL/min,train,train/good/cell_type_A549/0-1_days/230525_51.png
230525_52,230525,52,A549,1,1.0,1,0-1,1.00E+06,2 uL/min,test,test/good/cell_type_A549/0-1_days/230525_52.png
230525_53,230525,53,A549,1,1.0,1,0-1,1.00E+06,2 uL/min,train,train/good/cell_type_A549/0-1_days/230525_53.png
230525_54,230525,54,A549,1,1.0,1,0-1,1.00E+06,2 uL/min,test,test/good/cell_type_A549/0-1_days/230525_54.png
230525_55,230525,55,A549,0,1.0,1,0-1,1.00E+06,2 uL/min,train,train/bad/cell_type_A549/0-1_days/230525_55.png
230525_56,230525,56,A549,1,1.0,1,0-1,1.00E+06,2 uL/min,train,train/good/cell_type_A549/0-1_days/230525_56.png
230525_57,230525,57,A549,1,1.0,1,0-1,1.00E+06,2 uL/min,train,train/good/cell_type_A549/0-1_days/230525_57.png
230525_58,230525,58,A549,0,1.0,1,0-1,1.00E+06,2 uL/min,train,train/bad/cell_type_A549/0-1_days/230525_58.png
230525_59,230525,59,A549,1,1.0,1,0-1,1.00E+06,2 uL/min,val,val/good/cell_type_A549/0-1_days/230525_59.png
230525_60,230525,60,A549,1,1.0,1,0-1,1.00E+06,2 uL/min,train,train/good/cell_type_A549/0-1_days/230525_60.png
230525_61,230525,61,A549,1,1.0,1,0-1,1.00E+06,2 uL/min,train,train/good/cell_type_A549/0-1_days/230525_61.png
230525_62,230525,62,A549,1,1.0,1,0-1,1.00E+06,2 uL/min,train,train/good/cell_type_A549/0-1_days/230525_62.png
230525_63,230525,63,A549,0,1.0,1,0-1,1.00E+06,2 uL/min,train,train/bad/cell_type_A549/0-1_days/230525_63.png
230525_64,230525,64,A549,0,1.0,1,0-1,1.00E+06,2 uL/min,train,train/bad/cell_type_A549/0-1_days/230525_64.png
230525_65,230525,65,A549,1,1.0,1,0-1,1.00E+06,2 uL/min,test,test/good/cell_type_A549/0-1_days/230525_65.png
230525_66,230525,66,A549,1,1.0,1,0-1,1.00E+06,2 uL/min,train,train/good/cell_type_A549/0-1_days/230525_66.png
230525_67,230525,67,A549,0,1.0,1,0-1,1.00E+06,2 uL/min,train,train/bad/cell_type_A549/0-1_days/230525_67.png
230525_68,230525,68,A549,1,1.0,1,0-1,1.00E+06,2 uL/min,val,val/good/cell_type_A549/0-1_days/230525_68.png
230525_69,230525,69,A549,1,1.0,1,0-1,1.00E+06,2 uL/min,train,train/good/cell_type_A549/0-1_days/230525_69.png
230525_70,230525,70,A549,1,1.0,1,0-1,1.00E+06,2 uL/min,train,train/good/cell_type_A549/0-1_days/230525_70.png
230525_71,230525,71,A549,1,1.0,1,0-1,1.00E+06,2 uL/min,train,train/good/cell_type_A549/0-1_days/230525_71.png
230525_72,230525,72,A549,1,1.0,1,0-1,1.00E+06,2 uL/min,val,val/good/cell_type_A549/0-1_days/230525_72.png
230525_73,230525,73,HPMEC,1,,3,2-3,9.00E+06,1.74 uL/min,test,test/good/cell_type_HPMEC/2-3_days/230525_73.png
230525_74,230525,74,HPMEC,1,,3,2-3,9.00E+06,1.74 uL/min,train,train/good/cell_type_HPMEC/2-3_days/230525_74.png
230525_75,230525,75,HPMEC,1,,3,2-3,9.00E+06,1.74 uL/min,test,test/good/cell_type_HPMEC/2-3_days/230525_75.png
230525_76,230525,76,HPMEC,1,,3,2-3,9.00E+06,1.74 uL/min,test,test/good/cell_type_HPMEC/2-3_days/230525_76.png
230525_77,230525,77,HPMEC,1,,3,2-3,9.00E+06,1.74 uL/min,train,train/good/cell_type_HPMEC/2-3_days/230525_77.png
230525_78,230525,78,HPMEC,1,,3,2-3,9.00E+06,1.74 uL/min,train,train/good/cell_type_HPMEC/2-3_days/230525_78.png
230525_79,230525,79,HPMEC,0,,3,2-3,9.00E+06,1.74 uL/min,train,train/bad/cell_type_HPMEC/2-3_days/230525_79.png
230525_80,230525,80,HPMEC,0,,3,2-3,9.00E+06,1.74 uL/min,test,test/bad/cell_type_HPMEC/2-3_days/230525_80.png
230525_81,230525,81,HPMEC,0,,3,2-3,9.00E+06,1.74 uL/min,test,test/bad/cell_type_HPMEC/2-3_days/230525_81.png
230525_82,230525,82,HPMEC,1,,3,2-3,9.00E+06,1.74 uL/min,train,train/good/cell_type_HPMEC/2-3_days/230525_82.png
230525_83,230525,83,HPMEC,1,,3,2-3,9.00E+06,1.74 uL/min,train,train/good/cell_type_HPMEC/2-3_days/230525_83.png
230525_84,230525,84,HPMEC,1,,3,2-3,9.00E+06,1.74 uL/min,train,train/good/cell_type_HPMEC/2-3_days/230525_84.png
230525_85,230525,85,HPMEC,0,,3,2-3,9.00E+06,1.74 uL/min,test,test/bad/cell_type_HPMEC/2-3_days/230525_85.png
230525_86,230525,86,HPMEC,1,,3,2-3,9.00E+06,1.74 uL/min,test,test/good/cell_type_HPMEC/2-3_days/230525_86.png
230525_87,230525,87,HPMEC,1,,3,2-3,9.00E+06,1.74 uL/min,val,val/good/cell_type_HPMEC/2-3_days/230525_87.png
230525_88,230525,88,HPMEC,0,,3,2-3,9.00E+06,1.74 uL/min,train,train/bad/cell_type_HPMEC/2-3_days/230525_88.png
230525_89,230525,89,HPMEC,1,,3,2-3,9.00E+06,1.74 uL/min,train,train/good/cell_type_HPMEC/2-3_days/230525_89.png
230525_90,230525,90,HPMEC,1,,3,2-3,9.00E+06,1.74 uL/min,train,train/good/cell_type_HPMEC/2-3_days/230525_90.png
230525_91,230525,91,HPMEC,0,,3,2-3,9.00E+06,1.74 uL/min,train,train/bad/cell_type_HPMEC/2-3_days/230525_91.png
230525_92,230525,92,HPMEC,1,,3,2-3,9.00E+06,1.74 uL/min,test,test/good/cell_type_HPMEC/2-3_days/230525_92.png
230525_93,230525,93,HPMEC,1,,3,2-3,9.00E+06,1.74 uL/min,train,train/good/cell_type_HPMEC/2-3_days/230525_93.png
230525_94,230525,94,HPMEC,1,,3,2-3,9.00E+06,1.74 uL/min,train,train/good/cell_type_HPMEC/2-3_days/230525_94.png
230525_95,230525,95,HPMEC,1,,3,2-3,9.00E+06,1.74 uL/min,val,val/good/cell_type_HPMEC/2-3_days/230525_95.png
230525_96,230525,96,HPMEC,1,,3,2-3,9.00E+06,1.74 uL/min,train,train/good/cell_type_HPMEC/2-3_days/230525_96.png
230525_97,230525,97,HPMEC,1,,3,2-3,9.00E+06,1.74 uL/min,train,train/good/cell_type_HPMEC/2-3_days/230525_97.png
230525_98,230525,98,HPMEC,1,,3,2-3,9.00E+06,1.74 uL/min,train,train/good/cell_type_HPMEC/2-3_days/230525_98.png
230525_99,230525,99,HPMEC,1,,3,2-3,9.00E+06,1.74 uL/min,test,test/good/cell_type_HPMEC/2-3_days/230525_99.png
230525_100,230525,100,HPMEC,1,,3,2-3,9.00E+06,1.74 uL/min,train,train/good/cell_type_HPMEC/2-3_days/230525_100.png
230525_101,230525,101,HPMEC,1,,3,2-3,9.00E+06,1.74 uL/min,test,test/good/cell_type_HPMEC/2-3_days/230525_101.png
230525_102,230525,102,HPMEC,1,,3,2-3,9.00E+06,1.74 uL/min,train,train/good/cell_type_HPMEC/2-3_days/230525_102.png
230525_103,230525,103,HPMEC,1,,3,2-3,9.00E+06,1.74 uL/min,train,train/good/cell_type_HPMEC/2-3_days/230525_103.png
230525_104,230525,104,HPMEC,1,,3,2-3,9.00E+06,1.74 uL/min,train,train/good/cell_type_HPMEC/2-3_days/230525_104.png
230525_105,230525,105,HPMEC,1,,3,2-3,9.00E+06,1.74 uL/min,train,train/good/cell_type_HPMEC/2-3_days/230525_105.png
230525_106,230525,106,HPMEC,1,,3,2-3,9.00E+06,1.74 uL/min,train,train/good/cell_type_HPMEC/2-3_days/230525_106.png
230525_107,230525,107,HPMEC,1,,3,2-3,9.00E+06,1.74 uL/min,train,train/good/cell_type_HPMEC/2-3_days/230525_107.png
230525_108,230525,108,HPMEC,0,,3,2-3,9.00E+06,1.74 uL/min,train,train/bad/cell_type_HPMEC/2-3_days/230525_108.png
230525_109,230525,109,HPMEC,0,,3,2-3,9.00E+06,1.74 uL/min,test,test/bad/cell_type_HPMEC/2-3_days/230525_109.png
230525_110,230525,110,A549,1,1.0,1,0-1,1.00E+06,2 uL/min,test,test/good/cell_type_A549/0-1_days/230525_110.png
230525_111,230525,111,A549,0,1.0,1,0-1,1.00E+06,2 uL/min,train,train/bad/cell_type_A549/0-1_days/230525_111.png
230525_112,230525,112,A549,1,1.0,1,0-1,1.00E+06,2 uL/min,train,train/good/cell_type_A549/0-1_days/230525_112.png
230525_113,230525,113,A549,0,1.0,1,0-1,1.00E+06,2 uL/min,val,val/bad/cell_type_A549/0-1_days/230525_113.png
230525_114,230525,114,A549,0,1.0,1,0-1,1.00E+06,2 uL/min,test,test/bad/cell_type_A549/0-1_days/230525_114.png
230525_115,230525,115,A549,1,1.0,1,0-1,1.00E+06,2 uL/min,train,train/good/cell_type_A549/0-1_days/230525_115.png
230525_116,230525,116,A549,1,1.0,1,0-1,1.00E+06,2 uL/min,train,train/good/cell_type_A549/0-1_days/230525_116.png
230525_117,230525,117,A549,1,1.0,1,0-1,1.00E+06,2 uL/min,test,test/good/cell_type_A549/0-1_days/230525_117.png
230525_118,230525,118,A549,1,1.0,1,0-1,1.00E+06,2 uL/min,train,train/good/cell_type_A549/0-1_days/230525_118.png
230525_119,230525,119,A549,1,1.0,1,0-1,1.00E+06,2 uL/min,train,train/good/cell_type_A549/0-1_days/230525_119.png
230525_120,230525,120,A549,1,1.0,1,0-1,1.00E+06,2 uL/min,test,test/good/cell_type_A549/0-1_days/230525_120.png
230525_121,230525,121,A549,1,1.0,1,0-1,1.00E+06,2 uL/min,train,train/good/cell_type_A549/0-1_days/230525_121.png
230525_122,230525,122,A549,0,1.0,1,0-1,1.00E+06,2 uL/min,test,test/bad/cell_type_A549/0-1_days/230525_122.png
230525_123,230525,123,A549,0,1.0,1,0-1,1.00E+06,2 uL/min,test,test/bad/cell_type_A549/0-1_days/230525_123.png
230525_124,230525,124,A549,0,1.0,1,0-1,1.00E+06,2 uL/min,test,test/bad/cell_type_A549/0-1_days/230525_124.png
230525_125,230525,125,A549,0,1.0,1,0-1,1.00E+06,2 uL/min,val,val/bad/cell_type_A549/0-1_days/230525_125.png
230525_126,230525,126,A549,0,1.0,1,0-1,1.00E+06,2 uL/min,train,train/bad/cell_type_A549/0-1_days/230525_126.png
230525_127,230525,127,A549,0,1.0,1,0-1,1.00E+06,2 uL/min,train,train/bad/cell_type_A549/0-1_days/230525_127.png
230525_128,230525,128,A549,0,1.0,1,0-1,1.00E+06,2 uL/min,train,train/bad/cell_type_A549/0-1_days/230525_128.png
230525_129,230525,129,A549,1,1.0,1,0-1,1.00E+06,2 uL/min,train,train/good/cell_type_A549/0-1_days/230525_129.png
230525_130,230525,130,A549,1,1.0,1,0-1,1.00E+06,2 uL/min,train,train/good/cell_type_A549/0-1_days/230525_130.png
230525_131,230525,131,A549,1,1.0,1,0-1,1.00E+06,2 uL/min,train,train/good/cell_type_A549/0-1_days/230525_131.png
230525_132,230525,132,A549,1,1.0,1,0-1,1.00E+06,2 uL/min,test,test/good/cell_type_A549/0-1_days/230525_132.png
230525_133,230525,133,A549,1,1.0,1,0-1,1.00E+06,2 uL/min,train,train/good/cell_type_A549/0-1_days/230525_133.png
230525_134,230525,134,A549,1,1.0,1,0-1,1.00E+06,2 uL/min,train,train/good/cell_type_A549/0-1_days/230525_134.png
230525_135,230525,135,A549,1,1.0,1,0-1,1.00E+06,2 uL/min,test,test/good/cell_type_A549/0-1_days/230525_135.png
230525_136,230525,136,A549,1,1.0,1,0-1,1.00E+06,2 uL/min,train,train/good/cell_type_A549/0-1_days/230525_136.png
230525_137,230525,137,A549,1,1.0,1,0-1,1.00E+06,2 uL/min,train,train/good/cell_type_A549/0-1_days/230525_137.png
230525_138,230525,138,A549,1,1.0,1,0-1,1.00E+06,2 uL/min,train,train/good/cell_type_A549/0-1_days/230525_138.png
230525_139,230525,139,A549,1,1.0,1,0-1,1.00E+06,2 uL/min,train,train/good/cell_type_A549/0-1_days/230525_139.png
230525_140,230525,140,A549,1,1.0,1,0-1,1.00E+06,2 uL/min,test,test/good/cell_type_A549/0-1_days/230525_140.png
230525_141,230525,141,A549,1,1.0,1,0-1,1.00E+06,2 uL/min,train,train/good/cell_type_A549/0-1_days/230525_141.png
230525_142,230525,142,A549,1,1.0,1,0-1,1.00E+06,2 uL/min,train,train/good/cell_type_A549/0-1_days/230525_142.png
230525_143,230525,143,A549,1,1.0,1,0-1,1.00E+06,2 uL/min,test,test/good/cell_type_A549/0-1_days/230525_143.png
230525_144,230525,144,A549,1,1.0,1,0-1,1.00E+06,2 uL/min,test,test/good/cell_type_A549/0-1_days/230525_144.png
230525_145,230525,145,A549,1,1.0,1,0-1,1.00E+06,2 uL/min,train,train/good/cell_type_A549/0-1_days/230525_145.png
230525_146,230525,146,A549,1,1.0,1,0-1,1.00E+06,2 uL/min,train,train/good/cell_type_A549/0-1_days/230525_146.png
230525_147,230525,147,HPMEC,0,,3,2-3,9.00E+06,1.74 uL/min,train,train/bad/cell_type_HPMEC/2-3_days/230525_147.png
230525_148,230525,148,HPMEC,0,,3,2-3,9.00E+06,1.74 uL/min,train,train/bad/cell_type_HPMEC/2-3_days/230525_148.png
230525_149,230525,149,HPMEC,0,,3,2-3,9.00E+06,1.74 uL/min,val,val/bad/cell_type_HPMEC/2-3_days/230525_149.png
230525_150,230525,150,HPMEC,0,,3,2-3,9.00E+06,1.74 uL/min,train,train/bad/cell_type_HPMEC/2-3_days/230525_150.png
230525_151,230525,151,HPMEC,0,,3,2-3,9.00E+06,1.74 uL/min,train,train/bad/cell_type_HPMEC/2-3_days/230525_151.png
230525_152,230525,152,HPMEC,0,,3,2-3,9.00E+06,1.74 uL/min,train,train/bad/cell_type_HPMEC/2-3_days/230525_152.png
230525_153,230525,153,HPMEC,1,,3,2-3,9.00E+06,1.74 uL/min,test,test/good/cell_type_HPMEC/2-3_days/230525_153.png
230525_154,230525,154,HPMEC,1,,3,2-3,9.00E+06,1.74 uL/min,test,test/good/cell_type_HPMEC/2-3_days/230525_154.png
230525_155,230525,155,HPMEC,1,,3,2-3,9.00E+06,1.74 uL/min,train,train/good/cell_type_HPMEC/2-3_days/230525_155.png
230525_156,230525,156,HPMEC,1,,3,2-3,9.00E+06,1.74 uL/min,train,train/good/cell_type_HPMEC/2-3_days/230525_156.png
230525_157,230525,157,HPMEC,1,,3,2-3,9.00E+06,1.74 uL/min,train,train/good/cell_type_HPMEC/2-3_days/230525_157.png
230525_158,230525,158,HPMEC,1,,3,2-3,9.00E+06,1.74 uL/min,train,train/good/cell_type_HPMEC/2-3_days/230525_158.png
230525_159,230525,159,HPMEC,0,,3,2-3,9.00E+06,1.74 uL/min,train,train/bad/cell_type_HPMEC/2-3_days/230525_159.png
230525_160,230525,160,HPMEC,1,,3,2-3,9.00E+06,1.74 uL/min,train,train/good/cell_type_HPMEC/2-3_days/230525_160.png
230525_161,230525,161,HPMEC,1,,3,2-3,9.00E+06,1.74 uL/min,train,train/good/cell_type_HPMEC/2-3_days/230525_161.png
230525_162,230525,162,HPMEC,1,,3,2-3,9.00E+06,1.74 uL/min,train,train/good/cell_type_HPMEC/2-3_days/230525_162.png
230525_163,230525,163,HPMEC,1,,3,2-3,9.00E+06,1.74 uL/min,train,train/good/cell_type_HPMEC/2-3_days/230525_163.png
230525_164,230525,164,HPMEC,1,,3,2-3,9.00E+06,1.74 uL/min,train,train/good/cell_type_HPMEC/2-3_days/230525_164.png
230525_165,230525,165,HPMEC,1,,3,2-3,9.00E+06,1.74 uL/min,train,train/good/cell_type_HPMEC/2-3_days/230525_165.png
230525_166,230525,166,HPMEC,1,,3,2-3,9.00E+06,1.74 uL/min,test,test/good/cell_type_HPMEC/2-3_days/230525_166.png
230525_167,230525,167,HPMEC,1,,3,2-3,9.00E+06,1.74 uL/min,train,train/good/cell_type_HPMEC/2-3_days/230525_167.png
230525_168,230525,168,HPMEC,1,,3,2-3,9.00E+06,1.74 uL/min,test,test/good/cell_type_HPMEC/2-3_days/230525_168.png
230525_169,230525,169,HPMEC,1,,3,2-3,9.00E+06,1.74 uL/min,train,train/good/cell_type_HPMEC/2-3_days/230525_169.png
230525_170,230525,170,HPMEC,1,,3,2-3,9.00E+06,1.74 uL/min,val,val/good/cell_type_HPMEC/2-3_days/230525_170.png
230525_171,230525,171,HPMEC,1,,3,2-3,9.00E+06,1.74 uL/min,train,train/good/cell_type_HPMEC/2-3_days/230525_171.png
230525_172,230525,172,HPMEC,1,,3,2-3,9.00E+06,1.74 uL/min,test,test/good/cell_type_HPMEC/2-3_days/230525_172.png
230525_173,230525,173,HPMEC,0,,3,2-3,9.00E+06,1.74 uL/min,test,test/bad/cell_type_HPMEC/2-3_days/230525_173.png
230525_174,230525,174,HPMEC,1,,3,2-3,9.00E+06,1.74 uL/min,train,train/good/cell_type_HPMEC/2-3_days/230525_174.png
230525_175,230525,175,HPMEC,0,,3,2-3,9.00E+06,1.74 uL/min,train,train/bad/cell_type_HPMEC/2-3_days/230525_175.png
230525_176,230525,176,HPMEC,0,,3,2-3,9.00E+06,1.74 uL/min,train,train/bad/cell_type_HPMEC/2-3_days/230525_176.png
230525_177,230525,177,HPMEC,0,,3,2-3,9.00E+06,1.74 uL/min,train,train/bad/cell_type_HPMEC/2-3_days/230525_177.png
230525_178,230525,178,HPMEC,0,,3,2-3,9.00E+06,1.74 uL/min,train,train/bad/cell_type_HPMEC/2-3_days/230525_178.png
230525_179,230525,179,HPMEC,0,,3,2-3,9.00E+06,1.74 uL/min,train,train/bad/cell_type_HPMEC/2-3_days/230525_179.png
230525_180,230525,180,HPMEC,1,,3,2-3,9.00E+06,1.74 uL/min,train,train/good/cell_type_HPMEC/2-3_days/230525_180.png
230525_181,230525,181,HPMEC,0,,3,2-3,9.00E+06,1.74 uL/min,train,train/bad/cell_type_HPMEC/2-3_days/230525_181.png
230525_182,230525,182,A549,1,1.0,1,0-1,1.00E+06,2 uL/min,train,train/good/cell_type_A549/0-1_days/230525_182.png
230525_183,230525,183,A549,0,1.0,1,0-1,1.00E+06,2 uL/min,train,train/bad/cell_type_A549/0-1_days/230525_183.png
230525_184,230525,184,A549,1,1.0,1,0-1,1.00E+06,2 uL/min,train,train/good/cell_type_A549/0-1_days/230525_184.png
230525_185,230525,185,A549,1,1.0,1,0-1,1.00E+06,2 uL/min,train,train/good/cell_type_A549/0-1_days/230525_185.png
230525_186,230525,186,A549,0,1.0,1,0-1,1.00E+06,2 uL/min,train,train/bad/cell_type_A549/0-1_days/230525_186.png
230525_187,230525,187,A549,1,1.0,1,0-1,1.00E+06,2 uL/min,test,test/good/cell_type_A549/0-1_days/230525_187.png
230525_188,230525,188,A549,1,1.0,1,0-1,1.00E+06,2 uL/min,train,train/good/cell_type_A549/0-1_days/230525_188.png
230525_189,230525,189,A549,1,1.0,1,0-1,1.00E+06,2 uL/min,train,train/good/cell_type_A549/0-1_days/230525_189.png
230525_190,230525,190,A549,1,1.0,1,0-1,1.00E+06,2 uL/min,train,train/good/cell_type_A549/0-1_days/230525_190.png
230525_191,230525,191,A549,1,1.0,1,0-1,1.00E+06,2 uL/min,train,train/good/cell_type_A549/0-1_days/230525_191.png
230525_192,230525,192,A549,1,1.0,1,0-1,1.00E+06,2 uL/min,val,val/good/cell_type_A549/0-1_days/230525_192.png
230525_193,230525,193,A549,1,1.0,1,0-1,1.00E+06,2 uL/min,val,val/good/cell_type_A549/0-1_days/230525_193.png
230525_194,230525,194,A549,1,1.0,1,0-1,1.00E+06,2 uL/min,train,train/good/cell_type_A549/0-1_days/230525_194.png
230525_195,230525,195,A549,1,1.0,1,0-1,1.00E+06,2 uL/min,train,train/good/cell_type_A549/0-1_days/230525_195.png
230525_196,230525,196,A549,1,1.0,1,0-1,1.00E+06,2 uL/min,train,train/good/cell_type_A549/0-1_days/230525_196.png
230525_197,230525,197,A549,1,1.0,1,0-1,1.00E+06,2 uL/min,test,test/good/cell_type_A549/0-1_days/230525_197.png
230525_198,230525,198,A549,1,1.0,1,0-1,1.00E+06,2 uL/min,train,train/good/cell_type_A549/0-1_days/230525_198.png
230525_199,230525,199,A549,1,1.0,1,0-1,1.00E+06,2 uL/min,train,train/good/cell_type_A549/0-1_days/230525_199.png
230525_200,230525,200,A549,1,1.0,1,0-1,1.00E+06,2 uL/min,train,train/good/cell_type_A549/0-1_days/230525_200.png
230525_201,230525,201,A549,1,1.0,1,0-1,1.00E+06,2 uL/min,train,train/good/cell_type_A549/0-1_days/230525_201.png
230525_202,230525,202,A549,1,1.0,1,0-1,1.00E+06,2 uL/min,train,train/good/cell_type_A549/0-1_days/230525_202.png
230525_203,230525,203,A549,1,1.0,1,0-1,1.00E+06,2 uL/min,train,train/good/cell_type_A549/0-1_days/230525_203.png
230525_204,230525,204,A549,1,1.0,1,0-1,1.00E+06,2 uL/min,val,val/good/cell_type_A549/0-1_days/230525_204.png
230525_205,230525,205,A549,1,1.0,1,0-1,1.00E+06,2 uL/min,train,train/good/cell_type_A549/0-1_days/230525_205.png
230525_206,230525,206,A549,1,1.0,1,0-1,1.00E+06,2 uL/min,test,test/good/cell_type_A549/0-1_days/230525_206.png
230525_207,230525,207,A549,1,1.0,1,0-1,1.00E+06,2 uL/min,train,train/good/cell_type_A549/0-1_days/230525_207.png
230525_208,230525,208,A549,0,1.0,1,0-1,1.00E+06,2 uL/min,train,train/bad/cell_type_A549/0-1_days/230525_208.png
230525_209,230525,209,A549,1,1.0,1,0-1,1.00E+06,2 uL/min,train,train/good/cell_type_A549/0-1_days/230525_209.png
230525_210,230525,210,A549,0,1.0,1,0-1,1.00E+06,2 uL/min,train,train/bad/cell_type_A549/0-1_days/230525_210.png
230525_211,230525,211,A549,0,1.0,1,0-1,1.00E+06,2 uL/min,test,test/bad/cell_type_A549/0-1_days/230525_211.png
230525_212,230525,212,A549,0,1.0,1,0-1,1.00E+06,2 uL/min,test,test/bad/cell_type_A549/0-1_days/230525_212.png
230525_213,230525,213,A549,0,1.0,1,0-1,1.00E+06,2 uL/min,train,train/bad/cell_type_A549/0-1_days/230525_213.png
230525_214,230525,214,A549,0,1.0,1,0-1,1.00E+06,2 uL/min,train,train/bad/cell_type_A549/0-1_days/230525_214.png
230525_215,230525,215,A549,0,1.0,1,0-1,1.00E+06,2 uL/min,train,train/bad/cell_type_A549/0-1_days/230525_215.png
230525_216,230525,216,A549,0,1.0,1,0-1,1.00E+06,2 uL/min,train,train/bad/cell_type_A549/0-1_days/230525_216.png
230525_217,230525,217,A549,1,1.0,1,0-1,1.00E+06,2 uL/min,train,train/good/cell_type_A549/0-1_days/230525_217.png
230525_218,230525,218,A549,0,1.0,1,0-1,1.00E+06,2 uL/min,train,train/bad/cell_type_A549/0-1_days/230525_218.png
230529_1,230529,1,HPMEC,1,,7,4+,9.00E+06,1.74 uL/min,train,train/good/cell_type_HPMEC/4+_days/230529_1.png
230529_2,230529,2,HPMEC,1,,7,4+,9.00E+06,1.74 uL/min,test,test/good/cell_type_HPMEC/4+_days/230529_2.png
230529_3,230529,3,HPMEC,1,,7,4+,9.00E+06,1.74 uL/min,val,val/good/cell_type_HPMEC/4+_days/230529_3.png
230529_4,230529,4,HPMEC,1,,7,4+,9.00E+06,1.74 uL/min,train,train/good/cell_type_HPMEC/4+_days/230529_4.png
230529_5,230529,5,HPMEC,1,,7,4+,9.00E+06,1.74 uL/min,test,test/good/cell_type_HPMEC/4+_days/230529_5.png
230529_6,230529,6,HPMEC,1,,7,4+,9.00E+06,1.74 uL/min,val,val/good/cell_type_HPMEC/4+_days/230529_6.png
230529_7,230529,7,HPMEC,0,,7,4+,9.00E+06,1.74 uL/min,train,train/bad/cell_type_HPMEC/4+_days/230529_7.png
230529_8,230529,8,HPMEC,1,,7,4+,9.00E+06,1.74 uL/min,train,train/good/cell_type_HPMEC/4+_days/230529_8.png
230529_9,230529,9,HPMEC,0,,7,4+,9.00E+06,1.74 uL/min,train,train/bad/cell_type_HPMEC/4+_days/230529_9.png
230529_10,230529,10,HPMEC,1,,7,4+,9.00E+06,1.74 uL/min,train,train/good/cell_type_HPMEC/4+_days/230529_10.png
230529_11,230529,11,HPMEC,1,,7,4+,9.00E+06,1.74 uL/min,train,train/good/cell_type_HPMEC/4+_days/230529_11.png
230529_12,230529,12,HPMEC,0,,7,4+,9.00E+06,1.74 uL/min,val,val/bad/cell_type_HPMEC/4+_days/230529_12.png
230529_13,230529,13,HPMEC,0,,7,4+,9.00E+06,1.74 uL/min,train,train/bad/cell_type_HPMEC/4+_days/230529_13.png
230529_14,230529,14,HPMEC,1,,7,4+,9.00E+06,1.74 uL/min,train,train/good/cell_type_HPMEC/4+_days/230529_14.png
230529_15,230529,15,HPMEC,0,,7,4+,9.00E+06,1.74 uL/min,test,test/bad/cell_type_HPMEC/4+_days/230529_15.png
230529_16,230529,16,HPMEC,0,,7,4+,9.00E+06,1.74 uL/min,train,train/bad/cell_type_HPMEC/4+_days/230529_16.png
230529_17,230529,17,HPMEC,0,,7,4+,9.00E+06,1.74 uL/min,test,test/bad/cell_type_HPMEC/4+_days/230529_17.png
230529_18,230529,18,HPMEC,0,,7,4+,9.00E+06,1.74 uL/min,val,val/bad/cell_type_HPMEC/4+_days/230529_18.png
230529_19,230529,19,HPMEC,0,,7,4+,9.00E+06,1.74 uL/min,train,train/bad/cell_type_HPMEC/4+_days/230529_19.png
230529_20,230529,20,HPMEC,0,,7,4+,9.00E+06,1.74 uL/min,train,train/bad/cell_type_HPMEC/4+_days/230529_20.png
230529_21,230529,21,HPMEC,0,,7,4+,9.00E+06,1.74 uL/min,train,train/bad/cell_type_HPMEC/4+_days/230529_21.png
230529_22,230529,22,HPMEC,0,,7,4+,9.00E+06,1.74 uL/min,val,val/bad/cell_type_HPMEC/4+_days/230529_22.png
230529_23,230529,23,HPMEC,0,,7,4+,9.00E+06,1.74 uL/min,train,train/bad/cell_type_HPMEC/4+_days/230529_23.png
230529_24,230529,24,HPMEC,0,,7,4+,9.00E+06,1.74 uL/min,train,train/bad/cell_type_HPMEC/4+_days/230529_24.png
230529_25,230529,25,HPMEC,0,,7,4+,9.00E+06,1.74 uL/min,train,train/bad/cell_type_HPMEC/4+_days/230529_25.png
230529_26,230529,26,HPMEC,0,,7,4+,9.00E+06,1.74 uL/min,train,train/bad/cell_type_HPMEC/4+_days/230529_26.png
230529_27,230529,27,HPMEC,0,,7,4+,9.00E+06,1.74 uL/min,train,train/bad/cell_type_HPMEC/4+_days/230529_27.png
230529_28,230529,28,HPMEC,0,,7,4+,9.00E+06,1.74 uL/min,train,train/bad/cell_type_HPMEC/4+_days/230529_28.png
230529_29,230529,29,HPMEC,0,,7,4+,9.00E+06,1.74 uL/min,train,train/bad/cell_type_HPMEC/4+_days/230529_29.png
230529_30,230529,30,HPMEC,0,,7,4+,9.00E+06,1.74 uL/min,train,train/bad/cell_type_HPMEC/4+_days/230529_30.png
230529_31,230529,31,HPMEC,0,,7,4+,9.00E+06,1.74 uL/min,val,val/bad/cell_type_HPMEC/4+_days/230529_31.png
230529_32,230529,32,HPMEC,0,,7,4+,9.00E+06,1.74 uL/min,val,val/bad/cell_type_HPMEC/4+_days/230529_32.png
230529_33,230529,33,HPMEC,0,,7,4+,9.00E+06,1.74 uL/min,train,train/bad/cell_type_HPMEC/4+_days/230529_33.png
230529_34,230529,34,HPMEC,0,,7,4+,9.00E+06,1.74 uL/min,train,train/bad/cell_type_HPMEC/4+_days/230529_34.png
230529_35,230529,35,HPMEC,0,,7,4+,9.00E+06,1.74 uL/min,test,test/bad/cell_type_HPMEC/4+_days/230529_35.png
230529_36,230529,36,A549,1,,5,4+,1.00E+06,2 uL/min,test,test/good/cell_type_A549/4+_days/230529_36.png
230529_37,230529,37,A549,1,,5,4+,1.00E+06,2 uL/min,train,train/good/cell_type_A549/4+_days/230529_37.png
230529_38,230529,38,A549,1,,5,4+,1.00E+06,2 uL/min,train,train/good/cell_type_A549/4+_days/230529_38.png
230529_39,230529,39,A549,1,,5,4+,1.00E+06,2 uL/min,train,train/good/cell_type_A549/4+_days/230529_39.png
230529_40,230529,40,A549,1,,5,4+,1.00E+06,2 uL/min,train,train/good/cell_type_A549/4+_days/230529_40.png
230529_41,230529,41,A549,1,,5,4+,1.00E+06,2 uL/min,train,train/good/cell_type_A549/4+_days/230529_41.png
230529_42,230529,42,A549,1,,5,4+,1.00E+06,2 uL/min,train,train/good/cell_type_A549/4+_days/230529_42.png
230529_43,230529,43,A549,1,,5,4+,1.00E+06,2 uL/min,train,train/good/cell_type_A549/4+_days/230529_43.png
230529_44,230529,44,A549,0,,5,4+,1.00E+06,2 uL/min,test,test/bad/cell_type_A549/4+_days/230529_44.png
230529_45,230529,45,A549,1,,5,4+,1.00E+06,2 uL/min,train,train/good/cell_type_A549/4+_days/230529_45.png
230529_46,230529,46,A549,0,,5,4+,1.00E+06,2 uL/min,test,test/bad/cell_type_A549/4+_days/230529_46.png
230529_47,230529,47,A549,1,,5,4+,1.00E+06,2 uL/min,train,train/good/cell_type_A549/4+_days/230529_47.png
230529_48,230529,48,A549,0,,5,4+,1.00E+06,2 uL/min,test,test/bad/cell_type_A549/4+_days/230529_48.png
230529_49,230529,49,A549,1,,5,4+,1.00E+06,2 uL/min,train,train/good/cell_type_A549/4+_days/230529_49.png
230529_50,230529,50,A549,1,,5,4+,1.00E+06,2 uL/min,train,train/good/cell_type_A549/4+_days/230529_50.png
230529_51,230529,51,A549,1,,5,4+,1.00E+06,2 uL/min,train,train/good/cell_type_A549/4+_days/230529_51.png
230529_52,230529,52,A549,1,,5,4+,1.00E+06,2 uL/min,test,test/good/cell_type_A549/4+_days/230529_52.png
230529_53,230529,53,A549,1,,5,4+,1.00E+06,2 uL/min,val,val/good/cell_type_A549/4+_days/230529_53.png
230529_54,230529,54,A549,0,,5,4+,1.00E+06,2 uL/min,train,train/bad/cell_type_A549/4+_days/230529_54.png
230529_55,230529,55,A549,0,,5,4+,1.00E+06,2 uL/min,train,train/bad/cell_type_A549/4+_days/230529_55.png
230529_56,230529,56,A549,0,,5,4+,1.00E+06,2 uL/min,val,val/bad/cell_type_A549/4+_days/230529_56.png
230529_57,230529,57,A549,1,,5,4+,1.00E+06,2 uL/min,val,val/good/cell_type_A549/4+_days/230529_57.png
230529_58,230529,58,A549,1,,5,4+,1.00E+06,2 uL/min,train,train/good/cell_type_A549/4+_days/230529_58.png
230529_59,230529,59,A549,1,,5,4+,1.00E+06,2 uL/min,train,train/good/cell_type_A549/4+_days/230529_59.png
230529_60,230529,60,A549,1,,5,4+,1.00E+06,2 uL/min,train,train/good/cell_type_A549/4+_days/230529_60.png
230529_61,230529,61,A549,1,,5,4+,1.00E+06,2 uL/min,train,train/good/cell_type_A549/4+_days/230529_61.png
230529_62,230529,62,A549,1,,5,4+,1.00E+06,2 uL/min,val,val/good/cell_type_A549/4+_days/230529_62.png
230529_63,230529,63,A549,0,,5,4+,1.00E+06,2 uL/min,train,train/bad/cell_type_A549/4+_days/230529_63.png
230529_64,230529,64,A549,0,,5,4+,1.00E+06,2 uL/min,train,train/bad/cell_type_A549/4+_days/230529_64.png
230529_65,230529,65,A549,0,,5,4+,1.00E+06,2 uL/min,val,val/bad/cell_type_A549/4+_days/230529_65.png
230529_66,230529,66,A549,0,,5,4+,1.00E+06,2 uL/min,train,train/bad/cell_type_A549/4+_days/230529_66.png
230529_67,230529,67,A549,0,,5,4+,1.00E+06,2 uL/min,test,test/bad/cell_type_A549/4+_days/230529_67.png
230529_68,230529,68,A549,0,,5,4+,1.00E+06,2 uL/min,test,test/bad/cell_type_A549/4+_days/230529_68.png
230529_69,230529,69,A549,0,,5,4+,1.00E+06,2 uL/min,train,train/bad/cell_type_A549/4+_days/230529_69.png
230529_70,230529,70,A549,0,,5,4+,1.00E+06,2 uL/min,train,train/bad/cell_type_A549/4+_days/230529_70.png
230529_71,230529,71,A549,0,,5,4+,1.00E+06,2 uL/min,train,train/bad/cell_type_A549/4+_days/230529_71.png
230529_72,230529,72,HPMEC,1,,7,4+,9.00E+06,1.74 uL/min,train,train/good/cell_type_HPMEC/4+_days/230529_72.png
230529_73,230529,73,HPMEC,1,,7,4+,9.00E+06,1.74 uL/min,val,val/good/cell_type_HPMEC/4+_days/230529_73.png
230529_74,230529,74,HPMEC,0,,7,4+,9.00E+06,1.74 uL/min,test,test/bad/cell_type_HPMEC/4+_days/230529_74.png
230529_75,230529,75,HPMEC,0,,7,4+,9.00E+06,1.74 uL/min,val,val/bad/cell_type_HPMEC/4+_days/230529_75.png
230529_76,230529,76,HPMEC,0,,7,4+,9.00E+06,1.74 uL/min,train,train/bad/cell_type_HPMEC/4+_days/230529_76.png
230529_77,230529,77,HPMEC,0,,7,4+,9.00E+06,1.74 uL/min,train,train/bad/cell_type_HPMEC/4+_days/230529_77.png
230529_78,230529,78,HPMEC,0,,7,4+,9.00E+06,1.74 uL/min,train,train/bad/cell_type_HPMEC/4+_days/230529_78.png
230529_79,230529,79,HPMEC,0,,7,4+,9.00E+06,1.74 uL/min,train,train/bad/cell_type_HPMEC/4+_days/230529_79.png
230529_80,230529,80,HPMEC,0,,7,4+,9.00E+06,1.74 uL/min,train,train/bad/cell_type_HPMEC/4+_days/230529_80.png
230529_81,230529,81,HPMEC,1,,7,4+,9.00E+06,1.74 uL/min,test,test/good/cell_type_HPMEC/4+_days/230529_81.png
230529_82,230529,82,HPMEC,1,,7,4+,9.00E+06,1.74 uL/min,train,train/good/cell_type_HPMEC/4+_days/230529_82.png
230529_83,230529,83,HPMEC,1,,7,4+,9.00E+06,1.74 uL/min,train,train/good/cell_type_HPMEC/4+_days/230529_83.png
230529_84,230529,84,HPMEC,1,,7,4+,9.00E+06,1.74 uL/min,train,train/good/cell_type_HPMEC/4+_days/230529_84.png
230529_85,230529,85,HPMEC,1,,7,4+,9.00E+06,1.74 uL/min,train,train/good/cell_type_HPMEC/4+_days/230529_85.png
230529_86,230529,86,HPMEC,1,,7,4+,9.00E+06,1.74 uL/min,train,train/good/cell_type_HPMEC/4+_days/230529_86.png
230529_87,230529,87,HPMEC,1,,7,4+,9.00E+06,1.74 uL/min,train,train/good/cell_type_HPMEC/4+_days/230529_87.png
230529_88,230529,88,HPMEC,0,,7,4+,9.00E+06,1.74 uL/min,test,test/bad/cell_type_HPMEC/4+_days/230529_88.png
230529_89,230529,89,HPMEC,0,,7,4+,9.00E+06,1.74 uL/min,val,val/bad/cell_type_HPMEC/4+_days/230529_89.png
230529_90,230529,90,HPMEC,0,,7,4+,9.00E+06,1.74 uL/min,train,train/bad/cell_type_HPMEC/4+_days/230529_90.png
230529_91,230529,91,HPMEC,0,,7,4+,9.00E+06,1.74 uL/min,train,train/bad/cell_type_HPMEC/4+_days/230529_91.png
230529_92,230529,92,HPMEC,0,,7,4+,9.00E+06,1.74 uL/min,train,train/bad/cell_type_HPMEC/4+_days/230529_92.png
230529_93,230529,93,HPMEC,1,,7,4+,9.00E+06,1.74 uL/min,train,train/good/cell_type_HPMEC/4+_days/230529_93.png
230529_94,230529,94,HPMEC,1,,7,4+,9.00E+06,1.74 uL/min,train,train/good/cell_type_HPMEC/4+_days/230529_94.png
230529_95,230529,95,HPMEC,1,,7,4+,9.00E+06,1.74 uL/min,train,train/good/cell_type_HPMEC/4+_days/230529_95.png
230529_96,230529,96,HPMEC,1,,7,4+,9.00E+06,1.74 uL/min,train,train/good/cell_type_HPMEC/4+_days/230529_96.png
230529_97,230529,97,HPMEC,1,,7,4+,9.00E+06,1.74 uL/min,train,train/good/cell_type_HPMEC/4+_days/230529_97.png
230529_98,230529,98,HPMEC,1,,7,4+,9.00E+06,1.74 uL/min,train,train/good/cell_type_HPMEC/4+_days/230529_98.png
230529_99,230529,99,HPMEC,0,,7,4+,9.00E+06,1.74 uL/min,train,train/bad/cell_type_HPMEC/4+_days/230529_99.png
230529_100,230529,100,HPMEC,0,,7,4+,9.00E+06,1.74 uL/min,test,test/bad/cell_type_HPMEC/4+_days/230529_100.png
230529_101,230529,101,HPMEC,0,,7,4+,9.00E+06,1.74 uL/min,train,train/bad/cell_type_HPMEC/4+_days/230529_101.png
230529_102,230529,102,HPMEC,0,,7,4+,9.00E+06,1.74 uL/min,val,val/bad/cell_type_HPMEC/4+_days/230529_102.png
230529_103,230529,103,HPMEC,0,,7,4+,9.00E+06,1.74 uL/min,val,val/bad/cell_type_HPMEC/4+_days/230529_103.png
230529_104,230529,104,HPMEC,0,,7,4+,9.00E+06,1.74 uL/min,test,test/bad/cell_type_HPMEC/4+_days/230529_104.png
230529_105,230529,105,HPMEC,0,,7,4+,9.00E+06,1.74 uL/min,train,train/bad/cell_type_HPMEC/4+_days/230529_105.png
230529_106,230529,106,HPMEC,0,,7,4+,9.00E+06,1.74 uL/min,train,train/bad/cell_type_HPMEC/4+_days/230529_106.png
230529_107,230529,107,HPMEC,0,,7,4+,9.00E+06,1.74 uL/min,train,train/bad/cell_type_HPMEC/4+_days/230529_107.png
230529_108,230529,108,A549,1,,5,4+,1.00E+06,2 uL/min,train,train/good/cell_type_A549/4+_days/230529_108.png
230529_109,230529,109,A549,1,,5,4+,1.00E+06,2 uL/min,test,test/good/cell_type_A549/4+_days/230529_109.png
230529_110,230529,110,A549,1,,5,4+,1.00E+06,2 uL/min,train,train/good/cell_type_A549/4+_days/230529_110.png
230529_111,230529,111,A549,1,,5,4+,1.00E+06,2 uL/min,val,val/good/cell_type_A549/4+_days/230529_111.png
230529_112,230529,112,A549,1,,5,4+,1.00E+06,2 uL/min,train,train/good/cell_type_A549/4+_days/230529_112.png
230529_113,230529,113,A549,1,,5,4+,1.00E+06,2 uL/min,train,train/good/cell_type_A549/4+_days/230529_113.png
230529_114,230529,114,A549,0,,5,4+,1.00E+06,2 uL/min,train,train/bad/cell_type_A549/4+_days/230529_114.png
230529_115,230529,115,A549,0,,5,4+,1.00E+06,2 uL/min,train,train/bad/cell_type_A549/4+_days/230529_115.png
230529_116,230529,116,A549,1,,5,4+,1.00E+06,2 uL/min,test,test/good/cell_type_A549/4+_days/230529_116.png
230529_117,230529,117,A549,1,,5,4+,1.00E+06,2 uL/min,test,test/good/cell_type_A549/4+_days/230529_117.png
230529_118,230529,118,A549,1,,5,4+,1.00E+06,2 uL/min,train,train/good/cell_type_A549/4+_days/230529_118.png
230529_119,230529,119,A549,1,,5,4+,1.00E+06,2 uL/min,train,train/good/cell_type_A549/4+_days/230529_119.png
230529_120,230529,120,A549,1,,5,4+,1.00E+06,2 uL/min,train,train/good/cell_type_A549/4+_days/230529_120.png
230529_121,230529,121,A549,1,,5,4+,1.00E+06,2 uL/min,train,train/good/cell_type_A549/4+_days/230529_121.png
230529_122,230529,122,A549,1,,5,4+,1.00E+06,2 uL/min,train,train/good/cell_type_A549/4+_days/230529_122.png
230529_123,230529,123,A549,1,,5,4+,1.00E+06,2 uL/min,train,train/good/cell_type_A549/4+_days/230529_123.png
230529_124,230529,124,A549,0,,5,4+,1.00E+06,2 uL/min,train,train/bad/cell_type_A549/4+_days/230529_124.png
230529_125,230529,125,A549,0,,5,4+,1.00E+06,2 uL/min,train,train/bad/cell_type_A549/4+_days/230529_125.png
230529_126,230529,126,A549,0,,5,4+,1.00E+06,2 uL/min,test,test/bad/cell_type_A549/4+_days/230529_126.png
230529_127,230529,127,A549,1,,5,4+,1.00E+06,2 uL/min,test,test/good/cell_type_A549/4+_days/230529_127.png
230529_128,230529,128,A549,0,,5,4+,1.00E+06,2 uL/min,test,test/bad/cell_type_A549/4+_days/230529_128.png
230529_129,230529,129,A549,1,,5,4+,1.00E+06,2 uL/min,train,train/good/cell_type_A549/4+_days/230529_129.png
230529_130,230529,130,A549,1,,5,4+,1.00E+06,2 uL/min,train,train/good/cell_type_A549/4+_days/230529_130.png
230529_131,230529,131,A549,1,,5,4+,1.00E+06,2 uL/min,train,train/good/cell_type_A549/4+_days/230529_131.png
230529_132,230529,132,A549,1,,5,4+,1.00E+06,2 uL/min,train,train/good/cell_type_A549/4+_days/230529_132.png
230529_133,230529,133,A549,1,,5,4+,1.00E+06,2 uL/min,test,test/good/cell_type_A549/4+_days/230529_133.png
230529_134,230529,134,A549,1,,5,4+,1.00E+06,2 uL/min,train,train/good/cell_type_A549/4+_days/230529_134.png
230529_135,230529,135,A549,0,,5,4+,1.00E+06,2 uL/min,train,train/bad/cell_type_A549/4+_days/230529_135.png
230529_136,230529,136,A549,0,,5,4+,1.00E+06,2 uL/min,test,test/bad/cell_type_A549/4+_days/230529_136.png
230529_137,230529,137,A549,1,,5,4+,1.00E+06,2 uL/min,test,test/good/cell_type_A549/4+_days/230529_137.png
230529_138,230529,138,A549,1,,5,4+,1.00E+06,2 uL/min,train,train/good/cell_type_A549/4+_days/230529_138.png
230529_139,230529,139,A549,0,,5,4+,1.00E+06,2 uL/min,train,train/bad/cell_type_A549/4+_days/230529_139.png
230529_140,230529,140,A549,1,,5,4+,1.00E+06,2 uL/min,train,train/good/cell_type_A549/4+_days/230529_140.png
230529_141,230529,141,A549,1,,5,4+,1.00E+06,2 uL/min,train,train/good/cell_type_A549/4+_days/230529_141.png
230529_142,230529,142,A549,0,,5,4+,1.00E+06,2 uL/min,train,train/bad/cell_type_A549/4+_days/230529_142.png
230529_143,230529,143,A549,0,,5,4+,1.00E+06,2 uL/min,test,test/bad/cell_type_A549/4+_days/230529_143.png
230529_144,230529,144,HPMEC,0,,7,4+,9.00E+06,1.74 uL/min,train,train/bad/cell_type_HPMEC/4+_days/230529_144.png
230529_145,230529,145,HPMEC,0,,7,4+,9.00E+06,1.74 uL/min,test,test/bad/cell_type_HPMEC/4+_days/230529_145.png
230529_146,230529,146,HPMEC,0,,7,4+,9.00E+06,1.74 uL/min,train,train/bad/cell_type_HPMEC/4+_days/230529_146.png
230529_147,230529,147,HPMEC,0,,7,4+,9.00E+06,1.74 uL/min,train,train/bad/cell_type_HPMEC/4+_days/230529_147.png
230529_148,230529,148,HPMEC,0,,7,4+,9.00E+06,1.74 uL/min,train,train/bad/cell_type_HPMEC/4+_days/230529_148.png
230529_149,230529,149,HPMEC,0,,7,4+,9.00E+06,1.74 uL/min,train,train/bad/cell_type_HPMEC/4+_days/230529_149.png
230529_150,230529,150,HPMEC,0,,7,4+,9.00E+06,1.74 uL/min,train,train/bad/cell_type_HPMEC/4+_days/230529_150.png
230529_151,230529,151,HPMEC,0,,7,4+,9.00E+06,1.74 uL/min,train,train/bad/cell_type_HPMEC/4+_days/230529_151.png
230529_152,230529,152,HPMEC,0,,7,4+,9.00E+06,1.74 uL/min,train,train/bad/cell_type_HPMEC/4+_days/230529_152.png
230529_153,230529,153,HPMEC,0,,7,4+,9.00E+06,1.74 uL/min,train,train/bad/cell_type_HPMEC/4+_days/230529_153.png
230529_154,230529,154,HPMEC,0,,7,4+,9.00E+06,1.74 uL/min,train,train/bad/cell_type_HPMEC/4+_days/230529_154.png
230529_155,230529,155,HPMEC,0,,7,4+,9.00E+06,1.74 uL/min,train,train/bad/cell_type_HPMEC/4+_days/230529_155.png
230529_156,230529,156,HPMEC,0,,7,4+,9.00E+06,1.74 uL/min,train,train/bad/cell_type_HPMEC/4+_days/230529_156.png
230529_157,230529,157,HPMEC,0,,7,4+,9.00E+06,1.74 uL/min,test,test/bad/cell_type_HPMEC/4+_days/230529_157.png
230529_158,230529,158,HPMEC,0,,7,4+,9.00E+06,1.74 uL/min,train,train/bad/cell_type_HPMEC/4+_days/230529_158.png
230529_159,230529,159,HPMEC,1,,7,4+,9.00E+06,1.74 uL/min,train,train/good/cell_type_HPMEC/4+_days/230529_159.png
230529_160,230529,160,HPMEC,0,,7,4+,9.00E+06,1.74 uL/min,train,train/bad/cell_type_HPMEC/4+_days/230529_160.png
230529_161,230529,161,HPMEC,0,,7,4+,9.00E+06,1.74 uL/min,train,train/bad/cell_type_HPMEC/4+_days/230529_161.png
230529_162,230529,162,HPMEC,0,,7,4+,9.00E+06,1.74 uL/min,train,train/bad/cell_type_HPMEC/4+_days/230529_162.png
230529_163,230529,163,HPMEC,0,,7,4+,9.00E+06,1.74 uL/min,train,train/bad/cell_type_HPMEC/4+_days/230529_163.png
230529_164,230529,164,HPMEC,0,,7,4+,9.00E+06,1.74 uL/min,train,train/bad/cell_type_HPMEC/4+_days/230529_164.png
230529_165,230529,165,HPMEC,0,,7,4+,9.00E+06,1.74 uL/min,train,train/bad/cell_type_HPMEC/4+_days/230529_165.png
230529_166,230529,166,HPMEC,0,,7,4+,9.00E+06,1.74 uL/min,train,train/bad/cell_type_HPMEC/4+_days/230529_166.png
230529_167,230529,167,HPMEC,1,,7,4+,9.00E+06,1.74 uL/min,train,train/good/cell_type_HPMEC/4+_days/230529_167.png
230529_168,230529,168,HPMEC,1,,7,4+,9.00E+06,1.74 uL/min,train,train/good/cell_type_HPMEC/4+_days/230529_168.png
230529_169,230529,169,HPMEC,1,,7,4+,9.00E+06,1.74 uL/min,train,train/good/cell_type_HPMEC/4+_days/230529_169.png
230529_170,230529,170,HPMEC,1,,7,4+,9.00E+06,1.74 uL/min,train,train/good/cell_type_HPMEC/4+_days/230529_170.png
230529_171,230529,171,HPMEC,1,,7,4+,9.00E+06,1.74 uL/min,train,train/good/cell_type_HPMEC/4+_days/230529_171.png
230529_172,230529,172,HPMEC,0,,7,4+,9.00E+06,1.74 uL/min,train,train/bad/cell_type_HPMEC/4+_days/230529_172.png
230529_173,230529,173,HPMEC,0,,7,4+,9.00E+06,1.74 uL/min,test,test/bad/cell_type_HPMEC/4+_days/230529_173.png
230529_174,230529,174,HPMEC,0,,7,4+,9.00E+06,1.74 uL/min,train,train/bad/cell_type_HPMEC/4+_days/230529_174.png
230529_175,230529,175,HPMEC,0,,7,4+,9.00E+06,1.74 uL/min,train,train/bad/cell_type_HPMEC/4+_days/230529_175.png
230529_176,230529,176,HPMEC,0,,7,4+,9.00E+06,1.74 uL/min,train,train/bad/cell_type_HPMEC/4+_days/230529_176.png
230529_177,230529,177,HPMEC,0,,7,4+,9.00E+06,1.74 uL/min,val,val/bad/cell_type_HPMEC/4+_days/230529_177.png
230529_178,230529,178,HPMEC,0,,7,4+,9.00E+06,1.74 uL/min,test,test/bad/cell_type_HPMEC/4+_days/230529_178.png
230529_179,230529,179,HPMEC,0,,7,4+,9.00E+06,1.74 uL/min,val,val/bad/cell_type_HPMEC/4+_days/230529_179.png
230529_180,230529,180,HPMEC,0,,7,4+,9.00E+06,1.74 uL/min,test,test/bad/cell_type_HPMEC/4+_days/230529_180.png
230529_181,230529,181,A549,1,,5,4+,1.00E+06,2 uL/min,train,train/good/cell_type_A549/4+_days/230529_181.png
230529_182,230529,182,A549,1,,5,4+,1.00E+06,2 uL/min,train,train/good/cell_type_A549/4+_days/230529_182.png
230529_183,230529,183,A549,1,,5,4+,1.00E+06,2 uL/min,train,train/good/cell_type_A549/4+_days/230529_183.png
230529_184,230529,184,A549,1,,5,4+,1.00E+06,2 uL/min,train,train/good/cell_type_A549/4+_days/230529_184.png
230529_185,230529,185,A549,1,,5,4+,1.00E+06,2 uL/min,train,train/good/cell_type_A549/4+_days/230529_185.png
230529_186,230529,186,A549,1,,5,4+,1.00E+06,2 uL/min,train,train/good/cell_type_A549/4+_days/230529_186.png
230529_187,230529,187,A549,0,,5,4+,1.00E+06,2 uL/min,train,train/bad/cell_type_A549/4+_days/230529_187.png
230529_188,230529,188,A549,0,,5,4+,1.00E+06,2 uL/min,train,train/bad/cell_type_A549/4+_days/230529_188.png
230529_189,230529,189,A549,0,,5,4+,1.00E+06,2 uL/min,train,train/bad/cell_type_A549/4+_days/230529_189.png
230529_190,230529,190,A549,0,,5,4+,1.00E+06,2 uL/min,train,train/bad/cell_type_A549/4+_days/230529_190.png
230529_191,230529,191,A549,1,,5,4+,1.00E+06,2 uL/min,train,train/good/cell_type_A549/4+_days/230529_191.png
230529_192,230529,192,A549,1,,5,4+,1.00E+06,2 uL/min,val,val/good/cell_type_A549/4+_days/230529_192.png
230529_193,230529,193,A549,0,,5,4+,1.00E+06,2 uL/min,train,train/bad/cell_type_A549/4+_days/230529_193.png
230529_194,230529,194,A549,1,,5,4+,1.00E+06,2 uL/min,train,train/good/cell_type_A549/4+_days/230529_194.png
230529_195,230529,195,A549,1,,5,4+,1.00E+06,2 uL/min,train,train/good/cell_type_A549/4+_days/230529_195.png
230529_196,230529,196,A549,1,,5,4+,1.00E+06,2 uL/min,test,test/good/cell_type_A549/4+_days/230529_196.png
230529_197,230529,197,A549,0,,5,4+,1.00E+06,2 uL/min,train,train/bad/cell_type_A549/4+_days/230529_197.png
230529_198,230529,198,A549,0,,5,4+,1.00E+06,2 uL/min,train,train/bad/cell_type_A549/4+_days/230529_198.png
230529_199,230529,199,A549,0,,5,4+,1.00E+06,2 uL/min,train,train/bad/cell_type_A549/4+_days/230529_199.png
230529_200,230529,200,A549,0,,5,4+,1.00E+06,2 uL/min,train,train/bad/cell_type_A549/4+_days/230529_200.png
230529_201,230529,201,A549,0,,5,4+,1.00E+06,2 uL/min,train,train/bad/cell_type_A549/4+_days/230529_201.png
230529_202,230529,202,A549,0,,5,4+,1.00E+06,2 uL/min,train,train/bad/cell_type_A549/4+_days/230529_202.png
230529_203,230529,203,A549,1,,5,4+,1.00E+06,2 uL/min,train,train/good/cell_type_A549/4+_days/230529_203.png
230529_204,230529,204,A549,1,,5,4+,1.00E+06,2 uL/min,test,test/good/cell_type_A549/4+_days/230529_204.png
230529_205,230529,205,A549,1,,5,4+,1.00E+06,2 uL/min,train,train/good/cell_type_A549/4+_days/230529_205.png
230529_206,230529,206,A549,1,,5,4+,1.00E+06,2 uL/min,train,train/good/cell_type_A549/4+_days/230529_206.png
230529_207,230529,207,A549,0,,5,4+,1.00E+06,2 uL/min,test,test/bad/cell_type_A549/4+_days/230529_207.png
230529_208,230529,208,A549,0,,5,4+,1.00E+06,2 uL/min,train,train/bad/cell_type_A549/4+_days/230529_208.png
230529_209,230529,209,A549,0,,5,4+,1.00E+06,2 uL/min,train,train/bad/cell_type_A549/4+_days/230529_209.png
230529_210,230529,210,A549,0,,5,4+,1.00E+06,2 uL/min,test,test/bad/cell_type_A549/4+_days/230529_210.png
230529_211,230529,211,A549,0,,5,4+,1.00E+06,2 uL/min,train,train/bad/cell_type_A549/4+_days/230529_211.png
230529_212,230529,212,A549,0,,5,4+,1.00E+06,2 uL/min,train,train/bad/cell_type_A549/4+_days/230529_212.png
230529_213,230529,213,A549,0,,5,4+,1.00E+06,2 uL/min,test,test/bad/cell_type_A549/4+_days/230529_213.png
230529_214,230529,214,A549,0,,5,4+,1.00E+06,2 uL/min,train,train/bad/cell_type_A549/4+_days/230529_214.png
230529_215,230529,215,A549,0,,5,4+,1.00E+06,2 uL/min,train,train/bad/cell_type_A549/4+_days/230529_215.png
230529_216,230529,216,A549,0,,5,4+,1.00E+06,2 uL/min,test,test/bad/cell_type_A549/4+_days/230529_216.png
