image_id,occluded_block_frac,saturated_frac,median_brightness,log_sharpness,streak_anisotropy
220429_01,0.0,0.001712,0.529412,-2.747257,0.080733
220429_02,0.0,0.000444,0.513726,-2.887896,0.047691
220429_03,0.0,0.000793,0.556863,-2.873586,0.052367
220429_04,0.0,0.00112,0.564706,-2.868596,0.016303
220429_05,0.0,0.000203,0.443137,-2.74668,0.032385
220429_06,0.0,0.000581,0.431373,-2.691477,0.047305
220429_07,0.0,0.000123,0.454902,-2.835263,0.104083
220429_08,0.0,2.8e-05,0.392157,-2.820452,0.090785
220429_10,0.0,0.0,0.552941,-3.294556,0.059054
220429_11,0.0,0.0,0.521569,-3.31569,0.079453
220429_12,0.0,0.0,0.592157,-3.252323,0.04134
220429_13,0.0,0.0,0.517647,-3.296744,0.045854
220429_14,0.0,3e-06,0.529412,-3.142195,0.097382
220429_15,0.0,0.0,0.517647,-3.16501,0.092995
220429_16,0.0,0.0,0.533333,-3.193975,0.09311
220429_17,0.0,0.0,0.529412,-3.216821,0.069039
220429_19,0.0,0.0,0.447059,-2.767131,0.062472
220429_20,0.0,0.0,0.458824,-2.688092,0.061962
220429_21,0.0,0.0,0.47451,-2.703578,0.060864
220429_22,0.0,0.0,0.470588,-2.606652,0.06691
220429_23,0.0,0.0,0.490196,-2.610312,0.067376
220429_24,0.0,0.0,0.466667,-2.673353,0.066816
220429_25,0.0,0.0,0.47451,-2.876347,0.058189
220429_26,0.0,0.0,0.4,-2.965602,0.051901
220429_27,0.0,0.0,0.423529,-2.839662,0.059079
220429_28,0.0,0.0,0.403922,-2.870111,0.059967
220429_29,0.0,0.0,0.411765,-2.833019,0.061431
220429_30,0.0,0.0,0.407843,-2.954401,0.074007
220429_31,0.0,0.0,0.411765,-3.017757,0.063872
220429_32,0.0,0.0,0.341176,-3.18683,0.056301
220429_33,0.0,1.3e-05,0.341176,-2.427703,0.030305
220502_1,0.0,3.6e-05,0.482353,-1.972782,0.017259
220502_2,0.0,0.00783,0.513726,-2.352353,0.039656
220502_3,0.0,0.004911,0.517647,-1.855432,0.02485
220502_4,0.0,0.006116,0.537255,-1.980458,0.087166
220502_5,0.0,0.007127,0.533333,-2.274104,0.059248
220502_6,0.0,0.008062,0.533333,-2.223143,0.061746
220502_7,0.0,0.002069,0.47451,-1.871798,0.009299
220502_8,0.0,0.005053,0.529412,-2.328761,0.071084
220503_1,0.0,1.9e-05,0.517647,-2.075868,0.03126
220503_2,0.0,0.000763,0.596078,-2.022534,0.041508
220503_3,0.0,0.000305,0.592157,-2.142897,0.037827
220503_4,0.0,0.000262,0.603922,-1.846685,0.025749
220503_5,0.0,0.000332,0.576471,-1.881744,0.019968
220503_6,0.0,0.000482,0.603922,-2.217664,0.043568
220503_7,0.0,8.1e-05,0.482353,-2.216862,0.023036
220503_8,0.0,2.9e-05,0.529412,-2.135147,0.01886
220506_1,0.0,0.006413,0.588235,-1.728174,0.003155
220506_2,0.0,6.9e-05,0.462745,-1.885044,0.013536
220506_3,0.0,0.00028,0.486275,-2.130461,0.016762
220506_4,0.0,5.5e-05,0.501961,-2.28472,0.036198
220506_5,0.0,0.000553,0.458824,-2.295484,0.005013
220506_6,0.0,0.000181,0.466667,-2.320851,0.049152
220506_7,0.0,0.000273,0.431373,-1.928563,0.024529
220506_8,0.0,0.000743,0.478431,-1.872703,0.024986
220506_9,0.0,0.000828,0.458824,-1.972437,0.028573
220506_10,0.0,0.001884,0.478431,-2.245718,0.039755
220506_11,0.0,0.000819,0.462745,-2.450328,0.033153
220506_12,0.0,0.000931,0.47451,-2.31695,0.04812
220506_13,0.0,0.001812,0.505882,-2.187038,0.049315
220506_14,0.0,0.000912,0.517647,-1.742163,0.017454
220506_15,0.0,0.000477,0.423529,-2.009296,0.010242
220512_1,0.0,0.001389,0.407843,-2.367529,0.300114
220512_2,0.0,0.000177,0.396078,-2.057149,0.041193
220512_3,0.0,0.000144,0.439216,-2.227267,0.0347
220512_4,0.0,0.000148,0.403922,-2.136137,0.015083
220512_5,0.0,0.000343,0.27451,-2.473333,0.072449
220512_6,0.0,8e-06,0.298039,-2.627446,0.060996
220512_7,0.0,3.4e-05,0.270588,-2.42289,0.018909
220512_8,0.0,0.000134,0.337255,-2.310566,0.065275
220512_9,0.0,0.000195,0.407843,-2.110667,0.012679
220512_10,0.0,0.000811,0.439216,-2.31251,0.040948
220512_11,0.0,0.00015,0.356863,-2.10862,0.027677
220512_12,0.0,7.2e-05,0.376471,-1.917093,0.026839
220512_13,0.0,1.8e-05,0.352941,-2.254852,0.019185
220512_14,0.0,8.1e-05,0.345098,-2.282437,0.030344
220512_15,0.0,1.1e-05,0.313726,-2.212677,0.018524
220515_1,0.0,0.003513,0.380392,-2.163365,0.055814
220515_2,0.0,0.000706,0.368627,-2.416073,0.00882
220515_3,0.0,0.002262,0.392157,-2.018669,0.008107
220515_4,0.0,0.004904,0.419608,-1.883357,0.015558
220515_5,0.0,0.00786,0.470588,-2.149491,0.006739
220515_6,0.0,0.013138,0.47451,-2.353584,0.041083
220515_7,0.0,0.001971,0.345098,-2.205043,0.012605
220515_8,0.0,0.006409,0.427451,-2.200183,0.026903
220515_9,0.0,0.006749,0.596078,-1.842004,0.023799
220515_10,0.0,0.006275,0.592157,-1.924351,0.02656
220515_11,0.0,0.013128,0.568627,-1.861421,0.023966
220515_12,0.0,0.001778,0.584314,-1.670048,0.036651
220526_1,0.0,4.3e-05,0.439216,-2.878065,0.126745
220526_2,0.0,3.7e-05,0.431373,-2.540645,0.08333
220526_3,0.0,7.2e-05,0.439216,-2.371613,0.073435
220526_4,0.0,0.000281,0.396078,-2.903911,0.109521
220526_5,0.0,0.000478,0.4,-2.621981,0.063008
220526_6,0.0,4.7e-05,0.407843,-2.56391,0.080093
220606_1,0.0,0.00034,0.611765,-2.621877,0.222687
220606_2,0.0,0.00046,0.592157,-2.712993,0.287273
220606_3,0.0,0.000827,0.603922,-2.802564,0.068352
220606_4,0.0,8e-06,0.529412,-2.618277,0.309321
220606_5,0.0,0.0,0.482353,-2.78697,0.276446
220606_6,0.0,0.0,0.498039,-3.012042,0.026404
220606_7,0.0,0.0,0.509804,-3.011748,0.016743
220606_8,0.0,0.0,0.435294,-2.820166,0.275169
220606_10,0.0,0.0,0.545098,-2.697491,0.211134
220606_11,0.0,1.3e-05,0.568627,-2.840751,0.016213
220606_12,0.0,0.0,0.392157,-3.02878,0.004358
220606_13,0.0,0.0,0.380392,-3.040128,0.00729
220606_14,0.0,0.0,0.352941,-2.995426,0.110762
220606_15,0.0,0.0,0.356863,-3.000236,0.044358
220606_16,0.0,0.0,0.356863,-2.997707,0.057838
220606_17,0.0,0.0,0.309804,-3.009084,0.161322
220606_18,0.0,0.0,0.305882,-3.031943,0.092068
220606_19,0.0,0.0,0.333333,-2.966549,0.179681
220606_20,0.0,0.0,0.286275,-2.951806,0.200394
220606_21,0.0,0.0,0.321569,-2.973607,0.146522
220606_22,0.0,0.0,0.341176,-3.036105,0.051528
220608_1,0.0,3e-06,0.329412,-2.487781,0.093584
220608_2,0.0,3e-06,0.364706,-2.656721,0.154229
220608_3,0.0,0.000443,0.380392,-2.715008,0.176924
220608_4,0.0,5e-06,0.376471,-2.350879,0.252381
220608_5,0.0,8.3e-05,0.427451,-2.274832,0.26614
220608_6,0.0,1.4e-05,0.423529,-2.416796,0.25211
220608_7,0.0,0.0,0.427451,-2.626889,0.242351
220608_8,0.0,1e-06,0.435294,-2.441797,0.282926
220608_9,0.0,3e-06,0.4,-2.654187,0.204304
220608_10,0.0,0.002921,0.380392,-2.633857,0.141213
220608_11,0.0,0.001503,0.301961,-2.705614,0.138292
220608_12,0.0,0.000195,0.407843,-2.250213,0.126016
220608_13,0.0,0.001357,0.486275,-2.417452,0.264139
220608_14,0.0,0.000797,0.435294,-2.1044,0.185927
220608_15,0.0,0.001462,0.431373,-1.979239,0.202392
220608_16,0.0,0.0,0.360784,-2.335404,0.150692
220608_17,0.0,0.0,0.376471,-2.174783,0.14688
220608_18,0.0,3e-06,0.262745,-2.434422,0.090974
220608_19,0.0,0.0,0.345098,-2.331541,0.187926
220608_20,0.0,0.002427,0.478431,-2.031115,0.201733
220608_21,0.0,0.001551,0.439216,-2.084542,0.232532
220608_22,0.0,0.001136,0.439216,-2.053051,0.20523
220608_23,0.0,0.002032,0.462745,-2.115483,0.200849
220609_1,0.0,7.4e-05,0.384314,-2.156783,0.025988
220609_2,0.0,2.2e-05,0.356863,-2.431597,0.038934
220609_3,0.0,7.6e-05,0.360784,-2.247373,0.018899
220609_4,0.0,4.7e-05,0.329412,-2.34697,0.024424
220609_5,0.0,0.00023,0.352941,-2.164872,0.019366
220609_6,0.0,0.0002,0.376471,-2.55336,0.036193
220609_7,0.0,0.000132,0.352941,-2.570264,0.079776
220609_8,0.0,0.001804,0.494118,-2.392219,0.059686
220609_9,0.0,3e-06,0.372549,-2.149879,0.013139
220609_10,0.0,0.000203,0.403922,-2.119911,0.048901
220609_11,0.0,0.000998,0.415686,-1.921302,0.016788
220609_12,0.0,0.000582,0.419608,-2.171538,0.031577
220609_13,0.0,0.000882,0.435294,-2.113608,0.024973
220609_14,0.0,0.001137,0.443137,-2.181719,0.032393
220609_15,0.0,0.000802,0.435294,-2.299759,0.031531
220609_16,0.0,0.000603,0.470588,-2.208225,0.083433
220610_1,0.0,0.000262,0.435294,-2.50878,0.06743
220610_2,0.0,0.000209,0.415686,-2.28468,0.022866
220610_3,0.0,8.3e-05,0.388235,-2.482815,0.031407
220610_4,0.0,0.000437,0.411765,-2.118991,0.032943
220610_5,0.0,0.000113,0.368627,-2.482454,0.019243
220610_6,0.0,0.000507,0.380392,-2.217489,0.0268
220610_7,0.0,0.000189,0.309804,-2.176825,0.018524
220610_8,0.0,0.000131,0.341176,-2.02924,0.017233
220610_9,0.0,4.2e-05,0.329412,-2.232669,0.004808
220610_10,0.0,5.5e-05,0.392157,-2.372599,0.014306
220610_11,0.0,8e-05,0.294118,-2.590508,0.019789
220610_12,0.0,0.000641,0.352941,-2.308753,0.032322
220610_13,0.0,0.003454,0.505882,-2.041991,0.001129
220610_14,0.0,0.003024,0.458824,-1.898038,0.020156
220610_15,0.0,0.001591,0.482353,-1.855332,0.023884
220610_16,0.0,0.001376,0.443137,-2.213067,0.037707
220610_17,0.0,0.001661,0.443137,-2.122653,0.030811
220610_18,0.0,0.000968,0.435294,-1.885591,0.020726
220610_19,0.0,0.002628,0.454902,-2.089584,0.03348
220610_20,0.0,0.004065,0.47451,-1.971144,0.036139
220610_21,0.0,0.001845,0.439216,-1.937736,0.025882
220610_22,0.0,0.000524,0.403922,-2.083702,0.035982
220610_23,0.0,0.000947,0.407843,-2.264487,0.051386
220610_24,0.0,0.000149,0.384314,-1.874741,0.002847
220611_1,0.0,0.003301,0.505882,-2.413752,0.018547
220611_2,0.0,0.001504,0.490196,-2.630598,0.06164
220611_3,0.0,0.000615,0.47451,-2.827315,0.092793
220611_4,0.0,0.002686,0.47451,-2.361901,0.033199
220611_5,0.0,0.00105,0.435294,-2.248526,0.015408
220611_6,0.0,0.001022,0.431373,-2.542068,0.054263
220611_7,0.0,0.000201,0.341176,-2.338499,0.030011
220611_8,0.0,0.000622,0.392157,-2.470305,0.021159
220611_9,0.0,1e-05,0.360784,-2.460183,0.035184
220611_10,0.0,4.1e-05,0.356863,-2.558269,0.18424
220611_11,0.0,8.1e-05,0.470588,-2.32626,0.048019
220611_12,0.0,0.001172,0.454902,-2.460672,0.030613
220611_13,0.0,0.000201,0.356863,-2.658277,0.084008
220611_14,0.0,0.000834,0.470588,-2.362308,0.05407
220611_15,0.0,0.002162,0.470588,-2.137581,0.036817
220611_16,0.0,0.007029,0.490196,-1.905166,0.027921
220611_17,0.0,0.006816,0.490196,-1.985463,0.022381
220611_18,0.0,0.00133,0.380392,-2.065037,0.022224
220611_19,0.0,0.000362,0.368627,-2.177716,0.014483
220611_20,0.0,0.00091,0.360784,-2.202196,0.026505
220611_21,0.0,0.001062,0.372549,-2.102823,0.021726
220611_22,0.0,0.000254,0.34902,-2.728367,0.061977
220611_23,0.0,0.000535,0.376471,-2.470276,0.050322
220611_24,0.0,0.000898,0.345098,-2.612297,0.071732
220612_1,0.0,8.6e-05,0.32549,-2.318271,0.001655
220612_2,0.0,1.8e-05,0.32549,-2.563286,0.022034
220612_3,0.0,0.000113,0.411765,-2.795929,0.077411
220612_4,0.0,0.000231,0.4,-2.409468,0.019135
220612_5,0.0,0.000487,0.388235,-2.136967,0.020679
220612_6,0.0,0.000603,0.388235,-2.614047,0.039567
220612_7,0.0,0.001124,0.388235,-2.190685,0.026519
220612_8,0.0,0.001743,0.443137,-2.597984,0.05302
220612_9,0.0,8.1e-05,0.447059,-2.588288,0.034694
220612_10,0.0,4.7e-05,0.364706,-2.37199,0.07549
220612_11,0.0,3.7e-05,0.435294,-2.463636,0.066105
220612_12,0.0,0.002037,0.505882,-2.491211,0.059166
220612_13,0.0,0.002149,0.447059,-2.26637,0.044114
220612_14,0.0,0.007694,0.482353,-2.149116,0.024201
220612_15,0.0,0.004336,0.486275,-2.024676,0.029639
220612_16,0.0,0.003333,0.443137,-2.495124,0.076194
220612_17,0.0,0.00447,0.458824,-2.128607,0.026906
220612_18,0.0,0.000401,0.482353,-2.267402,0.041803
220612_19,0.0,0.005569,0.458824,-1.94424,0.034208
220612_20,0.0,0.00552,0.462745,-2.015786,0.026384
220612_21,0.0,0.008359,0.490196,-1.988243,0.028847
220612_22,0.0,0.001809,0.462745,-1.883938,0.009941
220612_23,0.0,0.002158,0.505882,-2.230165,0.039494
220612_24,0.0,0.006154,0.52549,-2.509971,0.091902
220620_1,0.0,0.001405,0.462745,-2.372294,0.022193
220620_2,0.0,0.000957,0.494118,-2.331204,0.015691
220620_3,0.0,0.000598,0.466667,-2.394137,0.015372
220620_4,0.0,0.006393,0.411765,-2.324652,0.030468
220620_5,0.0,0.005196,0.45098,-2.025271,0.01119
220620_6,0.0,0.005318,0.470588,-2.302262,0.022167
220620_7,0.0,0.012643,0.509804,-2.15069,0.044068
220620_8,0.0,0.002921,0.415686,-2.067925,0.006947
220620_9,0.0,0.001447,0.364706,-2.303073,0.009222
220620_10,0.0,0.008643,0.454902,-2.18038,0.036604
220620_11,0.0,0.0,0.423529,-3.03417,0.608181
220620_12,0.0,0.000451,0.352941,-2.342532,0.021381
220626_1,0.0,0.000198,0.470588,-2.394554,0.014797
220626_2,0.0,0.000376,0.529412,-2.51547,0.028619
220626_3,0.0,0.00053,0.560784,-1.913671,0.021885
220626_4,0.0,0.000229,0.517647,-2.068112,0.025163
220626_5,0.0,7.6e-05,0.490196,-2.862724,0.020134
220626_6,0.0,0.000262,0.521569,-2.014494,0.015185
220626_7,0.0,0.000111,0.521569,-2.073146,0.017708
220626_8,0.0,0.000362,0.533333,-2.179686,0.055765
220626_9,0.0,0.000324,0.517647,-2.365213,0.02536
220626_10,0.0,0.000568,0.545098,-2.33751,0.026882
220626_11,0.0,0.000207,0.509804,-2.290499,0.030833
220626_12,0.0,0.000607,0.533333,-2.198862,0.028515
220626_13,0.0,0.000116,0.533333,-2.481604,0.020104
220626_14,0.0,0.000285,0.529412,-2.30956,0.022328
220626_15,0.0,0.000155,0.513726,-2.453001,0.019676
220626_16,0.0,0.001161,0.52549,-1.938643,0.012839
220630_01,0.0,1.3e-05,0.309804,-2.397883,0.042448
220630_02,0.0,2.3e-05,0.309804,-2.318888,0.047621
220630_03,0.0,2e-05,0.313726,-2.357415,0.075061
220630_04,0.0,2.9e-05,0.313726,-2.37745,0.065763
220630_05,0.0,3e-06,0.309804,-2.726647,0.082836
220630_06,0.0,4e-06,0.313726,-2.928953,0.077306
220630_07,0.0,5e-06,0.321569,-2.587901,0.072998
220630_08,0.0,1e-06,0.321569,-2.484355,0.062632
220630_09,0.0,2.5e-05,0.321569,-2.304389,0.03207
220630_10,0.0,4.6e-05,0.290196,-2.345851,0.037513
220630_11,0.0,8.5e-05,0.278431,-2.516451,0.075131
220630_12,0.0,6.4e-05,0.290196,-2.704718,0.087377
220630_13,0.0,0.0,0.262745,-2.998525,0.022625
220630_14,0.0,0.0,0.258824,-2.318729,0.005183
220630_15,0.0,0.0,0.282353,-2.759449,0.056094
220630_16,0.0,0.0,0.27451,-2.873409,0.044712
220630_17,0.0,0.0,0.215686,-3.007697,0.058205
220630_18,0.0,0.0,0.211765,-3.046875,0.051003
220630_19,0.0,0.0,0.188235,-2.998194,0.039356
220706_1,0.0,0.000178,0.376471,-2.542416,0.121855
220706_2,0.0,0.000161,0.341176,-2.282482,0.059514
220706_3,0.0,0.000177,0.403922,-2.212807,0.083937
220706_4,0.0,0.000195,0.368627,-2.261189,0.108765
220706_5,0.0,6.1e-05,0.372549,-2.300996,0.102797
220706_6,0.0,0.0,0.317647,-2.728112,0.143663
220706_7,0.0,0.000264,0.368627,-2.486485,0.141485
220706_8,0.0,0.0,0.270588,-2.783255,0.126536
220706_9,0.0,3e-06,0.278431,-2.724622,0.090795
220706_10,0.0,1.9e-05,0.317647,-2.607806,0.020964
220708_1,0.0,0.002866,0.643137,-2.830793,0.254329
220708_2,0.0,0.152401,0.694118,-2.706268,0.265505
220708_3,0.0,0.005107,0.627451,-2.496364,0.178934
220708_4,0.0,0.00376,0.6,-2.629363,0.142072
220708_5,0.0,0.0135,0.611765,-2.470431,0.153158
220708_6,0.0,0.006681,0.603922,-2.601093,0.203004
220708_7,0.0,0.007352,0.643137,-2.683723,0.241751
220708_8,0.0,0.006587,0.643137,-2.535582,0.230548
220708_9,0.0,0.070236,0.717647,-2.104179,0.181005
220708_10,0.0,0.002791,0.721569,-2.833395,0.236505
220708_11,0.0,0.002777,0.752941,-3.020577,0.297078
220708_12,0.0,0.025035,0.768627,-2.439405,0.213831
220708_13,0.0,0.008199,0.752941,-2.655618,0.262751
220715_1,0.0,0.004234,0.439216,-2.517684,0.11015
220715_2,0.0,0.002622,0.458824,-2.436412,0.080114
220715_3,0.0,0.002004,0.466667,-2.537202,0.089511
220715_4,0.0,6.6e-05,0.317647,-2.747385,0.089946
220715_5,0.0,0.000367,0.352941,-2.546924,0.136062
220715_6,0.0,0.000327,0.364706,-2.498364,0.117253
220715_7,0.0,0.0005,0.423529,-2.6881,0.089883
220715_8,0.0,0.000121,0.466667,-2.743704,0.134217
220715_9,0.0,0.001064,0.439216,-2.713096,0.123159
220715_10,0.0,0.00028,0.490196,-2.410521,0.132465
220715_11,0.0,0.000365,0.462745,-2.384225,0.07967
220715_12,0.0,0.0,0.286275,-2.631524,0.117595
220715_13,0.0,0.0,0.556863,-3.109618,0.018363
220715_14,0.0,3.7e-05,0.619608,-2.772846,0.01563
220715_15,0.0,0.0,0.576471,-2.821122,0.023206
220716_1,0.0,0.00058,0.666667,-2.711235,0.014848
220716_2,0.0,0.000136,0.607843,-2.45109,0.044114
220716_3,0.0,0.0,0.541176,-3.067444,0.036133
220716_4,0.0,9e-05,0.572549,-2.385886,0.005347
220716_5,0.0,5e-06,0.564706,-2.68672,0.026845
220716_6,0.0,9.5e-05,0.572549,-2.514131,0.024433
220716_7,0.0,1.3e-05,0.564706,-2.756681,0.037152
220716_8,0.0,4.1e-05,0.560784,-2.81721,0.045305
220716_9,0.0,0.0,0.521569,-2.581193,0.004904
220718_1,0.0,0.00022,0.505882,-2.561758,0.095443
220718_2,0.0,5e-06,0.384314,-2.88092,0.099645
220718_3,0.0,1e-06,0.345098,-2.55884,0.042898
220718_4,0.0,5e-06,0.317647,-2.789074,0.034637
220718_5,0.0,7e-05,0.345098,-2.827215,0.040747
220718_6,0.0,0.0,0.211765,-3.367975,0.006138
220718_7,0.0,0.009871,0.384314,-2.457985,0.024026
220718_8,0.0,0.0069,0.380392,-2.376079,0.00337
220718_9,0.0,0.000379,0.239216,-2.73362,0.007915
220721_1,0.0,1.1e-05,0.356863,-2.794458,0.17672
220721_2,0.0,0.003792,0.392157,-2.824852,0.254796
220721_3,0.0,0.000301,0.360784,-2.624278,0.087096
220721_4,0.0,6.4e-05,0.317647,-2.646929,0.138833
220721_5,0.0,0.000167,0.34902,-2.53541,0.122884
220721_6,0.0,5.5e-05,0.337255,-2.991644,0.174352
220722_1,0.0,0.000379,0.537255,-2.330007,0.045052
220722_2,0.0,0.000172,0.517647,-2.815196,0.078762
220722_3,0.0,4.5e-05,0.521569,-2.51808,0.07481
220722_4,0.0,7.8e-05,0.541176,-2.849466,0.104216
220722_5,0.0,0.000155,0.513726,-2.622035,0.062085
220722_6,0.0,0.000127,0.52549,-2.468341,0.066807
220722_7,0.0,0.001199,0.498039,-2.672892,0.048604
220722_8,0.0,0.000975,0.494118,-2.580166,0.048451
220722_9,0.0,0.000431,0.482353,-2.419897,0.026522
220724_1,0.0,0.004083,0.588235,-2.397012,0.073429
220724_2,0.0,0.003291,0.588235,-2.493303,0.10132
220724_3,0.0,0.005697,0.603922,-2.597115,0.111725
220724_4,0.0,0.002104,0.596078,-2.416137,0.079504
220724_5,0.0,0.004876,0.588235,-2.470642,0.077727
220724_6,0.0,3.3e-05,0.431373,-2.760597,0.093564
220724_7,0.0,0.001225,0.529412,-2.406361,0.040551
220724_8,0.0,0.000361,0.560784,-2.722927,0.057574
220724_9,0.0,0.000585,0.517647,-2.488805,0.054825
221012_1,0.0,0.006173,0.541176,-2.270851,0.099517
221012_2,0.0,0.006802,0.54902,-2.352367,0.106856
221012_3,0.0,0.003535,0.560784,-2.566782,0.117631
221012_4,0.0,0.003918,0.533333,-2.293158,0.105922
221012_5,0.0,0.004476,0.537255,-2.234703,0.104356
221012_6,0.0,0.005864,0.556863,-2.375054,0.117246
221012_7,0.0,0.00742,0.529412,-2.075947,0.081545
221012_8,0.0,0.005137,0.529412,-2.012923,0.072357
221012_9,0.0,0.004096,0.552941,-1.931431,0.049413
221012_10,0.0,0.00267,0.517647,-2.376947,0.076608
221012_11,0.0,0.003011,0.537255,-2.011047,0.058743
221012_12,0.0,0.003807,0.541176,-2.477957,0.126078
221012_13,0.0,0.003335,0.568627,-2.503709,0.10973
221012_14,0.0,0.008308,0.533333,-2.165157,0.092455
221012_15,0.0,0.009571,0.533333,-2.350528,0.101746
221012_16,0.0,0.002542,0.537255,-2.384298,0.097733
221012_17,0.0,0.001129,0.52549,-2.433833,0.084004
221012_18,0.0,0.001569,0.486275,-2.674493,0.220341
221012_19,0.0,0.001128,0.494118,-2.445942,0.042122
221012_20,0.0,0.004037,0.509804,-2.479855,0.150212
221012_21,0.0,0.005735,0.533333,-2.234682,0.07508
221012_22,0.0,0.004135,0.537255,-2.41967,0.085022
221012_23,0.0,0.003157,0.52549,-2.305235,0.079343
221012_24,0.0,8.3e-05,0.45098,-2.719906,0.103959
221010_1,0.0,0.000651,0.443137,-2.395967,0.028149
221010_2,0.0,0.000373,0.45098,-2.568144,0.025613
221010_3,0.0,2.4e-05,0.411765,-2.599264,0.028913
221010_4,0.0,9.8e-05,0.345098,-2.323049,0.018489
221010_5,0.0,0.000126,0.34902,-2.385136,0.033905
221010_6,0.0,0.000172,0.403922,-2.511456,0.054349
221010_7,0.0,0.002707,0.505882,-2.360706,0.014667
221010_8,0.0,0.00022,0.415686,-2.45396,0.002908
221010_9,0.0,1.4e-05,0.384314,-2.785784,0.016036
221010_10,0.0,6e-06,0.407843,-2.74104,0.02346
221010_11,0.0,1.3e-05,0.341176,-2.900668,0.006613
221010_12,0.0,0.0,0.376471,-2.855844,0.016897
221010_13,0.0,0.003062,0.603922,-2.549043,0.017714
221010_14,0.0,0.001757,0.541176,-2.439242,0.071163
221010_15,0.0,0.001391,0.501961,-2.455993,0.015922
221010_16,0.0,9.5e-05,0.52549,-2.883551,0.07772
221010_17,0.0,0.002597,0.439216,-2.112299,0.037396
221010_18,0.0,0.003699,0.439216,-2.058839,0.036826
221010_19,0.0,0.003974,0.443137,-2.090874,0.066908
221010_20,0.0,0.000169,0.423529,-2.063335,0.032952
221010_21,0.0,6.9e-05,0.396078,-2.178191,0.081147
221010_22,0.0,0.000128,0.427451,-2.203873,0.103822
221010_23,0.0,9e-05,0.454902,-2.167962,0.093992
221010_24,0.0,4.1e-05,0.427451,-2.009481,0.047425
221010_25,0.0,0.000108,0.419608,-2.211189,0.078547
221010_26,0.0,0.000847,0.403922,-2.039855,0.037623
221010_27,0.0,0.003056,0.411765,-2.035476,0.076199
221010_28,0.0,0.000206,0.509804,-2.783198,0.078169
221010_29,0.0,0.000346,0.435294,-2.523137,0.009707
221010_30,0.0,0.001733,0.466667,-2.417209,0.063517
221010_31,0.0,0.002673,0.470588,-2.283995,0.06025
221010_32,0.0,0.000734,0.458824,-2.435088,0.032653
221010_33,0.0,0.002904,0.486275,-2.431757,0.033703
221010_34,0.0,2.9e-05,0.443137,-2.624142,0.033423
221010_35,0.0,0.000137,0.380392,-2.540985,0.043033
221010_36,0.0,2e-05,0.376471,-2.537786,0.033805
221010_37,0.0,1.1e-05,0.384314,-2.579747,0.05038
221010_38,0.0,3.1e-05,0.368627,-2.473624,0.034311
221010_39,0.0,4.5e-05,0.368627,-2.543059,0.005717
221010_40,0.0,8e-06,0.427451,-2.487978,0.03362
221010_41,0.0,0.000397,0.380392,-2.801604,0.082067
221010_42,0.0,0.003501,0.560784,-2.758633,0.110132
221010_43,0.0,4e-06,0.360784,-3.008441,0.024712
221010_44,0.0,0.001945,0.576471,-2.793914,0.102168
221010_45,0.0,0.004033,0.568627,-2.841246,0.122378
221010_46,0.0,0.000699,0.411765,-2.583144,0.100393
221010_47,0.0,0.00022,0.384314,-2.526605,0.09929
221010_48,0.0,0.000373,0.372549,-2.549483,0.110842
221010_49,0.0,0.000587,0.411765,-2.169314,0.022257
221010_50,0.0,6e-05,0.403922,-2.479394,0.111038
221010_51,0.0,8.5e-05,0.407843,-2.051291,0.009472
221010_52,0.0,0.00066,0.403922,-1.951158,0.025144
221010_53,0.0,0.001095,0.364706,-2.030126,0.045673
221010_54,0.0,3.2e-05,0.4,-2.00728,0.020621
221010_55,0.0,5.2e-05,0.403922,-2.1693,0.053174
221010_56,0.0,0.000104,0.431373,-2.548371,0.07119
221010_57,0.0,0.002221,0.403922,-1.973107,0.034559
221010_58,0.0,4.6e-05,0.439216,-2.625962,0.025241
221010_59,0.0,0.000123,0.443137,-2.581274,0.030614
221010_60,0.0,3.6e-05,0.368627,-2.538524,0.073156
221010_61,0.0,0.001227,0.447059,-2.321584,0.007987
221010_62,0.0,0.000854,0.45098,-2.366428,0.010144
221010_63,0.0,0.000688,0.431373,-2.394379,0.013021
221010_64,0.0,0.000427,0.396078,-2.56283,0.002009
221010_65,0.0,0.000683,0.439216,-2.419031,0.020887
221010_66,0.0,0.000333,0.396078,-2.501912,0.029762
221010_67,0.0,0.000422,0.439216,-2.405061,0.046588
221010_68,0.0,0.001804,0.431373,-2.344576,0.049618
221010_69,0.0,0.000296,0.423529,-2.457681,0.044221
221010_70,0.0,0.000231,0.431373,-2.47565,0.046365
221010_71,0.0,0.000161,0.407843,-2.474839,0.038891
221010_72,0.0,0.000182,0.419608,-2.439383,0.035608
221010_73,0.0,6.4e-05,0.388235,-2.657941,0.009964
221010_74,0.0,9.9e-05,0.380392,-2.633243,0.025893
221010_75,0.0,0.000467,0.431373,-2.270218,0.02219
221010_76,0.0,0.000487,0.427451,-2.789945,0.081327
221010_77,0.0,0.000819,0.431373,-2.768708,0.069288
221010_78,0.0,0.000502,0.423529,-2.87823,0.037783
221010_79,0.0,0.000146,0.396078,-2.924141,0.077405
221010_80,0.0,0.000353,0.384314,-2.844023,0.085027
221010_81,0.0,0.003409,0.509804,-2.815554,0.091485
221010_82,0.0,0.003284,0.517647,-2.188299,0.10041
221010_83,0.0,0.004336,0.552941,-1.80537,0.077414
221010_84,0.0,0.011955,0.580392,-1.94859,0.105404
221010_85,0.0,0.008765,0.572549,-2.170474,0.159217
221010_86,0.0,0.00413,0.592157,-2.482934,0.099935
221010_87,0.0,0.004236,0.592157,-1.908344,0.046647
221010_88,0.0,0.004447,0.576471,-2.221218,0.149366
221010_89,0.0,0.007436,0.584314,-1.882242,0.07278
221010_90,0.0,0.002397,0.54902,-2.409701,0.118351
221010_91,0.0,0.004911,0.592157,-2.092991,0.103071
221010_92,0.0,0.013767,0.576471,-1.739597,0.04482
221010_93,0.0,0.008171,0.596078,-1.761733,0.10369
221010_94,0.0,0.006977,0.556863,-1.756785,0.071403
221010_95,0.0,0.00604,0.584314,-1.932159,0.115166
221010_96,0.0,0.004924,0.537255,-2.16878,0.144773
221010_97,0.0,0.003164,0.54902,-2.250705,0.13176
221010_98,0.0,0.004723,0.576471,-2.369409,0.114359
221010_99,0.0,0.007575,0.588235,-1.967324,0.09689
221123_1,0.0,0.001687,0.341176,-2.104624,0.076333
221123_2,0.0,0.000736,0.25098,-1.838537,0.266374
221123_3,0.0,0.000567,0.247059,-1.841322,0.307277
221123_4,0.0,0.001877,0.25098,-1.884486,0.240398
221123_5,0.0,0.000273,0.262745,-1.978481,0.23268
221123_6,0.0,8.5e-05,0.27451,-1.97361,0.164108
221123_7,0.0,0.001494,0.262745,-2.056303,0.226408
221123_8,0.0,0.001874,0.262745,-1.805288,0.274137
221123_9,0.0,0.000755,0.262745,-2.21507,0.180106
221123_10,0.0,0.005082,0.317647,-1.833864,0.224223
221123_11,0.0,0.000688,0.254902,-1.686262,0.286909
221123_12,0.03776,0.000645,0.247059,-1.892031,0.290694
221214_18,0.0,0.009438,0.423529,-2.252703,0.123137
221214_19,0.0,0.006789,0.423529,-2.262713,0.084774
221214_20,0.0,0.006349,0.427451,-2.289402,0.113242
221214_21,0.0,0.005028,0.427451,-2.318437,0.036514
221214_22,0.0,0.003218,0.427451,-2.391431,0.064506
221214_23,0.0,0.005175,0.415686,-2.340004,0.047307
221214_24,0.0,9.7e-05,0.352941,-2.934277,0.055586
221214_25,0.0,0.000376,0.360784,-3.034236,0.057756
221214_26,0.0,0.001264,0.360784,-2.977771,0.041942
221214_27,0.0,8.5e-05,0.372549,-3.137868,0.055572
221214_28,0.0,4e-06,0.301961,-3.050447,0.096804
221214_29,0.0,1.9e-05,0.345098,-2.851198,0.106921
221214_30,0.0,3e-06,0.345098,-3.024982,0.081413
221214_31,0.0,4e-06,0.427451,-2.981502,0.076838
221214_32,0.0,2.5e-05,0.435294,-2.880312,0.070491
221214_33,0.0,2.5e-05,0.439216,-2.896138,0.082986
221214_34,0.0,1.1e-05,0.341176,-2.824369,0.119637
221214_35,0.0,5e-06,0.341176,-3.236489,0.097109
221215_1,0.0,0.001598,0.32549,-2.27647,0.058142
221215_2,0.0,0.000559,0.360784,-2.566783,0.076652
221215_3,0.0,0.007682,0.368627,-2.195051,0.088849
221215_4,0.0,0.00278,0.356863,-2.318548,0.046715
221215_5,0.0,0.000106,0.360784,-2.561621,0.182085
221215_6,0.0,0.003225,0.341176,-2.222074,0.065373
221219_1,0.0,0.000169,0.384314,-2.765402,0.055908
221219_2,0.0,0.000191,0.364706,-2.599835,0.043148
221219_3,0.0,0.000857,0.360784,-2.002527,0.098698
221219_4,0.0,0.000465,0.34902,-2.303535,0.019505
221219_5,0.0,0.002356,0.333333,-1.960479,0.064177
221219_6,0.0,0.000556,0.337255,-1.839957,0.086964
221219_7,0.0,0.001034,0.352941,-2.074235,0.092949
221219_8,0.0,0.002702,0.364706,-1.946111,0.096897
221219_9,0.0,0.001202,0.352941,-1.939366,0.089001
221219_10,0.0,0.002937,0.317647,-1.821438,0.065681
221219_11,0.0,0.003991,0.345098,-1.851057,0.106163
221219_12,0.0,0.001633,0.32549,-1.956443,0.084731
221219_13,0.0,0.000706,0.333333,-1.879898,0.071923
221219_14,0.0,0.001005,0.32549,-1.827285,0.038938
221219_15,0.0,0.001574,0.337255,-1.951524,0.09234
221219_16,0.0,0.000856,0.360784,-2.482778,0.014632
221219_17,0.0,0.000205,0.337255,-2.509983,0.004174
221215_7,0.0,4e-06,0.235294,-2.927246,0.131473
221215_8,0.0,7.8e-05,0.32549,-3.028648,0.273224
221215_9,0.0,3e-06,0.32549,-3.034605,0.318427
221215_10,0.0,0.0,0.32549,-3.045662,0.360006
221215_11,0.0,0.005054,0.392157,-2.409881,0.060413
221215_12,0.0,0.00916,0.384314,-2.001671,0.092476
221215_13,0.0,0.008011,0.384314,-2.082526,0.077109
221215_14,0.0,0.010359,0.329412,-1.958741,0.077629
221215_15,0.0,3e-06,0.27451,-3.106076,0.015578
221215_16,0.0,5.5e-05,0.298039,-3.009955,0.031287
221215_17,0.0,0.000258,0.298039,-2.940278,0.039466
221215_18,0.0,5.7e-05,0.278431,-2.810318,0.02784
221215_19,0.0,1.3e-05,0.286275,-2.970014,0.018385
221215_20,0.0,0.000202,0.290196,-2.939843,0.042849
221215_21,0.0,0.000159,0.298039,-2.943293,0.053422
221215_22,0.0,0.000177,0.290196,-3.029479,0.052915
230109_1,0.0,0.003178,0.372549,-2.679545,0.031845
230109_2,0.0,0.008001,0.407843,-2.569128,0.062309
230109_3,0.0,0.014804,0.431373,-2.545042,0.04281
230109_4,0.0,0.011965,0.443137,-2.654361,0.022849
230109_5,0.0,0.012786,0.419608,-2.624401,0.080146
230109_6,0.0,0.01063,0.407843,-2.626022,0.094468
230109_7,0.0,0.006781,0.411765,-2.736075,0.058596
230109_8,0.0,0.006568,0.4,-2.654205,0.060141
230109_9,0.0,0.010502,0.337255,-2.874487,0.050405
230109_10,0.0,0.01503,0.435294,-2.598401,0.041837
230109_11,0.0,0.01196,0.415686,-2.672483,0.029276
230109_12,0.0,0.009196,0.419608,-2.74503,0.04613
230109_13,0.0,0.006475,0.431373,-3.017956,0.048723
230109_14,0.0,0.00854,0.439216,-2.987445,0.039823
230109_15,0.0,0.0,0.309804,-3.133815,0.0147
230109_16,0.0,8.1e-05,0.341176,-3.035101,0.05747
230109_17,0.0,1e-06,0.305882,-3.124246,0.046411
230109_18,0.0,0.0,0.32549,-3.116672,0.061534
230109_19,0.0,0.003595,0.372549,-2.884121,0.060785
230109_20,0.0,0.005578,0.458824,-2.852151,0.030505
230109_21,0.0,0.018855,0.501961,-2.83221,0.049703
230109_22,0.0,0.000235,0.380392,-3.125955,0.084873
230109_23,0.0,0.006955,0.388235,-3.007581,0.054165
230109_24,0.0,1e-06,0.305882,-3.181083,0.006353
230109_25,0.0,0.004874,0.458824,-2.720289,0.043327
230109_26,0.0,0.013297,0.486275,-2.356446,0.108496
230109_27,0.0,0.013592,0.47451,-2.426856,0.096269
230109_28,0.0,0.008736,0.454902,-2.430821,0.113214
230109_29,0.0,0.001372,0.329412,-2.575531,0.04018
230109_30,0.0,0.001141,0.337255,-2.617258,0.040482
230109_31,0.0,0.012867,0.341176,-2.423066,0.130887
230109_32,0.0,0.003694,0.317647,-2.815101,0.001112
230109_33,0.0,0.002107,0.329412,-2.632666,0.011692
230109_34,0.0,0.004347,0.364706,-2.579478,0.028116
230109_35,0.0,0.005343,0.337255,-2.478624,0.071214
230109_36,0.0,0.006858,0.360784,-2.64252,0.033576
230109_60,0.0,0.023482,0.419608,-2.732115,0.059225
230109_61,0.0,0.040703,0.447059,-2.757014,0.010092
230109_62,0.0,0.04164,0.462745,-2.752608,0.030763
230109_63,0.0,0.028146,0.462745,-2.717559,0.013597
230109_64,0.0,0.018745,0.45098,-2.751549,0.027379
230109_65,0.0,0.012539,0.403922,-2.673794,0.087719
230109_66,0.0,0.008372,0.407843,-2.784882,0.062077
230109_67,0.0,0.027341,0.447059,-2.688769,0.02157
230109_68,0.0,0.011723,0.372549,-2.606408,0.079022
230109_69,0.0,0.012802,0.388235,-2.644387,0.068764
230109_70,0.0,0.016163,0.388235,-2.696351,0.087149
230109_71,0.0,0.046627,0.470588,-2.567246,0.037113
230109_72,0.0,0.031694,0.435294,-2.710319,0.017281
230109_73,0.0,0.034154,0.435294,-2.635137,0.023877
230109_74,0.0,0.041152,0.458824,-2.661686,0.00262
230109_75,0.0,0.027301,0.435294,-2.555296,0.034929
230109_76,0.0,0.042088,0.45098,-2.876736,0.017849
230109_77,0.0,0.031013,0.435294,-2.821443,0.00427
230109_78,0.0,0.017653,0.466667,-2.96414,0.053257
230109_79,0.0,0.013116,0.439216,-2.953771,0.032686
230109_80,0.0,0.014057,0.411765,-3.00625,0.008964
230109_81,0.0,0.01486,0.423529,-3.011192,0.055765
230109_82,0.0,0.011279,0.360784,-3.187768,0.0464
230109_83,0.0,0.006522,0.368627,-3.07401,0.059756
230109_84,0.0,0.024785,0.384314,-3.011637,0.011489
230109_85,0.0,0.00806,0.333333,-3.198234,0.04375
230109_86,0.0,0.00625,0.309804,-3.223344,0.002887
230109_87,0.0,0.02448,0.4,-3.018602,0.046953
230109_88,0.0,0.025654,0.458824,-2.911252,0.039214
230109_89,0.0,0.03006,0.458824,-2.97222,0.030517
230109_90,0.0,0.030759,0.447059,-2.901766,0.054924
230109_91,0.0,0.018225,0.443137,-2.934712,0.045345
230109_92,0.0,0.003646,0.345098,-2.95964,0.074129
230109_93,0.0,0.000852,0.372549,-3.24695,0.047529
230109_94,0.0,0.015031,0.415686,-3.106435,0.062204
230109_95,0.0,0.001458,0.345098,-3.111525,0.030072
230109_96,0.0,0.003627,0.329412,-2.308693,0.151823
230109_97,0.0,0.020588,0.427451,-2.404129,0.109039
230109_98,0.0,0.015285,0.368627,-2.225831,0.160452
230109_99,0.0,0.004159,0.337255,-2.476393,0.11689
230109_100,0.0,0.000322,0.356863,-2.874188,0.060364
230109_101,0.0,0.000786,0.34902,-2.781234,0.054975
230109_102,0.0,0.001642,0.258824,-3.096967,0.010036
230109_103,0.0,0.006311,0.317647,-2.409394,0.11882
230109_104,0.0,0.002604,0.313726,-2.716174,0.090698
230109_105,0.0,0.010703,0.329412,-2.445502,0.073165
230109_106,0.0,7.1e-05,0.337255,-2.832952,0.045064
230109_107,0.0,0.001361,0.352941,-2.625192,0.022302
230109_108,0.0,0.000299,0.333333,-2.872112,0.00795
230109_109,0.0,0.00849,0.34902,-2.532071,0.091002
230109_110,0.0,0.004314,0.352941,-2.300886,0.145371
230109_111,0.0,0.000813,0.345098,-2.697395,0.021105
230109_112,0.0,0.00867,0.376471,-2.495551,0.102525
230109_113,0.0,0.001534,0.329412,-2.736504,0.128377
230109_114,0.0,0.001877,0.313726,-2.673116,0.104116
230109_115,0.0,0.001553,0.286275,-2.608539,0.12006
230109_116,0.0,0.005561,0.313726,-2.599349,0.153048
230109_117,0.0,1e-05,0.262745,-2.926794,0.12874
230109_118,0.0,0.001172,0.329412,-2.361685,0.165366
230109_119,0.0,0.000238,0.286275,-2.645641,0.136171
230109_120,0.0,0.00017,0.317647,-2.819612,0.131509
230109_121,0.0,0.000647,0.294118,-2.458343,0.194167
230109_122,0.0,0.001764,0.305882,-2.497218,0.105758
230109_123,0.0,0.00153,0.34902,-2.558669,0.106985
230109_124,0.0,0.000294,0.341176,-2.626628,0.091066
230109_125,0.0,0.000973,0.294118,-2.884364,0.077542
230109_126,0.0,0.000604,0.286275,-2.746774,0.103279
230109_127,0.0,0.000526,0.282353,-2.576922,0.098107
230109_128,0.0,0.00671,0.305882,-2.60477,0.145617
230109_129,0.0,1e-06,0.266667,-2.80676,0.123248
230109_130,0.0,0.000614,0.305882,-2.54126,0.113063
230110_131,0.035156,1.9e-05,0.156863,-2.493742,0.053567
230110_132,0.007812,1.4e-05,0.172549,-2.518716,0.089978
230110_133,0.050781,0.000314,0.2,-2.373049,0.144259
230110_134,0.02474,0.000149,0.196078,-2.415285,0.08905
230110_135,0.035156,5.6e-05,0.211765,-2.311181,0.079489
230110_136,0.005208,0.000298,0.207843,-2.324934,0.099419
230110_137,0.019531,0.000289,0.207843,-2.302631,0.101965
230110_138,0.028646,0.000237,0.2,-2.238542,0.095363
230110_139,0.02474,0.000645,0.207843,-2.335963,0.123446
230110_140,0.046875,7.8e-05,0.2,-2.392303,0.155929
230110_141,0.053385,0.00024,0.192157,-2.440203,0.1252
230110_142,0.052083,0.000398,0.203922,-2.636919,0.088619
230110_143,0.001302,0.000239,0.211765,-2.364925,0.092055
230110_144,0.054688,6.5e-05,0.203922,-2.556343,0.131967
230110_145,0.002604,0.000299,0.203922,-2.485437,0.101108
230110_146,0.010417,4.1e-05,0.2,-2.424247,0.097161
230110_147,0.070312,1.7e-05,0.156863,-2.487189,0.062566
230119_1,0.0,0.002796,0.4,-2.614317,0.006052
230119_2,0.0,0.002316,0.427451,-2.512452,0.04197
230119_3,0.0,0.001759,0.411765,-2.590864,0.026702
230119_4,0.0,0.005591,0.301961,-2.882208,0.043814
230119_5,0.0,0.001859,0.372549,-2.669646,0.095295
230119_6,0.0,0.001934,0.376471,-2.6513,0.092599
230119_7,0.0,0.001661,0.32549,-2.830854,0.009592
230119_8,0.0,0.002603,0.32549,-2.776945,0.100929
230119_9,0.0,0.001755,0.364706,-2.693828,0.099238
230119_10,0.0,0.003422,0.321569,-2.870693,0.070352
230119_11,0.0,0.008574,0.329412,-2.955596,0.00795
230119_12,0.0,0.011707,0.337255,-2.838405,0.008916
230119_13,0.0,0.003476,0.32549,-2.74974,0.071049
230119_14,0.0,0.011111,0.337255,-2.752978,0.027756
230119_15,0.0,0.004223,0.435294,-2.42696,0.000363
230119_16,0.0,0.001167,0.380392,-2.789543,0.008022
230119_17,0.0,0.01324,0.337255,-2.76939,0.024793
230119_18,0.0,0.025303,0.439216,-2.342542,0.025438
230119_19,0.0,0.003933,0.372549,-2.797459,0.020491
230119_20,0.0,0.0071,0.435294,-2.630511,0.023265
230119_21,0.0,0.003192,0.415686,-2.533247,0.046143
230119_22,0.0,0.013027,0.392157,-2.681636,0.028637
230119_23,0.0,0.000765,0.360784,-2.86228,0.040279
230119_24,0.0,0.012971,0.443137,-2.617416,0.017862
230119_25,0.0,0.001488,0.376471,-2.688664,0.066236
230119_26,0.0,0.002168,0.345098,-2.900377,0.038646
230119_27,0.0,0.002716,0.435294,-2.556027,0.053405
230119_28,0.0,0.001971,0.443137,-2.734153,0.021463
230119_29,0.0,0.001514,0.415686,-2.542912,0.042652
230119_30,0.0,0.001778,0.415686,-2.58135,0.003131
230119_31,0.0,0.0,0.25098,-3.229844,0.089683
230119_32,0.0,3e-06,0.262745,-3.157434,0.10969
230119_33,0.0,4.8e-05,0.243137,-3.272214,0.098713
230119_34,0.0,3e-06,0.219608,-3.30782,0.035963
230119_35,0.0,0.000109,0.258824,-3.218797,0.021469
230119_36,0.0,3e-06,0.219608,-3.361547,0.008742
230119_37,0.0,2.7e-05,0.301961,-3.145094,0.009533
230119_38,0.0,2.3e-05,0.286275,-3.238252,0.051772
230119_39,0.0,5e-06,0.278431,-3.2583,0.055194
230119_40,0.0,3e-06,0.239216,-3.305418,0.047697
230119_41,0.0,0.00103,0.286275,-2.448066,0.086179
230119_42,0.0,0.000679,0.301961,-2.61668,0.013839
230119_43,0.0,0.00083,0.294118,-2.551672,0.002817
230119_44,0.0,0.000153,0.294118,-2.617979,0.026672
230119_45,0.0,8.8e-05,0.290196,-2.634003,0.030427
230119_46,0.0,0.001844,0.286275,-2.371094,0.013096
230119_47,0.0,0.000704,0.341176,-2.700615,0.016877
230119_48,0.0,0.001188,0.341176,-2.614067,0.020702
230119_49,0.0,0.010222,0.337255,-2.563552,0.047885
230119_50,0.0,0.002296,0.313726,-2.661203,0.029779
230119_51,0.0,0.008326,0.341176,-2.588181,0.062785
230119_52,0.0,0.007092,0.341176,-2.527805,0.058664
230119_53,0.0,0.001532,0.27451,-2.850031,0.129121
230119_54,0.0,0.008938,0.352941,-2.443377,0.100152
230119_55,0.0,0.008177,0.313726,-2.392809,0.051741
230119_56,0.0,0.002907,0.32549,-2.657207,0.019466
230119_57,0.0,0.012311,0.34902,-2.497855,0.050941
230119_58,0.0,0.013527,0.333333,-2.402427,0.059967
230119_59,0.0,0.008012,0.341176,-2.194611,0.095682
230119_60,0.0,0.005432,0.345098,-2.221379,0.097451
230119_61,0.0,0.003826,0.34902,-2.363173,0.078044
230119_62,0.0,0.004485,0.321569,-2.391336,0.103866
230119_63,0.0,0.000718,0.321569,-2.788067,0.002665
230119_64,0.0,0.000807,0.34902,-2.615967,0.013175
230119_65,0.0,3.8e-05,0.298039,-2.926953,0.008053
230119_66,0.0,0.002963,0.329412,-2.626547,0.068377
230119_67,0.0,0.006967,0.309804,-2.348736,0.118978
230119_68,0.0,0.002492,0.313726,-2.374941,0.098714
230119_69,0.0,0.000521,0.313726,-2.921634,0.044422
230119_70,0.0,0.001071,0.32549,-2.694422,0.114019
230123_1,0.0,0.0,0.356863,-3.086466,0.217831
230123_2,0.0,0.0,0.360784,-3.11148,0.235825
230123_3,0.0,0.0,0.360784,-3.183978,0.221006
230123_4,0.0,0.0,0.239216,-2.627408,0.216649
230123_5,0.0,2.5e-05,0.266667,-2.433689,0.242423
230123_6,0.0,0.0,0.309804,-3.19195,0.134753
230123_7,0.0,1e-06,0.298039,-2.69581,0.240994
230123_8,0.0,1e-06,0.294118,-2.809429,0.241953
230123_9,0.0,0.0,0.301961,-3.238143,0.124322
230123_10,0.0,7.9e-05,0.380392,-2.544712,0.256277
230123_11,0.0,2.5e-05,0.321569,-2.54698,0.180039
230123_12,0.0,1.4e-05,0.419608,-3.122993,0.193675
230123_13,0.0,1e-06,0.415686,-2.981565,0.116942
230123_14,0.0,0.0,0.294118,-2.845577,0.159318
230123_15,0.0,0.0,0.286275,-2.558508,0.145779
230123_16,0.0,5.6e-05,0.298039,-2.207009,0.234107
230123_17,0.0,1.1e-05,0.286275,-2.978766,0.261003
230123_18,0.0,0.0,0.407843,-3.086006,0.147469
230123_19,0.0,0.001582,0.317647,-2.701531,0.282924
230123_20,0.0,0.000511,0.333333,-2.459643,0.226957
230123_21,0.0,0.001462,0.392157,-2.237344,0.23096
230123_22,0.0,0.001673,0.364706,-2.203291,0.261871
230123_23,0.0,0.003754,0.380392,-2.120775,0.283226
230123_24,0.0,0.000599,0.345098,-2.25422,0.218414
230123_25,0.0,0.002069,0.384314,-2.030996,0.298843
230123_26,0.0,5.2e-05,0.278431,-2.631345,0.228417
230206_1,0.0,0.027826,0.611765,-2.618452,0.132042
230206_2,0.0,0.018789,0.545098,-2.451249,0.020986
230206_3,0.0,0.034372,0.603922,-2.539095,0.062279
230206_4,0.0,0.045868,0.596078,-2.773438,0.125222
230206_5,0.0,0.015511,0.603922,-2.600426,0.00939
230206_6,0.0,0.041711,0.580392,-2.426693,0.070337
230206_7,0.0,0.000225,0.603922,-3.034512,0.073654
230206_8,0.0,6.9e-05,0.560784,-3.065238,0.037022
230206_9,0.0,0.003222,0.533333,-2.776678,0.095669
230206_10,0.0,0.001504,0.470588,-2.671626,0.005969
230206_11,0.0,0.000268,0.466667,-3.02994,0.047487
230206_12,0.0,0.000178,0.454902,-2.967389,0.016869
230206_13,0.065104,0.00052,0.368627,-2.242179,0.187212
230206_14,0.058594,0.007243,0.364706,-1.869462,0.247812
230206_15,0.053385,0.001811,0.309804,-1.959606,0.337844
230206_16,0.03125,0.002785,0.341176,-1.857517,0.320062
230206_17,0.019531,0.003292,0.368627,-1.81276,0.347524
230206_18,0.016927,0.004506,0.368627,-1.702889,0.341369
230206_19,0.023438,0.00128,0.4,-2.276366,0.197184
230206_20,0.03776,0.005896,0.380392,-1.803349,0.319643
230206_21,0.019531,0.006767,0.368627,-1.617787,0.348014
230206_22,0.013021,0.012881,0.388235,-1.56584,0.348293
230206_23,0.028646,0.005511,0.376471,-1.899658,0.309727
230206_24,0.022135,0.001704,0.384314,-2.188458,0.24524
230206_25,0.0,0.001709,0.423529,-2.389694,0.361738
230206_26,0.0,0.000327,0.419608,-3.040685,0.327132
230206_27,0.0,1.3e-05,0.376471,-2.473976,0.394679
230206_28,0.0,0.000128,0.423529,-2.989439,0.275571
230206_29,0.0,0.000834,0.427451,-2.347314,0.381174
230206_30,0.0,0.002151,0.470588,-2.436237,0.329553
230206_31,0.001302,0.000657,0.419608,-2.352853,0.373272
230206_32,0.0,0.000233,0.4,-2.901299,0.381014
230206_33,0.0,0.000928,0.423529,-2.741374,0.334916
230206_34,0.0,0.009956,0.45098,-1.899287,0.394895
230206_35,0.001302,0.009371,0.466667,-1.989929,0.39511
230206_36,0.0,0.005487,0.486275,-2.430233,0.281218
230206_37,0.011719,0.011687,0.478431,-2.055088,0.374553
230206_38,0.018229,0.008803,0.486275,-2.14212,0.386863
230206_39,0.001302,0.009115,0.494118,-2.30179,0.353823
230206_40,0.005208,0.010712,0.47451,-1.937661,0.39493
230206_41,0.022135,0.005091,0.431373,-1.98857,0.385514
230206_42,0.002604,0.006947,0.478431,-2.294521,0.321103
230206_43,0.001302,0.008971,0.466667,-2.112463,0.383278
230206_44,0.010417,0.007956,0.454902,-1.989676,0.401206
230206_45,0.002604,0.008237,0.45098,-2.068189,0.416344
230206_46,0.0,0.003165,0.470588,-2.352422,0.332073
230206_47,0.0,0.002099,0.478431,-2.40175,0.298776
230206_48,0.0,0.004345,0.470588,-2.184878,0.382615
230206_49,0.0,0.004869,0.458824,-2.037518,0.386498
230206_50,0.0,0.003395,0.494118,-2.362378,0.349401
230206_51,0.0,0.001321,0.462745,-2.576994,0.356373
230206_52,0.0,0.007874,0.494118,-2.128203,0.368433
230206_53,0.001302,0.003363,0.466667,-2.387477,0.352209
230206_54,0.0,0.00567,0.482353,-2.307801,0.350711
230206_55,0.0,0.004148,0.486275,-2.438686,0.38211
230206_56,0.0,0.003483,0.521569,-2.48862,0.285916
230206_57,0.0,0.005552,0.501961,-2.302016,0.354854
230214_1,0.109375,0.0,0.207843,-3.387028,0.015811
230214_2,0.141927,0.0,0.219608,-3.278288,0.070475
230214_3,0.158854,0.0,0.172549,-3.443011,0.070029
230214_4,0.054688,0.0,0.203922,-3.382702,0.17709
230214_5,0.05599,0.0,0.219608,-3.608605,0.127957
230214_6,0.072917,0.0,0.215686,-3.456662,0.075031
230214_7,0.351562,1e-06,0.14902,-3.567317,0.120062
230214_8,0.0,1e-06,0.443137,-3.166098,0.154721
230214_9,0.0,1e-06,0.431373,-3.308733,0.101279
230214_10,0.104167,0.0,0.321569,-3.224774,0.047204
230214_11,0.010417,0.0,0.372549,-2.882148,0.119616
230214_12,0.009115,0.0,0.392157,-2.912284,0.067721
230214_13,0.033854,0.0,0.415686,-3.467774,0.121862
230214_14,0.061198,0.0,0.4,-3.422433,0.094403
230214_15,0.05599,0.0,0.384314,-3.317714,0.103262
230214_16,0.217448,0.0,0.235294,-3.774212,0.052237
230214_17,0.126302,0.0,0.364706,-3.514394,0.11736
230214_18,0.082031,0.0,0.384314,-3.234249,0.109442
230214_19,0.054688,0.0,0.372549,-3.170244,0.110252
230214_20,0.088542,0.0,0.352941,-2.986385,0.093296
230214_21,0.123698,0.0,0.278431,-3.511974,0.117474
230214_22,0.009115,0.0,0.45098,-3.139736,0.140279
230214_23,0.052083,0.0,0.439216,-3.298954,0.073339
230214_24,0.115885,3.9e-05,0.388235,-3.755587,0.088912
230214_25,0.0,0.0,0.305882,-3.777251,0.059389
230214_26,0.0,0.0,0.329412,-3.811868,0.131782
230214_27,0.0,0.0,0.364706,-3.703333,0.052695
230214_28,0.0,0.0,0.294118,-3.928356,0.012403
230214_29,0.0,0.0,0.305882,-3.773829,0.116725
230214_30,0.0,0.0,0.341176,-3.681969,0.101894
230214_31,0.0,0.0,0.305882,-3.758582,0.046162
230214_32,0.013021,0.0,0.282353,-3.616303,0.131263
230214_33,0.0,0.0,0.286275,-3.703705,0.052711
230214_34,0.053385,0.0,0.294118,-3.479965,0.034923
230214_35,0.057292,0.0,0.294118,-3.611186,0.045873
230214_36,0.002604,0.0,0.364706,-3.431648,0.087594
230214_37,0.0,0.0,0.266667,-3.940547,0.074143
230214_38,0.0,0.0,0.309804,-3.92062,0.06459
230214_39,0.011719,0.0,0.266667,-3.844113,0.070899
230214_40,0.052083,0.0,0.262745,-3.867727,0.07964
230214_41,0.046875,0.0,0.254902,-3.780305,0.077827
230214_42,0.128906,0.0,0.223529,-3.950971,0.042432
230214_43,0.0,0.0,0.313726,-3.872426,0.062361
230214_44,0.0,0.0,0.352941,-3.921807,0.062367
230214_45,0.13151,0.0,0.262745,-3.87299,0.010389
230214_46,0.011719,0.0,0.294118,-3.99882,0.029208
230214_47,0.0,0.0,0.290196,-3.992346,0.074315
230214_48,0.0,0.0,0.368627,-3.888223,0.022936
230215_1,0.00651,0.0,0.25098,-3.827321,0.464139
230215_2,0.001302,0.0,0.254902,-3.830436,0.442937
230215_3,0.0,0.0,0.25098,-3.882176,0.313715
230215_4,0.084635,0.0,0.227451,-3.647316,0.070228
230215_5,0.101562,0.0,0.2,-3.74502,0.013026
230215_6,0.106771,0.0,0.203922,-3.734615,0.049668
230215_7,0.023438,9e-06,0.482353,-2.553648,0.093927
230215_8,0.054688,0.0,0.501961,-3.327716,0.128805
230215_9,0.066406,1.7e-05,0.494118,-3.250832,0.074127
230215_10,0.001302,0.0,0.423529,-2.939207,0.034772
230215_11,0.005208,0.0,0.419608,-2.799022,0.010719
230215_12,0.117188,5e-06,0.431373,-2.790847,0.007415
230215_13,0.010417,3e-06,0.505882,-2.9876,0.134574
230215_14,0.052083,0.000122,0.501961,-2.488856,0.093625
230215_15,0.053385,0.0,0.494118,-3.148017,0.04109
230215_16,0.040365,0.0,0.494118,-2.901078,0.027527
230215_17,0.078125,8e-06,0.478431,-2.292923,0.092048
230215_18,0.052083,4.5e-05,0.521569,-2.830652,0.119814
230215_19,0.075521,3.1e-05,0.203922,-3.476413,0.005523
230215_20,0.058594,8e-06,0.513726,-2.722937,0.175395
230215_21,0.082031,3.9e-05,0.478431,-2.034367,0.154817
230215_22,0.048177,6.1e-05,0.513726,-3.279906,0.161075
230215_23,0.026042,0.0,0.537255,-3.313581,0.020055
230215_24,0.005208,0.0,0.505882,-3.284217,0.109025
230216_1,0.005208,4.5e-05,0.34902,-2.687843,0.177192
230216_2,0.018229,7.2e-05,0.329412,-2.767247,0.009768
230216_3,0.0,0.005581,0.447059,-2.454631,0.114366
230216_4,0.0,9.3e-05,0.309804,-2.560802,0.108289
230216_5,0.0,0.000443,0.392157,-2.616633,0.213926
230216_6,0.0,0.002206,0.411765,-2.602299,0.060701
230314_36,0.0,0.002197,0.513726,-2.90748,0.039762
230314_37,0.0,0.004264,0.517647,-3.104291,0.044783
230314_38,0.0,0.017675,0.560784,-3.11634,0.04423
230314_39,0.0,0.022593,0.541176,-2.483204,0.026177
230314_40,0.0,0.005811,0.454902,-2.599074,0.00539
230314_41,0.0,0.008582,0.498039,-2.470721,0.008951
230314_42,0.0,0.005494,0.517647,-2.81659,0.002671
230314_43,0.0,0.020096,0.588235,-2.850155,0.027631
230314_44,0.0,0.021547,0.529412,-2.871644,0.109856
230314_45,0.0,0.022182,0.545098,-2.761523,0.013498
230314_46,0.0,0.009783,0.533333,-2.683762,0.037703
230314_47,0.0,0.017399,0.541176,-3.02346,0.090794
230314_48,0.0,0.00323,0.482353,-3.026869,0.126943
230314_49,0.0,0.005332,0.482353,-2.977311,0.094669
230314_50,0.0,0.012189,0.556863,-2.601114,0.009679
230314_1,0.080729,0.022709,0.541176,-1.450146,0.011616
230314_2,0.092448,0.022308,0.564706,-1.484123,0.030875
230314_3,0.092448,0.016352,0.572549,-1.707625,0.16977
230314_4,0.10026,0.022022,0.537255,-1.449439,0.026663
230314_5,0.083333,0.026951,0.541176,-1.349418,0.030287
230314_6,0.078125,0.024878,0.560784,-1.345005,0.019677
230314_7,0.066406,0.019559,0.564706,-1.372251,0.016998
230314_8,0.097656,0.00982,0.521569,-1.433152,0.019851
230314_9,0.125,0.0,0.321569,-1.926594,0.020198
230314_10,0.09375,0.0,0.317647,-1.821216,0.008796
230314_11,0.11849,0.0,0.32549,-1.972319,0.001458
230314_12,0.13151,0.01104,0.298039,-1.689817,0.023047
230314_13,0.091146,0.0,0.329412,-1.690667,0.029048
230314_14,0.091146,1e-06,0.341176,-1.662179,0.04624
230314_15,0.079427,1e-06,0.364706,-1.900627,0.067026
230314_16,0.111979,4e-06,0.356863,-1.976348,0.030918
230314_17,0.113281,5.8e-05,0.360784,-1.888578,0.02266
230314_18,0.066406,0.079007,0.509804,-1.99553,0.021109
230314_19,0.122396,0.016496,0.427451,-2.19437,0.013453
230314_20,0.113281,0.000216,0.34902,-2.402619,0.008275
230314_21,0.126302,0.000334,0.317647,-2.554765,0.01759
230314_22,0.141927,0.000155,0.313726,-2.555847,0.003323
230314_23,0.101562,0.000342,0.352941,-2.424281,0.032445
230314_24,0.083333,0.000749,0.384314,-2.28767,0.006674
230314_25,0.067708,0.000327,0.376471,-2.300327,0.000166
230314_26,0.084635,2.5e-05,0.32549,-2.528635,0.019881
230314_27,0.134115,0.277921,0.415686,-3.143339,0.289719
230314_28,0.117188,0.094931,0.388235,-2.958157,0.146855
230314_29,0.082031,0.000913,0.466667,-2.716217,0.155205
230314_30,0.111979,0.009702,0.396078,-2.94264,0.175957
230314_31,0.110677,0.000638,0.415686,-2.915783,0.010585
230314_32,0.050781,0.003036,0.494118,-2.668495,0.012898
230314_33,0.054688,0.002041,0.466667,-2.659638,0.055659
230314_34,0.223958,0.073237,0.364706,-2.75227,0.131282
230314_35,0.061198,0.000375,0.403922,-2.758282,0.077116
230315_1,0.130208,0.02268,0.572549,-1.456719,0.014587
230315_2,0.106771,0.036275,0.560784,-1.470001,0.017858
230315_3,0.089844,0.038991,0.584314,-1.504968,0.003804
230315_4,0.058594,0.04576,0.607843,-1.546047,0.010256
230315_5,0.067708,0.042964,0.584314,-1.530542,0.002331
230315_6,0.065104,0.037919,0.588235,-1.566629,0.009586
230315_7,0.058594,0.034522,0.588235,-1.51326,0.005316
230315_8,0.03125,0.027983,0.584314,-1.520999,0.03795
230315_9,0.02474,0.036442,0.607843,-1.513467,0.024289
230315_10,0.084635,0.027536,0.576471,-1.392503,0.074972
230315_11,0.052083,0.023388,0.54902,-1.460669,0.0932
230315_12,0.065104,0.020827,0.541176,-1.452591,0.037088
230315_13,0.074219,0.01885,0.537255,-1.482557,0.000245
230315_14,0.066406,0.01548,0.545098,-1.625243,0.030201
230315_15,0.058594,0.024324,0.545098,-1.559783,0.017445
230315_16,0.0625,0.029287,0.545098,-1.534444,0.016555
230315_17,0.065104,0.024504,0.505882,-1.582456,0.038862
230315_18,0.075521,0.030828,0.556863,-1.447489,0.055579
230315_19,0.053385,0.045222,0.6,-1.84338,0.031919
230315_20,0.057292,0.025939,0.603922,-1.801216,0.0088
230315_21,0.065104,0.023463,0.596078,-1.842901,0.023709
230315_22,0.066406,0.029324,0.603922,-1.808487,0.023331
230315_23,0.070312,0.030697,0.596078,-1.851084,0.038088
230315_24,0.059896,0.039525,0.603922,-1.887931,0.037241
230315_25,0.059896,0.040465,0.627451,-1.926582,0.041612
230315_26,0.078125,0.051418,0.560784,-1.971643,0.024284
230315_27,0.033854,0.031244,0.639216,-2.020669,0.019906
230315_28,0.048177,0.03073,0.611765,-2.070023,0.010831
230315_29,0.09375,0.035356,0.541176,-2.138966,0.030895
230315_30,0.070312,0.028411,0.580392,-2.08777,0.023914
230315_31,0.076823,0.023041,0.627451,-1.91436,0.025837
230315_32,0.071615,0.033656,0.6,-1.993535,0.047259
230315_33,0.040365,0.021016,0.631373,-2.006619,0.060335
230315_34,0.028646,0.020705,0.611765,-2.093028,0.081774
230315_35,0.032552,0.030047,0.588235,-1.969575,0.071771
230315_36,0.09375,0.025965,0.603922,-1.196515,0.048809
230315_37,0.065104,0.047424,0.607843,-1.352818,0.015099
230315_38,0.123698,0.022406,0.545098,-1.430221,0.003928
230315_39,0.082031,0.041403,0.576471,-1.633702,0.00558
230315_40,0.097656,0.027719,0.576471,-1.259956,0.017778
230315_41,0.111979,0.028625,0.537255,-1.446595,0.022373
230315_42,0.072917,0.009041,0.501961,-1.430242,5.5e-05
230315_43,0.085938,0.009727,0.52549,-1.381182,0.022805
230315_44,0.061198,0.02028,0.572549,-1.279239,0.006666
230315_45,0.0625,0.018539,0.584314,-1.155624,0.000731
230315_46,0.076823,0.029945,0.592157,-1.196438,0.00894
230315_47,0.08724,0.02558,0.631373,-1.925926,0.017735
230315_48,0.072917,0.022243,0.627451,-1.870474,0.110995
230315_49,0.050781,0.022841,0.6,-1.916278,0.099517
230315_50,0.071615,0.02379,0.596078,-1.999996,0.023444
230315_51,0.0625,0.033236,0.596078,-2.024906,0.024944
230315_52,0.065104,0.026389,0.611765,-2.019797,0.01499
230315_53,0.083333,0.029442,0.6,-1.949007,0.021188
230315_54,0.109375,0.024095,0.596078,-2.047281,0.064668
230315_55,0.098958,0.016017,0.592157,-1.929178,0.075948
230315_56,0.032552,0.00989,0.615686,-3.144277,0.155125
230315_57,0.03125,0.004266,0.596078,-3.149997,0.047048
230315_58,0.033854,0.011333,0.6,-3.235208,0.15426
230315_59,0.039062,0.002656,0.607843,-3.185632,0.226363
230315_60,0.036458,0.00125,0.580392,-3.263934,0.249181
230315_61,0.03125,0.001979,0.568627,-3.33512,0.2
230315_62,0.03125,0.001597,0.580392,-3.207469,0.165693
230315_63,0.03125,0.000954,0.596078,-3.037817,0.129383
230315_64,0.03125,0.001041,0.568627,-3.025175,0.192388
230315_65,0.089844,0.012548,0.607843,-2.149353,0.065048
230315_66,0.079427,0.008207,0.623529,-2.184243,0.076863
230315_67,0.072917,0.015479,0.635294,-2.135061,0.092029
230315_68,0.106771,0.019744,0.639216,-1.915916,0.184099
230315_69,0.101562,0.011279,0.603922,-1.790652,0.167368
230315_70,0.105469,0.008204,0.584314,-1.996677,0.245718
230315_71,0.084635,0.010581,0.607843,-2.046199,0.243687
230315_72,0.083333,0.007568,0.588235,-2.154559,0.233204
230315_73,0.089844,0.014228,0.596078,-2.254474,0.240492
230315_74,0.096354,0.019004,0.560784,-2.360396,0.188066
230315_75,0.078125,0.005285,0.54902,-2.36219,0.153368
230315_76,0.083333,0.00773,0.552941,-2.311191,0.121938
230315_77,0.070312,0.010209,0.596078,-2.269134,0.044479
230315_78,0.088542,0.009003,0.607843,-2.181088,0.049714
230315_79,0.084635,0.011032,0.619608,-2.286364,0.099171
230315_80,0.078125,0.013013,0.631373,-2.297542,0.132327
230315_81,0.092448,0.006107,0.623529,-2.363406,0.144858
230315_82,0.091146,0.040975,0.623529,-1.767158,0.037358
230315_83,0.082031,0.033709,0.623529,-1.812096,0.040851
230315_84,0.054688,0.030674,0.592157,-1.777615,0.044961
230315_85,0.072917,0.033843,0.584314,-1.715481,0.063555
230315_86,0.0625,0.047312,0.588235,-1.74708,0.013095
230315_87,0.0625,0.038699,0.6,-1.718971,0.044888
230315_88,0.085938,0.037186,0.592157,-1.758002,0.075195
230315_89,0.122396,0.029406,0.580392,-1.776984,0.075591
230315_90,0.089844,0.021472,0.588235,-1.900999,0.032963
230315_91,0.03125,0.008097,0.584314,-1.956161,0.041618
230315_92,0.035156,0.006784,0.560784,-2.075571,0.066834
230315_93,0.03125,0.002014,0.588235,-1.958541,0.062273
230315_94,0.027344,0.002722,0.556863,-2.041084,0.090255
230316_1,0.0,0.0,0.415686,-2.272342,0.00016
230316_2,0.0,1.9e-05,0.419608,-2.269175,0.000795
230316_3,0.0,0.000256,0.403922,-1.714708,0.001242
230316_4,0.0,0.000169,0.403922,-1.598874,0.066765
230316_5,0.0,0.0,0.45098,-2.557838,0.015616
230316_6,0.0,0.001265,0.431373,-2.032752,0.025444
230316_7,0.0,0.002265,0.427451,-1.946544,0.031058
230316_8,0.0,9e-06,0.435294,-1.960717,0.008557
230316_9,0.0,1e-06,0.509804,-2.53326,0.1983
230316_10,0.0,1.9e-05,0.517647,-2.179931,0.265971
230316_11,0.0,0.0,0.486275,-2.787682,0.32428
230316_12,0.0,0.000203,0.486275,-2.501826,0.369879
230316_13,0.0,0.000353,0.490196,-2.185361,0.171565
230316_14,0.0,6e-06,0.454902,-1.858769,0.077456
230316_15,0.0,0.000163,0.482353,-2.653783,0.311843
230316_16,0.0,0.0,0.478431,-2.609525,0.360188
230316_17,0.0,0.000355,0.486275,-1.771865,0.069201
230316_18,0.0,0.00032,0.458824,-1.912225,0.105541
230316_19,0.0,0.000144,0.454902,-1.731577,0.107921
230316_20,0.0,0.000721,0.462745,-1.787257,0.122522
230316_21,0.0,0.002102,0.454902,-1.866373,0.115786
230316_22,0.0,0.002574,0.470588,-1.859284,0.119533
230316_23,0.0,0.000183,0.454902,-1.718919,0.076222
230316_24,0.0,4.1e-05,0.458824,-2.047581,0.13001
230316_25,0.0,1.7e-05,0.415686,-1.940436,0.084172
230316_26,0.0,0.000202,0.470588,-2.081295,0.117797
230316_27,0.0,5.8e-05,0.466667,-1.982639,0.086187
230316_28,0.0,1e-06,0.470588,-2.033985,0.097459
230316_29,0.0,3.8e-05,0.47451,-2.566314,0.194958
230316_30,0.0,0.0,0.466667,-2.925544,0.23668
230316_31,0.0,2.4e-05,0.466667,-2.740605,0.165136
230316_32,0.0,0.0,0.517647,-2.680739,0.138095
230316_33,0.0,0.000201,0.458824,-2.339824,0.087229
230316_34,0.0,7.5e-05,0.447059,-2.270092,0.086905
230316_35,0.0,0.00045,0.462745,-2.139287,0.132172
230316_36,0.0,0.000455,0.447059,-2.228368,0.155899
230316_37,0.0,0.000779,0.462745,-2.170626,0.163117
230316_38,0.0,0.000525,0.45098,-2.193779,0.130658
230316_39,0.0,0.006353,0.709804,-2.416979,0.082188
230316_40,0.0,0.000463,0.623529,-2.804415,0.063971
230316_41,0.0,0.0,0.454902,-3.038985,0.125987
230316_42,0.0,5e-05,0.458824,-3.00755,0.155809
230316_43,0.0,3.1e-05,0.47451,-2.906292,0.140079
230316_44,0.0,8e-06,0.447059,-3.092338,0.1559
230317_1,0.199219,0.080649,0.564706,-1.55653,0.011926
230317_2,0.165365,0.076247,0.576471,-1.548445,0.014301
230317_3,0.096354,0.103582,0.662745,-1.457179,0.013966
230317_4,0.089844,0.111575,0.67451,-1.451293,0.03023
230317_5,0.089844,0.124079,0.682353,-1.449106,0.020482
230317_6,0.067708,0.167412,0.72549,-1.408532,0.0007
230317_7,0.067708,0.168386,0.72549,-1.373241,0.024096
230317_8,0.061198,0.174511,0.729412,-1.431589,0.000445
230317_9,0.061198,0.173384,0.737255,-1.447364,0.015872
230317_10,0.205729,0.081141,0.545098,-1.538437,0.065459
230317_11,0.238281,0.058389,0.529412,-1.472604,0.111056
230317_12,0.126302,0.058978,0.560784,-1.550335,0.049791
230317_13,0.058594,0.081675,0.596078,-1.476587,0.007002
230317_14,0.05599,0.08905,0.631373,-1.496002,0.032119
230317_15,0.029948,0.098031,0.635294,-1.721514,0.018869
230317_16,0.049479,0.110657,0.662745,-1.55443,0.025919
230317_17,0.048177,0.116093,0.603922,-1.913218,0.036223
230317_18,0.046875,0.126002,0.623529,-1.667234,0.018509
230317_19,0.136719,0.145287,0.690196,-1.734701,0.039003
230317_20,0.033854,0.154118,0.752941,-1.651623,0.043299
230317_21,0.278646,0.104028,0.486275,-1.868552,0.044384
230317_22,0.098958,0.116563,0.701961,-1.713102,0.010952
230317_23,0.032552,0.12993,0.709804,-1.704505,0.010731
230317_24,0.032552,0.133858,0.733333,-1.705033,0.009327
230317_25,0.033854,0.162979,0.745098,-1.671966,0.018531
230317_26,0.018229,0.193223,0.776471,-1.532751,0.017672
230317_27,0.026042,0.19674,0.780392,-1.456914,0.015677
230317_28,0.061198,0.161894,0.721569,-1.804478,0.025944
230317_29,0.019531,0.184995,0.780392,-1.596446,0.057874
230317_30,0.014323,0.198996,0.784314,-1.616447,0.073374
230317_31,0.027344,0.19377,0.768627,-1.79961,0.036945
230317_32,0.014323,0.208099,0.792157,-1.951682,0.047398
230317_33,0.057292,0.197824,0.768627,-1.780276,0.032402
230317_34,0.045573,0.201762,0.772549,-1.795158,0.027003
230317_35,0.020833,0.211027,0.784314,-1.732554,0.009005
230317_36,0.018229,0.245384,0.811765,-1.619203,0.031741
230317_37,0.098958,0.22687,0.784314,-1.177035,0.014906
230317_38,0.067708,0.232831,0.792157,-1.483676,0.024418
230317_39,0.058594,0.241825,0.792157,-1.483792,0.057629
230317_40,0.079427,0.226877,0.780392,-1.340475,0.052419
230317_41,0.095052,0.179091,0.745098,-1.442946,0.058501
230317_42,0.096354,0.152955,0.701961,-1.360023,0.059875
230317_43,0.104167,0.178864,0.729412,-1.412213,0.063966
230317_44,0.072917,0.204047,0.760784,-1.451315,0.023442
230317_45,0.135417,0.160821,0.67451,-1.440195,0.032144
230317_46,0.121094,0.174327,0.705882,-1.144062,0.01199
230317_47,0.053385,0.173341,0.721569,-1.263079,0.012067
230317_48,0.058594,0.128513,0.67451,-1.39932,0.009294
230317_49,0.0625,0.113459,0.67451,-1.421557,0.046922
230317_50,0.053385,0.153451,0.737255,-1.361098,0.018801
230317_51,0.065104,0.150736,0.74902,-1.314024,0.012541
230317_52,0.06901,0.161413,0.745098,-1.337438,0.017606
230317_53,0.063802,0.153512,0.733333,-1.365373,0.000744
230317_54,0.075521,0.128567,0.698039,-1.312744,0.00332
230317_55,0.09375,0.199243,0.729412,-1.565743,0.027526
230317_56,0.092448,0.18742,0.721569,-1.552926,0.050647
230317_57,0.05599,0.17602,0.729412,-1.561205,0.029204
230317_58,0.083333,0.188806,0.733333,-1.512107,0.01732
230317_59,0.088542,0.200453,0.74902,-1.481697,0.0198
230317_60,0.054688,0.090716,0.752941,-3.198901,0.219507
230317_61,0.03125,0.077138,0.756863,-3.159325,0.212366
230317_62,0.03125,0.092913,0.780392,-3.064853,0.355077
230317_63,0.03776,0.093226,0.788235,-3.064943,0.337515
230317_64,0.032552,0.084197,0.772549,-3.082478,0.247125
230317_65,0.018229,0.080986,0.72549,-2.883889,0.330664
230317_66,0.092448,0.240105,0.807843,-1.836079,0.056007
230317_67,0.063802,0.218913,0.811765,-1.651364,0.060796
230317_68,0.05599,0.24727,0.815686,-1.928942,0.101235
230317_69,0.075521,0.22646,0.807843,-1.67303,0.07306
230317_70,0.098958,0.17146,0.772549,-1.750918,0.075012
230317_71,0.088542,0.138869,0.733333,-1.75822,0.079957
230317_72,0.098958,0.169341,0.760784,-1.74135,0.092177
230317_73,0.076823,0.196891,0.792157,-1.632245,0.059635
230317_74,0.134115,0.144815,0.721569,-1.711811,0.059246
230317_75,0.111979,0.188183,0.752941,-1.999677,0.00674
230317_76,0.050781,0.169525,0.745098,-1.97899,0.06441
230317_77,0.054688,0.125258,0.701961,-2.098138,0.04752
230317_78,0.059896,0.113866,0.694118,-2.027129,0.031072
230317_79,0.046875,0.158504,0.756863,-2.015427,0.064355
230317_80,0.053385,0.161738,0.764706,-1.981708,0.048438
230317_81,0.063802,0.171065,0.760784,-1.972819,0.094786
230317_82,0.063802,0.169896,0.745098,-1.946252,0.067212
230317_83,0.074219,0.130512,0.713726,-1.876284,0.03278
230317_84,0.091146,0.179635,0.74902,-1.396892,0.05684
230317_85,0.085938,0.154499,0.733333,-1.375166,0.03591
230317_86,0.040365,0.153346,0.737255,-1.419109,0.042316
230317_87,0.082031,0.138349,0.729412,-1.479954,0.007324
230317_88,0.076823,0.177991,0.752941,-1.577906,0.0054
230317_89,0.08724,0.19157,0.776471,-1.602642,0.018869
230317_90,0.080729,0.182167,0.776471,-1.54464,0.032432
230317_91,0.082031,0.150024,0.72549,-1.614878,0.041088
230317_92,0.231771,0.108077,0.568627,-1.775128,0.051855
230317_93,0.03125,0.117022,0.764706,-2.425238,0.173496
230317_94,0.03125,0.140981,0.776471,-2.258763,0.414155
230317_95,0.044271,0.145031,0.780392,-2.251557,0.364655
230317_96,0.032552,0.123669,0.768627,-2.314634,0.251228
230317_97,0.020833,0.135803,0.74902,-2.32894,0.455851
230317_98,0.022135,0.138865,0.745098,-2.487299,0.440407
230317_99,0.02474,0.159471,0.788235,-2.218914,0.450905
230317_100,0.022135,0.124128,0.74902,-2.507389,0.301691
230320_1,0.048177,0.068558,0.607843,-1.582492,0.002656
230320_2,0.065104,0.055103,0.596078,-1.626205,0.000563
230320_3,0.071615,0.041618,0.576471,-1.680699,0.015276
230320_4,0.057292,0.070569,0.611765,-1.650293,0.009724
230320_5,0.036458,0.114021,0.686275,-1.533954,0.003286
230320_6,0.0625,0.125326,0.686275,-1.485408,0.019565
230320_7,0.054688,0.136131,0.690196,-1.494863,0.003167
230320_8,0.054688,0.113511,0.65098,-1.531881,0.008043
230320_9,0.063802,0.070962,0.6,-1.400679,0.03729
230320_10,0.035156,0.043218,0.556863,-1.513965,0.051448
230320_11,0.0625,0.055752,0.537255,-1.451833,0.031629
230320_12,0.061198,0.060577,0.552941,-1.406144,0.001066
230320_13,0.046875,0.058365,0.580392,-1.468183,0.007132
230320_14,0.03125,0.065386,0.576471,-1.579362,0.008956
230320_15,0.06901,0.07067,0.54902,-1.514138,0.017552
230320_16,0.071615,0.07203,0.462745,-1.585453,0.010535
230320_17,0.115885,0.09123,0.513726,-1.593698,0.021265
230320_18,0.032552,0.070708,0.690196,-1.986806,0.207133
230320_19,0.042969,0.060314,0.6,-1.878976,0.233715
230320_20,0.057292,0.054151,0.627451,-1.756538,0.23426
230320_21,0.057292,0.076313,0.65098,-1.740643,0.230692
230320_22,0.057292,0.080584,0.682353,-1.821691,0.204368
230320_23,0.072917,0.085094,0.701961,-1.998227,0.158391
230320_24,0.014323,0.066809,0.686275,-3.455111,0.309599
230320_25,0.03776,0.057869,0.705882,-3.401931,0.329881
230320_26,0.052083,0.061854,0.690196,-3.386059,0.296651
230320_27,0.063802,0.091998,0.67451,-3.30242,0.25081
230320_28,0.052083,0.085765,0.709804,-3.347585,0.294406
230320_29,0.03776,0.079675,0.690196,-3.318768,0.311054
230320_30,0.032552,0.084145,0.690196,-3.346215,0.298366
230320_31,0.007812,0.089636,0.721569,-3.33099,0.250601
230320_32,0.041667,0.107501,0.745098,-3.357135,0.230744
230320_33,0.048177,0.064582,0.619608,-1.993692,0.008814
230320_34,0.061198,0.048467,0.603922,-2.003914,0.003566
230320_35,0.070312,0.034496,0.584314,-2.140412,0.034212
230320_36,0.061198,0.065648,0.623529,-2.072778,0.04756
230320_37,0.063802,0.087144,0.658824,-2.026373,0.04673
230320_38,0.036458,0.108023,0.705882,-2.017369,0.050901
230320_39,0.058594,0.118209,0.709804,-1.968556,0.037281
230320_40,0.050781,0.132107,0.713726,-2.013135,0.070271
230320_41,0.03776,0.108452,0.670588,-2.302147,0.046994
230320_42,0.066406,0.061356,0.615686,-1.985603,0.067723
230320_43,0.033854,0.032772,0.568627,-2.169967,0.048825
230320_44,0.05599,0.04535,0.552941,-2.076542,0.040339
230320_45,0.059896,0.051748,0.572549,-1.929262,0.011488
230320_46,0.046875,0.044635,0.596078,-2.055433,0.021077
230320_47,0.03125,0.052748,0.592157,-2.137259,0.045987
230320_48,0.075521,0.057373,0.580392,-2.046912,0.058114
230320_49,0.070312,0.062497,0.498039,-2.388824,0.042414
230320_50,0.10026,0.082027,0.552941,-2.395551,0.100243
230320_51,0.040365,0.099224,0.647059,-1.691941,0.043055
230320_52,0.057292,0.095047,0.639216,-1.716406,0.048796
230320_53,0.03776,0.039904,0.682353,-2.85172,0.941771
230320_54,0.039062,0.088778,0.623529,-1.677388,0.04641
230320_55,0.067708,0.027786,0.639216,-2.943113,0.926048
230320_56,0.040365,0.078527,0.564706,-1.688546,0.018931
230320_57,0.050781,0.074579,0.592157,-1.652198,0.002447
230320_58,0.0625,0.097562,0.607843,-1.621857,0.005999
230320_59,0.076823,0.108763,0.635294,-1.594323,0.00505
230320_60,0.065104,0.115269,0.662745,-1.585855,0.005612
230320_61,0.027344,0.085747,0.67451,-2.792857,0.210291
230320_62,0.035156,0.08165,0.690196,-2.635732,0.243209
230320_63,0.070312,0.082062,0.678431,-2.657455,0.243682
230320_64,0.067708,0.110133,0.662745,-2.616009,0.216692
230320_65,0.074219,0.116044,0.694118,-2.437857,0.188601
230320_66,0.039062,0.108103,0.67451,-2.412338,0.228585
230320_67,0.036458,0.110922,0.678431,-2.41559,0.309522
230320_68,0.010417,0.1266,0.709804,-2.337569,0.195083
230320_69,0.03125,0.146364,0.729412,-2.459782,0.166172
230320_70,0.109375,0.18537,0.701961,-1.325038,0.009216
230320_71,0.080729,0.181678,0.733333,-1.355371,0.039583
230320_72,0.089844,0.143461,0.698039,-1.380884,0.042168
230320_73,0.095052,0.168561,0.733333,-1.392684,0.029132
230320_74,0.083333,0.122663,0.662745,-1.402219,0.045838
230320_75,0.080729,0.114623,0.682353,-1.483963,0.005583
230320_76,0.078125,0.141973,0.701961,-1.464451,0.002626
230320_77,0.065104,0.145312,0.709804,-1.444679,0.009375
230320_78,0.0625,0.141402,0.713726,-1.409848,0.012206
230320_79,0.041667,0.125128,0.698039,-1.422164,0.016032
230320_80,0.05599,0.088345,0.639216,-1.453187,0.038287
230320_81,0.05599,0.087172,0.611765,-1.413911,0.033152
230320_82,0.065104,0.151307,0.662745,-1.264471,0.002131
230320_83,0.075521,0.156099,0.690196,-1.203456,0.008039
230320_84,0.065104,0.095046,0.607843,-1.609697,0.012581
230320_85,0.076823,0.095487,0.611765,-1.483372,0.008789
230320_86,0.071615,0.12537,0.662745,-1.353009,0.007311
230320_87,0.063802,0.127041,0.65098,-1.347961,0.008935
230320_88,0.046875,0.154185,0.670588,-1.478064,0.003572
230320_89,0.065104,0.146384,0.658824,-1.44812,0.006707
230320_90,0.092448,0.157739,0.65098,-1.481948,0.019714
230320_91,0.046875,0.113679,0.741176,-2.556479,0.114257
230320_92,0.028646,0.152041,0.772549,-2.178031,0.2726
230320_93,0.039062,0.141435,0.764706,-2.047382,0.299196
230320_94,0.03125,0.122354,0.717647,-2.044047,0.260191
230320_95,0.022135,0.130207,0.717647,-2.019162,0.377622
230320_96,0.027344,0.123112,0.733333,-1.871409,0.379521
230320_97,0.03125,0.136424,0.74902,-1.724957,0.345285
230320_98,0.033854,0.113084,0.682353,-2.309965,0.203597
230320_99,0.105469,0.158619,0.772549,-2.357486,0.084876
230320_100,0.110677,0.129004,0.737255,-2.161882,0.177895
230320_101,0.106771,0.143227,0.768627,-2.160555,0.13091
230320_102,0.104167,0.128857,0.760784,-2.09579,0.132871
230320_103,0.105469,0.080907,0.690196,-1.910276,0.093304
230320_104,0.115885,0.074982,0.67451,-1.648988,0.127533
230320_105,0.098958,0.133022,0.721569,-1.694295,0.164698
230320_106,0.088542,0.171893,0.764706,-1.800095,0.169255
230320_107,0.085938,0.129793,0.686275,-1.845673,0.121217
230320_108,0.066406,0.153088,0.733333,-1.949728,0.287307
230320_109,0.0625,0.159854,0.705882,-1.961314,0.144768
230320_110,0.074219,0.089049,0.65098,-1.93284,0.031699
230320_111,0.079427,0.101552,0.65098,-1.780439,0.040655
230320_112,0.054688,0.13588,0.701961,-1.695931,0.092066
230320_113,0.065104,0.15527,0.717647,-1.644072,0.103929
230320_114,0.092448,0.163633,0.709804,-1.580195,0.081174
230320_115,0.075521,0.16703,0.698039,-1.641456,0.06809
230320_116,0.083333,0.136602,0.67451,-1.646684,0.044111
230320_117,0.098958,0.160671,0.690196,-2.396373,0.279118
230320_118,0.06901,0.158858,0.709804,-2.056104,0.201169
230320_119,0.041667,0.151471,0.705882,-1.928103,0.174687
230320_120,0.058594,0.128484,0.690196,-1.797305,0.269515
230320_121,0.0625,0.137815,0.694118,-1.953697,0.136479
230320_122,0.0625,0.136893,0.694118,-1.671666,0.087419
230320_123,0.095052,0.109282,0.635294,-1.508601,0.135059
230320_124,0.084635,0.097319,0.627451,-1.860964,0.076409
230320_125,0.049479,0.06488,0.737255,-3.33013,0.23466
230320_126,0.048177,0.099496,0.780392,-3.144125,0.255889
230320_127,0.041667,0.12665,0.803922,-3.123771,0.276351
230320_128,0.035156,0.103949,0.776471,-3.114092,0.323794
230320_129,0.026042,0.092046,0.733333,-3.109085,0.261349
230320_130,0.022135,0.108307,0.721569,-2.959937,0.341766
230320_131,0.023438,0.096816,0.72549,-2.828473,0.314266
230320_132,0.015625,0.111711,0.74902,-2.670751,0.341035
230320_133,0.029948,0.107629,0.662745,-2.709524,0.252404
230320_134,0.108073,0.181918,0.741176,-1.938179,0.045118
230320_135,0.098958,0.153198,0.717647,-1.81847,0.045668
230320_136,0.072917,0.184887,0.756863,-1.764355,0.054263
230320_137,0.083333,0.158821,0.733333,-1.764336,0.054584
230320_138,0.114583,0.094405,0.670588,-1.812757,0.04684
230320_139,0.104167,0.08326,0.682353,-1.8428,0.038335
230320_140,0.084635,0.130056,0.72549,-1.881892,0.056751
230320_141,0.08724,0.147687,0.760784,-1.7774,0.025572
230320_142,0.075521,0.108411,0.678431,-2.144301,0.038468
230320_143,0.054688,0.148501,0.686275,-2.065664,0.071586
230320_144,0.059896,0.088657,0.658824,-2.229934,0.036934
230320_145,0.0625,0.146825,0.721569,-2.17724,0.046048
230320_146,0.0625,0.158328,0.721569,-2.143896,0.085839
230320_147,0.065104,0.158559,0.717647,-2.139333,0.073803
230320_148,0.076823,0.113305,0.690196,-2.176897,0.037999
230320_149,0.082031,0.147055,0.67451,-1.547672,0.00642
230320_150,0.066406,0.13217,0.682353,-1.594252,0.087317
230320_151,0.044271,0.143007,0.682353,-1.710254,0.062199
230320_152,0.079427,0.119919,0.670588,-1.787977,0.022636
230320_153,0.071615,0.130445,0.666667,-1.902776,0.015974
230320_154,0.075521,0.124504,0.67451,-1.911431,0.021188
230320_155,0.076823,0.123192,0.678431,-1.8694,0.015098
230320_156,0.083333,0.093288,0.627451,-2.064282,0.063664
230320_157,0.075521,0.091387,0.627451,-2.074167,0.076872
230320_158,0.049479,0.135155,0.717647,-1.824202,0.036085
230320_159,0.03776,0.180723,0.768627,-1.728052,0.125983
230320_160,0.046875,0.15972,0.745098,-1.666076,0.095176
230320_161,0.03125,0.135133,0.694118,-1.712982,0.082881
230320_162,0.018229,0.138035,0.694118,-1.801616,0.159886
230320_163,0.02474,0.134642,0.717647,-1.839139,0.186912
230320_164,0.03125,0.14168,0.733333,-1.713117,0.197427
230320_165,0.032552,0.124348,0.670588,-1.956327,0.111337
230320_166,0.042969,0.205746,0.784314,-1.734622,0.022864
230320_167,0.0625,0.17583,0.709804,-1.463149,0.062109
230320_168,0.027344,0.188732,0.741176,-1.325125,0.049639
230320_169,0.041667,0.15219,0.717647,-1.17401,0.047549
230320_170,0.075521,0.102242,0.658824,-1.269911,0.028564
230320_171,0.076823,0.068761,0.643137,-1.335345,0.029655
230320_172,0.009115,0.098508,0.705882,-1.525408,0.004463
230320_173,0.015625,0.163563,0.776471,-1.370629,0.046149
230320_174,0.016927,0.116351,0.737255,-2.179653,0.230731
230320_175,0.007812,0.166022,0.756863,-1.562454,0.001077
230320_176,0.0,0.158298,0.737255,-1.546856,0.004987
230320_177,0.0,0.099757,0.662745,-1.38783,0.016888
230320_178,0.0,0.084988,0.654902,-1.569497,0.012189
230320_179,0.023438,0.102594,0.717647,-1.439867,0.019018
230320_180,0.048177,0.132792,0.729412,-1.125522,0.013798
230320_181,0.046875,0.113028,0.756863,-2.036923,0.026533
230320_182,0.041667,0.100216,0.741176,-2.411377,0.008853
230320_183,0.049479,0.093781,0.701961,-1.702335,0.002398
230320_184,0.010417,0.161438,0.705882,-2.003787,0.042472
230320_185,0.0,0.171267,0.737255,-1.809158,0.031864
230320_186,0.0,0.117137,0.721569,-2.100478,0.011374
230320_187,0.02474,0.131882,0.713726,-1.584925,0.010013
230320_188,0.018229,0.115625,0.721569,-1.850678,0.023962
230320_189,0.040365,0.134888,0.694118,-1.608514,0.065243
230320_190,0.03125,0.11208,0.701961,-1.508293,0.011938
230320_191,0.033854,0.086838,0.65098,-1.709162,0.035624
230320_192,0.03125,0.04133,0.643137,-1.82454,0.033923
230320_193,0.0,0.054066,0.729412,-2.855757,0.086994
230320_194,0.0,0.104759,0.784314,-2.21397,0.130445
230320_195,0.0,0.135038,0.807843,-2.39173,0.184114
230320_196,0.0,0.110939,0.792157,-2.341278,0.177208
230320_197,0.0,0.085065,0.745098,-2.359969,0.110991
230320_198,0.0,0.043482,0.74902,-2.350276,0.204167
230320_199,0.0,0.037062,0.737255,-2.497134,0.365847
230320_200,0.0,0.073243,0.764706,-2.092097,0.229982
230320_201,0.0,0.041559,0.698039,-2.903573,0.188481
230320_202,0.057292,0.196697,0.760784,-1.621284,0.030739
230320_203,0.03776,0.19051,0.733333,-1.601644,0.013605
230320_204,0.036458,0.109711,0.709804,-1.964041,0.02461
230320_205,0.035156,0.176183,0.741176,-1.683942,0.040987
230320_206,0.003906,0.16485,0.721569,-1.837609,0.079108
230320_207,0.022135,0.116338,0.662745,-1.951484,0.060001
230320_208,0.027344,0.104234,0.662745,-2.048731,0.089017
230320_209,0.036458,0.109531,0.717647,-2.123452,0.088803
230320_210,0.059896,0.135423,0.729412,-2.037674,0.129525
230320_211,0.044271,0.1267,0.764706,-2.252129,0.066264
230320_212,0.046875,0.106838,0.733333,-2.370067,0.0097
230320_213,0.05599,0.099397,0.705882,-2.19656,0.048364
230320_214,0.016927,0.168427,0.709804,-1.39118,0.001955
230320_215,0.014323,0.139317,0.717647,-1.677802,0.006973
230320_216,0.019531,0.126845,0.72549,-1.849556,0.007973
230320_217,0.052083,0.139076,0.698039,-1.54205,0.05789
230320_218,0.049479,0.120232,0.709804,-1.772088,0.04129
230320_219,0.035156,0.086355,0.654902,-2.042359,0.025245
230320_220,0.03125,0.047573,0.65098,-2.07198,0.045275
230320_221,0.0,0.073612,0.72549,-2.397512,0.053033
230320_222,0.0,0.125278,0.768627,-2.033523,0.149204
230320_223,0.0,0.145821,0.792157,-2.175452,0.194896
230320_224,0.0,0.138786,0.776471,-2.025858,0.168846
230320_225,0.0,0.102781,0.733333,-2.117707,0.115082
230320_226,0.0,0.06501,0.741176,-2.097445,0.20332
230320_227,0.0,0.06179,0.729412,-2.162236,0.231758
230320_228,0.0,0.111927,0.760784,-1.860392,0.202158
230320_229,0.0,0.054962,0.698039,-2.582224,0.169455
230321_1,0.013021,0.000348,0.45098,-2.128507,0.147563
230321_2,0.011719,0.000459,0.498039,-2.233654,0.145218
230321_3,0.0,0.000773,0.470588,-2.334594,0.17694
230321_4,0.0,0.000374,0.47451,-2.147817,0.201819
230321_5,0.0,5.7e-05,0.478431,-2.06098,0.199969
230321_6,0.0,7e-05,0.470588,-2.245891,0.184202
230321_7,0.0,0.0,0.356863,-2.612997,0.147032
230321_8,0.022135,0.0,0.337255,-2.650436,0.237149
230321_9,0.014323,6.4e-05,0.498039,-2.363996,0.078066
230321_10,0.0,0.001578,0.588235,-2.066587,0.036492
230321_11,0.0,4.7e-05,0.490196,-2.907724,0.057546
230321_12,0.013021,3.1e-05,0.380392,-2.832273,0.035957
230321_13,0.0,3.4e-05,0.478431,-2.905414,0.142785
230321_14,0.0,7.5e-05,0.458824,-2.686298,0.131245
230321_15,0.0,0.000165,0.521569,-2.072464,0.157957
230321_16,0.013021,0.00045,0.513726,-2.116552,0.087525
230328_1,0.0,0.00097,0.556863,-1.785189,0.219387
230328_2,0.0,3.6e-05,0.541176,-1.993086,0.223974
230328_3,0.0,4e-06,0.556863,-2.089275,0.204003
230328_4,0.0,1.4e-05,0.52549,-2.031234,0.267939
230328_5,0.0,2.8e-05,0.52549,-1.946886,0.231534
230328_6,0.0,5.6e-05,0.572549,-2.142113,0.170311
230328_7,0.0,0.0011,0.537255,-1.805711,0.216863
230328_8,0.0,1.1e-05,0.580392,-2.241095,0.200906
230328_9,0.0,8.4e-05,0.537255,-1.827141,0.219477
230328_10,0.0,2e-05,0.529412,-1.96075,0.222265
230328_11,0.0,3e-06,0.52549,-1.997262,0.248186
230328_12,0.0,8e-06,0.505882,-2.040657,0.215201
230328_13,0.0,0.0,0.439216,-2.337285,0.214022
230328_14,0.0,1e-06,0.47451,-2.016561,0.205722
230328_15,0.0,0.000257,0.533333,-1.908999,0.221963
230328_16,0.0,0.0,0.509804,-2.14446,0.279745
230328_17,0.0,0.0,0.501961,-2.132921,0.27669
230328_18,0.0,0.0,0.486275,-2.1588,0.238657
230328_19,0.0,0.0,0.443137,-2.349129,0.246904
230328_20,0.0,0.0,0.478431,-2.350136,0.240835
230328_21,0.0,0.0,0.505882,-2.085687,0.209343
230328_22,0.0,0.0,0.47451,-2.084487,0.231815
230328_23,0.0,0.0,0.501961,-2.537312,0.29179
230328_24,0.0,0.0,0.482353,-2.238943,0.243184
230329_1,0.105469,0.000211,0.596078,-1.822701,0.23287
230329_2,0.109375,3e-06,0.482353,-2.048072,0.236887
230329_3,0.114583,0.0,0.396078,-2.363227,0.282506
230329_4,0.071615,0.000187,0.572549,-2.23562,0.299446
230329_5,0.114583,0.003231,0.643137,-1.941504,0.299581
230329_6,0.135417,0.006972,0.643137,-2.058084,0.296562
230329_7,0.0625,0.0,0.517647,-2.037387,0.310584
230329_8,0.053385,1.3e-05,0.552941,-2.353921,0.315859
230329_9,0.061198,0.000139,0.564706,-2.074059,0.29089
230329_10,0.0625,0.000173,0.572549,-2.408685,0.041547
230329_11,0.125,2.7e-05,0.584314,-2.055453,0.023846
230329_12,0.088542,0.0,0.501961,-2.425157,0.091104
230403_1,0.092448,0.0,0.509804,-1.486082,0.218965
230403_2,0.061198,0.000253,0.517647,-1.524424,0.202092
230403_3,0.078125,2.5e-05,0.564706,-2.211743,0.365012
230403_4,0.136719,6e-06,0.513726,-1.949157,0.370932
230403_5,0.085938,3e-06,0.521569,-2.24311,0.365296
230403_6,0.066406,0.0,0.478431,-2.24629,0.383664
230403_7,0.167969,6.9e-05,0.509804,-1.812703,0.35403
230403_8,0.045573,1e-06,0.556863,-1.923426,0.361678
230403_9,0.050781,0.0,0.537255,-1.774825,0.335403
230403_10,0.083333,1e-05,0.52549,-2.116072,0.412168
230403_11,0.074219,0.0,0.529412,-2.005411,0.349467
230403_12,0.057292,0.0,0.552941,-1.949286,0.247462
230405_1,0.105469,0.153867,0.741176,-1.482915,0.000115
230405_2,0.097656,0.159307,0.737255,-1.427884,0.008047
230405_3,0.136719,0.137592,0.678431,-1.72015,0.009353
230405_4,0.113281,0.119418,0.682353,-1.619859,0.010368
230405_5,0.125,0.113468,0.694118,-1.490745,0.020873
230405_6,0.134115,0.097424,0.658824,-1.528983,0.027285
230405_7,0.134115,0.083711,0.627451,-1.502209,0.003572
230405_8,0.139323,0.086845,0.611765,-1.447036,0.020381
230405_9,0.139323,0.086816,0.611765,-1.447656,0.018799
230405_10,0.157552,0.143368,0.74902,-1.665118,0.011402
230405_11,0.139323,0.116703,0.713726,-1.656141,0.01568
230405_12,0.127604,0.124063,0.717647,-1.65583,0.016055
230405_13,0.125,0.107545,0.701961,-1.527148,0.031096
230405_14,0.11849,0.109032,0.698039,-1.529053,0.014256
230405_15,0.11849,0.158859,0.74902,-1.520029,0.013287
230405_16,0.075521,0.181159,0.768627,-1.51017,0.011816
230405_17,0.105469,0.157228,0.752941,-1.389001,0.012195
230405_18,0.117188,0.173936,0.756863,-1.633537,0.002362
230405_19,0.143229,0.217395,0.796078,-1.524243,0.053794
230405_20,0.154948,0.193474,0.780392,-1.351726,0.038616
230405_21,0.139323,0.189996,0.788235,-1.455308,0.012323
230405_22,0.154948,0.218513,0.807843,-1.506137,0.018506
230405_23,0.119792,0.193038,0.784314,-1.482043,0.016911
230405_24,0.095052,0.194525,0.784314,-1.60958,0.026459
230405_25,0.078125,0.250042,0.831373,-1.827728,0.053487
230405_26,0.153646,0.242793,0.803922,-1.806532,0.054053
230405_27,0.132812,0.116606,0.756863,-2.267946,0.03036
230405_28,0.117188,0.096929,0.701961,-1.986316,0.026973
230405_29,0.164062,0.090659,0.690196,-1.956814,0.013957
230405_30,0.166667,0.150272,0.764706,-2.001296,0.046969
230405_31,0.161458,0.14682,0.788235,-2.106842,0.059443
230405_32,0.157552,0.109844,0.756863,-2.397154,0.049802
230405_33,0.106771,0.147709,0.792157,-2.310552,0.061025
230405_34,0.079427,0.191077,0.803922,-2.272048,0.153534
230405_35,0.106771,0.159738,0.803922,-2.410394,0.109599
230405_36,0.03125,0.06788,0.435294,-1.777787,0.269705
230405_37,0.005208,0.113935,0.576471,-1.807444,0.179716
230405_38,0.0,0.120588,0.6,-1.59341,0.261864
230405_39,0.0,0.134262,0.639216,-1.701116,0.241947
230405_40,0.0,0.139453,0.643137,-1.570487,0.256386
230405_41,0.0,0.137665,0.639216,-1.591247,0.256468
230405_42,0.002604,0.131783,0.615686,-1.593935,0.249408
230405_43,0.007812,0.136149,0.631373,-1.790453,0.23516
230405_44,0.0,0.158833,0.678431,-1.62046,0.250992
230405_45,0.0,0.173401,0.698039,-1.847945,0.212636
230405_46,0.0,0.15928,0.666667,-1.432545,0.296732
230405_47,0.0,0.156403,0.643137,-1.607429,0.267813
230405_48,0.03125,0.054923,0.388235,-1.905153,0.31016
230405_49,0.019531,0.08389,0.478431,-1.542063,0.272953
230405_50,0.0,0.142596,0.607843,-1.409996,0.29238
230405_51,0.001302,0.188953,0.662745,-1.447716,0.247185
230405_52,0.013021,0.167061,0.619608,-1.000614,0.396863
230405_53,0.022135,0.2133,0.670588,-1.489207,0.207911
230405_54,0.029948,0.16074,0.611765,-1.033309,0.369583
230405_55,0.029948,0.200572,0.658824,-1.54911,0.21029
230405_56,0.022135,0.215898,0.67451,-1.581414,0.187284
230405_57,0.013021,0.18176,0.639216,-1.032937,0.403335
230405_58,0.003906,0.201939,0.662745,-1.178559,0.371512
230405_59,0.002604,0.159966,0.603922,-1.076926,0.383976
230405_60,0.003906,0.169444,0.607843,-1.240985,0.324367
230405_61,0.029948,0.064416,0.341176,-1.48162,0.337289
230405_62,0.02474,0.056733,0.458824,-1.725801,0.248543
230405_63,0.0,0.127764,0.647059,-1.456835,0.311517
230405_64,0.0,0.125954,0.65098,-1.401089,0.358099
230405_65,0.0,0.124535,0.631373,-1.28441,0.370611
230405_66,0.0,0.129621,0.670588,-1.604189,0.290059
230405_67,0.0,0.131931,0.694118,-1.728738,0.288131
230405_68,0.0,0.126929,0.694118,-1.613541,0.328399
230405_69,0.0,0.147457,0.694118,-1.631759,0.319645
230405_70,0.0,0.203603,0.72549,-1.817714,0.225229
230405_71,0.001302,0.195602,0.713726,-1.419379,0.302665
230405_72,0.0,0.196115,0.678431,-1.229601,0.322377
230405_73,0.003906,0.20999,0.627451,-1.744764,0.214172
230405_74,0.130208,0.102753,0.298039,-1.705715,0.252486
230405_75,0.042969,0.054019,0.384314,-1.890458,0.259651
230405_76,0.00651,0.161719,0.627451,-1.700717,0.29316
230405_77,0.0,0.170347,0.65098,-1.574865,0.30707
230405_78,0.0,0.185855,0.662745,-1.528212,0.265974
230405_79,0.0,0.175184,0.639216,-1.193118,0.396458
230405_80,0.0,0.172863,0.639216,-1.173028,0.388352
230405_81,0.0,0.191081,0.67451,-1.371217,0.318993
230405_82,0.003906,0.181755,0.662745,-1.368199,0.349868
230405_83,0.015625,0.202853,0.686275,-1.412458,0.284306
230405_84,0.019531,0.187721,0.682353,-1.403985,0.332214
230405_85,0.03125,0.193638,0.65098,-1.465274,0.252174
230405_86,0.023438,0.212797,0.682353,-1.52211,0.305166
230405_87,0.084635,0.10192,0.388235,-1.960437,0.280483
230405_88,0.013021,0.062368,0.447059,-1.778857,0.232522
230405_89,0.0,0.099646,0.588235,-1.907078,0.194547
230405_90,0.0,0.116018,0.631373,-2.092205,0.227112
230405_91,0.0,0.132894,0.654902,-1.732456,0.279129
230405_92,0.0,0.139281,0.658824,-1.570246,0.32858
230405_93,0.0,0.137896,0.666667,-1.763017,0.294231
230405_94,0.001302,0.12816,0.643137,-1.779553,0.262281
230405_95,0.003906,0.132734,0.65098,-1.907737,0.252047
230405_96,0.003906,0.166089,0.717647,-2.011891,0.214282
230405_97,0.0,0.17953,0.737255,-2.297471,0.176381
230405_98,0.0,0.194871,0.737255,-2.005228,0.225551
230405_99,0.0,0.176488,0.701961,-2.238893,0.185315
230405_100,0.016927,0.07675,0.517647,-2.041655,0.24847
230405_101,0.0,0.153014,0.658824,-1.792694,0.24474
230405_102,0.0,0.152695,0.658824,-1.792273,0.2492
230405_103,0.0,0.205734,0.713726,-1.916636,0.20665
230405_104,0.002604,0.233337,0.737255,-1.93879,0.184567
230405_105,0.00651,0.213418,0.694118,-1.516163,0.246058
230405_106,0.003906,0.216068,0.705882,-1.613684,0.271517
230405_107,0.001302,0.200268,0.678431,-1.465146,0.281329
230405_108,0.0,0.217494,0.701961,-1.639233,0.21578
230405_109,0.0,0.233239,0.733333,-1.651135,0.267895
230405_110,0.0,0.238049,0.737255,-1.882694,0.183356
230405_111,0.002604,0.22944,0.72549,-1.873972,0.214083
230405_112,0.002604,0.21979,0.709804,-1.984571,0.159013
230405_113,0.022135,0.052121,0.47451,-1.978365,0.262917
230405_114,0.0,0.138335,0.65098,-1.392825,0.359171
230405_115,0.0,0.143098,0.670588,-1.504703,0.345246
230405_116,0.0,0.140141,0.670588,-1.551954,0.332726
230405_117,0.0,0.145807,0.694118,-1.608079,0.326814
230405_118,0.0,0.140489,0.717647,-1.842461,0.287133
230405_119,0.0,0.140453,0.717647,-1.843998,0.2861
230405_120,0.0,0.139843,0.717647,-1.837101,0.294231
230405_121,0.0,0.166536,0.72549,-1.959833,0.256448
230405_122,0.0,0.201977,0.729412,-1.697169,0.289561
230405_123,0.0,0.241819,0.760784,-1.702115,0.289323
230405_124,0.0,0.216808,0.705882,-1.510591,0.242571
230405_125,0.002604,0.187403,0.639216,-1.772854,0.169042
230405_126,0.035156,0.045991,0.415686,-2.600956,0.262703
230405_127,0.009115,0.164117,0.678431,-2.571377,0.208628
230405_128,0.001302,0.180927,0.705882,-2.339076,0.210734
230405_129,0.0,0.189728,0.67451,-1.550108,0.260296
230405_130,0.0,0.236265,0.733333,-1.750432,0.266992
230405_131,0.0,0.203411,0.701961,-1.558664,0.294733
230405_132,0.0,0.22214,0.729412,-1.687629,0.278973
230405_133,0.002604,0.219346,0.72549,-1.790192,0.267944
230405_134,0.013021,0.222775,0.729412,-1.776397,0.229239
230405_135,0.019531,0.218201,0.737255,-1.868706,0.214583
230405_136,0.035156,0.208059,0.666667,-1.624087,0.236618
230405_137,0.032552,0.206656,0.666667,-1.545926,0.305709
230405_138,0.095052,0.098689,0.372549,-1.996677,0.286466
230411_1,0.182292,0.012798,0.262745,-2.124159,0.393906
230411_2,0.019531,0.068645,0.529412,-1.67096,0.306243
230411_3,0.02474,0.067201,0.482353,-1.503245,0.276896
230411_4,0.011719,0.06131,0.501961,-1.414276,0.303314
230411_5,0.002604,0.062883,0.494118,-1.393524,0.297163
230411_6,0.002604,0.069415,0.509804,-1.573192,0.292928
230411_7,0.007812,0.072522,0.482353,-1.174257,0.331242
230411_8,0.010417,0.069327,0.498039,-1.240218,0.331472
230411_9,0.0,0.080293,0.521569,-1.301063,0.340647
230411_10,0.197917,0.016902,0.239216,-1.981539,0.340358
230411_11,0.001302,0.084409,0.517647,-1.524484,0.254697
230411_12,0.003906,0.097624,0.576471,-1.625926,0.112243
230411_13,0.023438,0.107869,0.545098,-1.485911,0.227743
230411_14,0.03776,0.12559,0.552941,-1.439651,0.239502
230411_15,0.028646,0.122938,0.54902,-1.436171,0.202672
230411_16,0.011719,0.129208,0.556863,-1.385412,0.220313
230411_17,0.052083,0.114005,0.517647,-1.282475,0.265619
230411_18,0.03125,0.118399,0.533333,-1.268067,0.271604
230411_19,0.083333,0.050077,0.317647,-1.615985,0.26724
230411_20,0.029948,0.058208,0.486275,-1.449688,0.367153
230411_21,0.002604,0.060233,0.541176,-1.516802,0.305164
230411_22,0.002604,0.055403,0.533333,-1.488266,0.323362
230411_23,0.018229,0.049236,0.486275,-1.518368,0.315992
230411_24,0.009115,0.056516,0.556863,-1.571084,0.317318
230411_25,0.001302,0.053207,0.552941,-1.610496,0.310858
230411_26,0.0,0.06626,0.560784,-1.676059,0.300597
230411_27,0.002604,0.102715,0.568627,-1.498083,0.304038
230411_28,0.016927,0.134654,0.584314,-1.461259,0.25814
230411_29,0.05599,0.079517,0.435294,-1.248346,0.309234
230411_30,0.06901,0.057674,0.45098,-1.973129,0.333107
230411_31,0.044271,0.062932,0.494118,-1.896613,0.288666
230411_32,0.032552,0.079811,0.509804,-1.719241,0.312198
230411_33,0.029948,0.066531,0.513726,-1.840652,0.212029
230411_34,0.03125,0.083295,0.478431,-1.270024,0.35824
230411_35,0.022135,0.080663,0.482353,-1.383335,0.301338
230411_36,0.020833,0.083588,0.490196,-1.427728,0.323242
230411_37,0.032552,0.086213,0.501961,-1.416364,0.293634
230411_38,0.033854,0.091339,0.482353,-1.511834,0.23874
230411_39,0.054688,0.061994,0.443137,-1.85151,0.278927
230411_40,0.041667,0.049398,0.458824,-1.743979,0.32668
230411_41,0.016927,0.057152,0.533333,-1.883282,0.249492
230411_42,0.014323,0.061158,0.529412,-1.481416,0.339952
230411_43,0.003906,0.048784,0.54902,-1.999636,0.241287
230411_44,0.0,0.065388,0.541176,-1.562463,0.320919
230411_45,0.005208,0.063389,0.54902,-1.73982,0.258217
230411_46,0.002604,0.056894,0.568627,-2.027339,0.195228
230411_47,0.003906,0.063414,0.588235,-1.955913,0.21683
230411_48,0.00651,0.088351,0.568627,-1.497441,0.30705
230411_49,0.003906,0.076705,0.541176,-1.705325,0.258056
230411_50,0.020833,0.0524,0.45098,-2.044833,0.270579
230411_51,0.0,0.085818,0.596078,-1.899536,0.227872
230411_52,0.001302,0.087121,0.576471,-1.737423,0.243354
230411_53,0.016927,0.121292,0.623529,-1.901419,0.202818
230411_54,0.027344,0.12525,0.560784,-1.213793,0.345476
230411_55,0.033854,0.117711,0.6,-1.696734,0.232271
230411_56,0.019531,0.13371,0.584314,-1.327184,0.323057
230411_57,0.00651,0.125449,0.607843,-1.727977,0.215763
230411_58,0.013021,0.12788,0.603922,-1.686046,0.21616
230411_59,0.032552,0.117961,0.568627,-1.477587,0.254802
230411_60,0.036458,0.041621,0.470588,-2.042407,0.261416
230411_61,0.020833,0.058072,0.584314,-1.675125,0.257872
230411_62,0.015625,0.051127,0.560784,-1.60018,0.275998
230411_63,0.002604,0.038935,0.521569,-1.741667,0.245477
230411_64,0.001302,0.049128,0.552941,-1.71997,0.299869
230411_65,0.0,0.042356,0.568627,-1.825481,0.277073
230411_66,0.0,0.053271,0.556863,-1.793549,0.28078
230411_67,0.003906,0.089296,0.545098,-1.573563,0.281591
230411_68,0.005208,0.120911,0.588235,-1.802719,0.23186
230411_69,0.00651,0.090431,0.517647,-1.614272,0.239089
230411_70,0.045573,0.03137,0.447059,-2.755668,0.267225
230411_71,0.023438,0.041746,0.509804,-2.699815,0.245533
230411_72,0.032552,0.05256,0.541176,-2.579074,0.16624
230411_73,0.032552,0.058318,0.521569,-2.145486,0.201631
230411_74,0.029948,0.079891,0.545098,-1.942989,0.17252
230411_75,0.023438,0.073336,0.517647,-1.678028,0.201611
230411_76,0.015625,0.075104,0.556863,-2.144991,0.145503
230411_77,0.028646,0.078678,0.54902,-1.89831,0.16519
230411_78,0.032552,0.075226,0.52549,-1.978235,0.160399
230411_79,0.052083,0.08864,0.529412,-2.320301,0.191115
230419_1,0.035156,0.234392,0.784314,-1.565875,0.042651
230419_2,0.052083,0.213126,0.756863,-1.595497,0.05953
230419_3,0.050781,0.200855,0.756863,-1.523316,0.054669
230419_4,0.026042,0.186136,0.752941,-1.572602,0.053253
230419_5,0.032552,0.16378,0.717647,-1.596027,0.031473
230419_6,0.072917,0.218636,0.788235,-1.57334,0.035221
230419_7,0.070312,0.202942,0.784314,-1.520487,0.036864
230419_8,0.079427,0.172448,0.768627,-1.619549,0.04354
230419_9,0.078125,0.162764,0.745098,-1.33216,0.038819
230419_10,0.0625,0.179323,0.764706,-1.585824,0.01925
230419_11,0.10026,0.147682,0.752941,-1.401699,0.006269
230419_12,0.085938,0.158638,0.756863,-1.545251,0.020771
230419_13,0.05599,0.110591,0.752941,-1.699977,0.044226
230419_14,0.050781,0.135028,0.768627,-1.723168,0.042371
230419_15,0.065104,0.147402,0.768627,-1.807278,0.031228
230419_16,0.08724,0.133395,0.760784,-1.618061,0.019425
230419_17,0.083333,0.086311,0.721569,-1.69833,0.018759
230419_18,0.154948,0.05954,0.65098,-1.767596,0.011782
230419_19,0.074219,0.096615,0.756863,-1.967051,0.080404
230419_20,0.078125,0.064472,0.709804,-2.099893,0.105189
230419_21,0.063802,0.047578,0.709804,-2.146455,0.101286
230419_22,0.058594,0.034782,0.713726,-2.043307,0.105003
230419_23,0.097656,0.049942,0.678431,-2.145224,0.106333
230419_24,0.080729,0.154724,0.776471,-1.883026,0.055097
230419_25,0.083333,0.188052,0.784314,-1.684424,0.040457
230419_26,0.11849,0.135254,0.72549,-1.826255,0.024333
230419_27,0.121094,0.078199,0.686275,-1.733922,0.008568
230419_28,0.188802,0.058975,0.678431,-2.039616,0.094123
230419_29,0.065104,0.159679,0.768627,-1.968678,0.095399
230419_30,0.0625,0.174656,0.784314,-1.871396,0.093069
230419_31,0.05599,0.187293,0.8,-1.668384,0.062426
230419_32,0.033854,0.100152,0.737255,-1.677688,0.045541
230419_33,0.015625,0.068008,0.733333,-1.59799,0.02121
230419_34,0.089844,0.091802,0.709804,-1.497179,0.001843
230419_35,0.023438,0.144737,0.760784,-1.656721,0.035874
230419_36,0.009115,0.133066,0.745098,-1.634736,0.019219
230419_37,0.016927,0.165056,0.756863,-1.417158,0.006766
230419_38,0.032552,0.115704,0.72549,-1.278436,0.001866
230419_39,0.042969,0.074525,0.709804,-1.380693,0.007111
230419_40,0.041667,0.089704,0.737255,-1.448703,0.055363
230419_41,0.036458,0.081365,0.72549,-1.611133,0.058582
230419_42,0.065104,0.08031,0.729412,-1.764659,0.081154
230419_43,0.059896,0.066611,0.72549,-2.002859,0.067659
230419_44,0.014323,0.108091,0.741176,-1.703748,0.018155
230419_45,0.048177,0.15331,0.752941,-1.617077,0.007905
230419_46,0.005208,0.133965,0.752941,-1.667489,0.023267
230419_47,0.0,0.10318,0.729412,-1.82175,0.016317
230419_48,0.018229,0.09304,0.721569,-2.072128,0.039345
230419_49,0.045573,0.072801,0.713726,-2.289915,0.052854
230419_50,0.053385,0.065646,0.721569,-2.351072,0.117126
230419_51,0.08724,0.070886,0.701961,-2.38211,0.149933
230419_52,0.029948,0.079301,0.717647,-2.119576,0.172056
230419_53,0.03776,0.081375,0.423529,-1.454621,0.30278
230419_54,0.036458,0.143426,0.560784,-1.457993,0.268036
230419_55,0.015625,0.145163,0.588235,-1.608818,0.241365
230419_56,0.0,0.15822,0.607843,-1.571197,0.224944
230419_57,0.007812,0.161653,0.627451,-1.567844,0.200694
230419_58,0.029948,0.16485,0.635294,-1.561697,0.214377
230419_59,0.0,0.17288,0.65098,-1.55542,0.230222
230419_60,0.001302,0.162889,0.654902,-1.5754,0.224362
230419_61,0.25,0.09838,0.439216,-1.393005,0.239796
230419_62,0.104167,0.064228,0.356863,-1.489512,0.308708
230419_63,0.13151,0.090702,0.458824,-1.797146,0.256457
230419_64,0.032552,0.106632,0.576471,-1.942993,0.23642
230419_65,0.040365,0.137975,0.584314,-1.861307,0.214114
230419_66,0.020833,0.134109,0.580392,-1.601625,0.19314
230419_67,0.005208,0.136058,0.596078,-1.613724,0.199471
230419_68,0.027344,0.159228,0.615686,-1.629377,0.205488
230419_69,0.029948,0.160557,0.607843,-1.548662,0.217519
230419_70,0.029948,0.143818,0.580392,-1.358971,0.247528
230419_71,0.042969,0.075783,0.372549,-1.1634,0.352821
230419_72,0.091146,0.099745,0.52549,-1.822873,0.289265
230419_73,0.09375,0.102526,0.537255,-2.010879,0.272155
230419_74,0.075521,0.099547,0.54902,-2.029412,0.257573
230419_75,0.083333,0.081679,0.580392,-2.172126,0.229709
230419_76,0.097656,0.083029,0.576471,-2.011406,0.243223
230419_77,0.054688,0.112808,0.560784,-1.560574,0.233314
230419_78,0.007812,0.086737,0.552941,-1.304061,0.270962
230419_79,0.035156,0.081217,0.521569,-1.21531,0.33334
230419_80,0.188802,0.020264,0.305882,-3.103017,0.43111
230419_81,0.210938,0.04022,0.403922,-3.088668,0.387529
230419_82,0.0,0.132109,0.552941,-1.079118,0.324965
230419_83,0.005208,0.140607,0.568627,-1.137758,0.315472
230419_84,0.0,0.151838,0.596078,-1.149631,0.321452
230419_85,0.003906,0.144178,0.584314,-1.037042,0.330388
230419_86,0.015625,0.142143,0.576471,-1.063201,0.333997
230419_87,0.083333,0.134123,0.552941,-1.038164,0.326134
230419_88,0.242188,0.119237,0.454902,-1.0578,0.295582
230419_89,0.108073,0.062295,0.419608,-1.877466,0.250309
230419_90,0.022135,0.09506,0.607843,-1.777824,0.253756
230419_91,0.001302,0.029428,0.607843,-3.036106,0.883556
230419_92,0.002604,0.082902,0.584314,-1.609936,0.256863
230419_93,0.0,0.047061,0.572549,-3.069528,0.888819
230419_94,0.0,0.085651,0.552941,-1.655685,0.250614
230419_95,0.002604,0.09907,0.552941,-1.490363,0.246513
230419_96,0.214844,0.094259,0.419608,-1.46621,0.250328
230419_97,0.119792,0.098663,0.505882,-1.421246,0.273181
230419_98,0.3125,0.090978,0.360784,-1.564271,0.247305
230419_99,0.071615,0.083342,0.423529,-1.706996,0.348396
230419_100,0.0,0.12812,0.654902,-1.453398,0.315236
230419_101,0.032552,0.108486,0.588235,-1.406074,0.354741
230419_102,0.0625,0.119698,0.52549,-1.189146,0.380393
230419_103,0.014323,0.133948,0.592157,-1.001462,0.390145
230419_104,0.03776,0.127808,0.580392,-1.032384,0.387139
230419_105,0.020833,0.127888,0.568627,-1.0058,0.382055
230419_106,0.002604,0.126124,0.564706,-1.043483,0.372213
230419_107,0.009115,0.131298,0.584314,-1.14169,0.351028
230419_108,0.123698,0.066495,0.352941,-1.598706,0.298335
230419_109,0.023438,0.108644,0.541176,-1.201246,0.329527
230419_110,0.036458,0.090827,0.521569,-1.166997,0.347989
230419_111,0.026042,0.089265,0.490196,-1.094316,0.354911
230419_112,0.020833,0.094584,0.505882,-1.158427,0.354617
230419_113,0.0625,0.101318,0.517647,-1.118497,0.338076
230419_114,0.049479,0.099581,0.505882,-1.055222,0.332641
230419_115,0.022135,0.102194,0.533333,-1.160429,0.315457
230419_116,0.160156,0.078954,0.380392,-1.815474,0.25763
230419_117,0.03125,0.152414,0.65098,-1.552059,0.278833
230419_118,0.019531,0.145407,0.639216,-1.525323,0.281795
230419_119,0.041667,0.121766,0.588235,-1.545282,0.297271
230419_120,0.079427,0.121944,0.560784,-1.495634,0.281672
230419_121,0.057292,0.132977,0.588235,-1.415607,0.317231
230419_122,0.072917,0.126326,0.580392,-1.468043,0.319921
230419_123,0.061198,0.135582,0.6,-1.423087,0.314129
230419_124,0.053385,0.13401,0.607843,-1.499189,0.272098
230424_1,0.096354,0.106528,0.572549,-1.538388,0.015618
230424_2,0.05599,0.024915,0.662745,-2.87272,0.92176
230424_3,0.041667,0.058561,0.607843,-1.768905,0.008451
230424_4,0.041667,0.026752,0.639216,-3.170041,0.911745
230424_5,0.067708,0.031984,0.678431,-2.85731,0.8942
230424_6,0.042969,0.078253,0.643137,-1.591256,0.026822
230424_7,0.050781,0.077918,0.67451,-2.821687,0.930293
230424_8,0.057292,0.119204,0.623529,-1.360083,0.013442
230424_9,0.0625,0.050969,0.678431,-2.756581,0.064641
230424_10,0.074219,0.052695,0.52549,-1.766498,0.007924
230424_11,0.089844,0.034701,0.47451,-1.948612,0.033411
230424_12,0.075521,0.046452,0.490196,-2.107539,0.015651
230424_13,0.139323,0.0298,0.454902,-2.163219,0.025319
230424_14,0.13151,0.059419,0.505882,-2.180596,0.009728
230424_15,0.084635,0.054601,0.552941,-2.077415,0.035724
230424_16,0.356771,0.05305,0.329412,-2.1364,0.032339
230424_17,0.299479,0.047579,0.345098,-2.143975,0.002416
230424_18,0.299479,0.056507,0.443137,-1.890377,0.022818
230424_19,0.104167,0.090535,0.619608,-1.79672,0.011845
230424_20,0.052083,0.02839,0.513726,-2.156518,0.01866
230424_21,0.046875,0.003716,0.545098,-3.381806,0.859811
230424_22,0.048177,0.014271,0.521569,-2.174415,0.014539
230424_23,0.02474,1.8e-05,0.533333,-3.630328,0.83825
230424_24,0.061198,0.015179,0.537255,-2.199067,0.017824
230424_25,0.063802,0.006762,0.556863,-3.227745,0.725835
230424_26,0.074219,0.030187,0.592157,-3.498648,0.8597
230424_27,0.105469,0.038404,0.478431,-2.390757,0.00162
230424_28,0.117188,0.074903,0.607843,-1.955333,0.006203
230424_29,0.101562,0.067811,0.541176,-1.802563,0.020926
230424_30,0.119792,0.055686,0.513726,-1.812388,0.008601
230424_31,0.097656,0.040166,0.482353,-2.009932,0.009949
230424_32,0.074219,0.060252,0.552941,-2.018822,0.006274
230424_33,0.053385,0.044201,0.54902,-2.083336,0.027764
230424_34,0.074219,0.094666,0.619608,-1.974166,0.015818
230424_35,0.032552,0.142986,0.647059,-1.83622,0.024824
230424_36,0.138021,0.118568,0.560784,-1.699695,0.003561
230424_37,0.217448,0.050863,0.513726,-1.794721,0.030369
230424_38,0.066406,0.058282,0.635294,-2.977774,0.932974
230424_39,0.067708,0.08042,0.564706,-1.67121,0.031339
230424_40,0.097656,0.060777,0.537255,-1.784819,0.02649
230424_41,0.158854,0.071597,0.498039,-1.800573,0.027707
230424_42,0.473958,0.048927,0.105882,-1.887775,0.04202
230424_43,0.248698,0.063904,0.443137,-1.667835,0.02641
230424_44,0.260417,0.109636,0.592157,-1.83034,0.055916
230424_45,0.08724,0.101004,0.615686,-1.313984,0.022829
230424_46,0.085938,0.100856,0.564706,-1.384125,0.005868
230424_47,0.078125,0.09599,0.545098,-1.440506,0.010511
230424_48,0.065104,0.092152,0.556863,-1.547138,0.007821
230424_49,0.039062,0.089125,0.568627,-1.768678,0.003379
230424_50,0.109375,0.078922,0.54902,-1.838291,0.009522
230424_51,0.09375,0.095013,0.568627,-1.817321,0.016824
230424_52,0.144531,0.114679,0.564706,-1.766021,0.038076
230424_53,0.230469,0.115863,0.541176,-1.601621,0.061021
230424_54,0.108073,0.09311,0.6,-1.808951,0.014578
230424_55,0.088542,0.079722,0.615686,-1.88902,1.8e-05
230424_56,0.045573,0.028135,0.654902,-3.279424,0.907116
230424_57,0.029948,0.032604,0.592157,-2.072003,0.029183
230424_58,0.029948,0.016127,0.623529,-3.364783,0.888915
230424_59,0.03776,0.030066,0.686275,-3.286519,0.899258
230424_60,0.03776,0.064023,0.654902,-1.984838,0.016439
230424_61,0.075521,0.100155,0.67451,-1.577335,0.009971
230424_62,0.080729,0.108543,0.662745,-1.945529,0.021768
230424_63,0.065104,0.050564,0.541176,-2.25069,0.000605
230424_64,0.080729,0.032497,0.478431,-2.389653,0.094696
230424_65,0.072917,0.043143,0.490196,-2.493285,0.069694
230424_66,0.141927,0.02474,0.45098,-2.617495,0.114607
230424_67,0.110677,0.050104,0.52549,-2.513159,0.06066
230424_68,0.074219,0.048803,0.568627,-2.525954,0.057876
230424_69,0.345052,0.043991,0.313726,-2.560294,0.09166
230424_70,0.307292,0.035253,0.321569,-2.63141,0.053144
230424_71,0.292969,0.05161,0.470588,-2.427905,0.000186
230424_72,0.114583,0.092042,0.658824,-2.074419,0.020556
230424_73,0.040365,0.036929,0.611765,-2.516989,0.025517
230424_74,0.03125,0.017437,0.560784,-2.509028,0.019905
230424_75,0.023438,0.002847,0.482353,-2.971279,0.055834
230424_76,0.018229,0.003607,0.545098,-2.845494,0.093832
230424_77,0.03776,0.001048,0.556863,-3.734061,0.789238
230424_78,0.054688,0.022893,0.584314,-2.618395,0.067424
230424_79,0.104167,0.0243,0.47451,-2.736655,0.033878
230424_80,0.208333,0.009789,0.192157,-3.216612,0.058026
230424_81,0.104167,0.014187,0.65098,-3.617579,0.883282
230424_82,0.084635,0.046603,0.568627,-2.143613,0.002357
230424_83,0.075521,0.024773,0.592157,-3.342613,0.91976
230424_84,0.104167,0.043015,0.52549,-2.205778,0.000913
230424_85,0.09375,0.02766,0.486275,-2.31379,0.022592
230424_86,0.072917,0.039782,0.541176,-2.361951,0.030679
230424_87,0.052083,0.026747,0.545098,-2.298493,0.033399
230424_88,0.082031,0.074132,0.611765,-2.185016,0.034549
230424_89,0.027344,0.122515,0.658824,-2.139385,0.00874
230424_90,0.134115,0.115323,0.564706,-2.142538,0.000875
230424_91,0.210938,0.046458,0.533333,-2.396456,0.001481
230424_92,0.054688,0.0631,0.603922,-2.326521,0.067135
230424_93,0.059896,0.063633,0.584314,-2.073227,0.064767
230424_94,0.097656,0.044633,0.556863,-2.049691,0.045015
230424_95,0.204427,0.050861,0.486275,-2.031682,0.021108
230424_96,0.464844,0.035673,0.109804,-2.12667,0.015301
230424_97,0.252604,0.045133,0.486275,-1.909945,0.034012
230424_98,0.259115,0.088103,0.560784,-1.802074,0.031153
230424_99,0.261719,0.122403,0.552941,-1.839521,0.036357
230424_100,0.080729,0.094777,0.623529,-1.71803,0.040229
230424_101,0.080729,0.076767,0.596078,-3.005952,0.927669
230424_102,0.059896,0.082336,0.580392,-1.523818,0.008483
230424_103,0.044271,0.075984,0.603922,-1.814125,0.034384
230424_104,0.106771,0.070039,0.556863,-1.839931,0.04908
230424_105,0.092448,0.091044,0.580392,-1.763499,0.081385
230424_106,0.144531,0.12554,0.564706,-1.617492,0.078112
230424_107,0.229167,0.118746,0.54902,-1.491334,0.045755
230424_108,0.113281,0.146844,0.623529,-2.084575,0.025454
230425_1,0.371094,0.053023,0.176471,-2.770523,0.024913
230425_2,0.247396,0.04601,0.207843,-3.138445,0.035664
230425_3,0.234375,0.040226,0.211765,-3.164438,0.018785
230425_4,0.220052,0.034232,0.235294,-3.035529,0.025414
230425_5,0.201823,0.025018,0.266667,-2.615245,0.008668
230425_6,0.321615,0.048566,0.211765,-2.319658,0.032804
230425_7,0.227865,0.054058,0.305882,-2.266255,0.038484
230425_8,0.203125,0.080228,0.360784,-2.134762,0.041987
230425_9,0.158854,0.09169,0.439216,-1.489643,0.03902
230425_10,0.079427,0.031503,0.529412,-1.463174,0.007158
230425_11,0.102865,0.03139,0.486275,-1.648449,0.023654
230425_12,0.091146,0.041129,0.509804,-1.695001,0.028818
230425_13,0.072917,0.014872,0.533333,-3.259653,0.903235
230425_14,0.057292,0.02773,0.529412,-1.948379,0.010736
230425_15,0.079427,0.026324,0.552941,-3.29103,0.877253
230425_16,0.25651,0.041789,0.427451,-2.664299,0.60313
230425_17,0.251302,0.056123,0.423529,-1.857878,0.067897
230425_18,0.08724,0.040552,0.431373,-1.896065,0.004299
230425_19,0.074219,0.02275,0.376471,-2.135221,0.002718
230425_20,0.082031,0.006961,0.392157,-2.276725,0.002165
230425_21,0.080729,0.00389,0.392157,-2.262634,0.044267
230425_22,0.058594,0.00703,0.427451,-2.247939,0.026549
230425_23,0.070312,0.015808,0.427451,-2.222736,0.074793
230425_24,0.255208,0.014095,0.321569,-2.247566,0.086069
230425_25,0.184896,0.031511,0.376471,-2.163174,0.017406
230425_26,0.130208,0.011332,0.415686,-2.100284,0.046995
230425_27,0.138021,0.026189,0.180392,-2.741088,0.063096
230425_28,0.083333,0.023773,0.25098,-2.52124,0.033587
230425_29,0.220052,0.024577,0.2,-2.745574,0.003845
230425_30,0.326823,0.022466,0.172549,-2.871568,0.042081
230425_31,0.217448,0.03486,0.188235,-2.717241,0.08422
230425_32,0.066406,0.081282,0.239216,-2.187253,0.036634
230425_33,0.234375,0.083352,0.223529,-1.890689,0.011979
230425_34,0.106771,0.037178,0.435294,-2.117263,0.042587
230425_35,0.117188,0.048458,0.360784,-2.207816,0.070102
230425_36,0.128906,0.050443,0.341176,-2.132815,0.065693
230425_37,0.102865,0.046776,0.364706,-2.034,0.041102
230425_38,0.127604,0.043908,0.423529,-1.840634,0.018407
230425_39,0.072917,0.034883,0.494118,-1.564824,0.012834
230425_40,0.072917,0.035671,0.501961,-1.52901,0.007926
230425_41,0.06901,0.071326,0.556863,-1.37711,0.008907
230425_42,0.083333,0.088151,0.572549,-1.365528,0.019401
230425_43,0.130208,0.061218,0.372549,-1.660017,0.037986
230425_44,0.173177,0.068913,0.372549,-1.521669,0.006618
230425_45,0.147135,0.073992,0.384314,-1.565345,0.001452
230425_46,0.109375,0.080498,0.403922,-1.598407,0.011064
230425_47,0.111979,0.063339,0.396078,-1.861981,0.039073
230425_48,0.070312,0.002644,0.380392,-3.128022,0.091953
230425_49,0.070312,0.040091,0.427451,-2.342428,0.070238
230425_50,0.160156,0.103692,0.431373,-1.92076,0.064848
230425_51,0.233073,0.113848,0.466667,-1.515245,0.069161
230425_52,0.334635,0.047401,0.2,-2.277056,0.099869
230425_53,0.246094,0.041293,0.227451,-2.568539,0.068346
230425_54,0.234375,0.036916,0.215686,-2.6698,0.07214
230425_55,0.235677,0.029302,0.227451,-2.666843,0.050561
230425_56,0.223958,0.02069,0.235294,-2.617343,0.100337
230425_57,0.316406,0.042713,0.196078,-2.586347,0.120504
230425_58,0.160156,0.043947,0.301961,-2.490609,0.088425
230425_59,0.204427,0.063683,0.329412,-2.334449,0.116081
230425_60,0.161458,0.058702,0.380392,-2.258062,0.024385
230425_61,0.070312,0.031493,0.541176,-2.271117,0.045429
230425_62,0.10026,0.033633,0.494118,-2.347405,0.089882
230425_63,0.088542,0.041139,0.509804,-2.441339,0.096864
230425_64,0.071615,0.030816,0.513726,-2.530313,0.117274
230425_65,0.058594,0.024162,0.52549,-2.55893,0.115235
230425_66,0.06901,0.034602,0.521569,-2.632916,0.118291
230425_67,0.260417,0.044846,0.443137,-2.438249,0.067819
230425_68,0.260417,0.031106,0.403922,-2.699227,0.032145
230425_69,0.253906,0.027771,0.4,-2.66367,0.007219
230425_70,0.083333,0.040545,0.439216,-2.608383,0.100603
230425_71,0.0625,0.020227,0.376471,-2.926009,0.105535
230425_72,0.078125,0.004218,0.392157,-2.966244,0.112435
230425_73,0.080729,0.002176,0.384314,-3.004236,0.187768
230425_74,0.05599,0.003054,0.403922,-2.989986,0.203087
230425_75,0.063802,0.005922,0.396078,-2.982588,0.272185
230425_76,0.246094,0.006991,0.298039,-2.852069,0.258553
230425_77,0.147135,0.027086,0.392157,-2.793536,0.062366
230425_78,0.128906,0.0064,0.4,-2.794131,0.032105
230425_79,0.389323,0.032021,0.133333,-3.068251,0.033308
230425_80,0.295573,0.035439,0.133333,-3.589735,0.039163
230425_81,0.122396,0.024743,0.184314,-3.444877,0.032071
230425_82,0.085938,0.021556,0.243137,-3.245918,0.063615
230425_83,0.217448,0.020752,0.192157,-3.361264,0.141577
230425_84,0.326823,0.019151,0.164706,-3.413684,0.158756
230425_85,0.203125,0.00665,0.188235,-4.13424,0.877451
230425_86,0.0625,0.052727,0.219608,-2.623134,0.096352
230425_87,0.261719,0.049393,0.211765,-2.340046,0.050515
230425_88,0.098958,0.034457,0.447059,-2.549709,0.030861
230425_89,0.113281,0.04755,0.376471,-2.548453,0.11639
230425_90,0.127604,0.049486,0.360784,-2.433258,0.12243
230425_91,0.104167,0.045846,0.380392,-2.384543,0.06052
230425_92,0.13151,0.04343,0.431373,-2.160647,0.049353
230425_93,0.076823,0.035784,0.498039,-2.023341,0.016473
230425_94,0.067708,0.032035,0.494118,-1.94571,0.015343
230425_95,0.061198,0.051058,0.533333,-1.820571,0.022161
230425_96,0.076823,0.060069,0.545098,-1.634688,0.028811
230425_97,0.125,0.059817,0.396078,-1.959703,0.064245
230425_98,0.169271,0.071039,0.392157,-1.667616,0.042773
230425_99,0.147135,0.078434,0.403922,-1.596437,0.013601
230425_100,0.115885,0.081408,0.407843,-1.638461,0.005582
230425_101,0.126302,0.062733,0.376471,-1.867088,0.014098
230425_102,0.085938,0.011208,0.431373,-3.094082,0.020915
230425_103,0.092448,0.060216,0.45098,-2.306761,0.08433
230425_104,0.158854,0.110982,0.427451,-1.728203,0.092032
230425_105,0.222656,0.117491,0.462745,-1.356087,0.047758
230425_106,0.078125,0.076199,0.458824,-1.578682,0.222617
230425_107,0.048177,0.088715,0.533333,-1.610408,0.207476
230425_108,0.058594,0.077276,0.509804,-1.515775,0.23779
230425_109,0.044271,0.075089,0.529412,-1.517352,0.167099
230425_110,0.022135,0.05851,0.505882,-1.543006,0.210668
230425_111,0.014323,0.0558,0.490196,-1.501336,0.204276
230425_112,0.130208,0.055419,0.439216,-1.492714,0.225106
230425_113,0.192708,0.060866,0.435294,-1.367549,0.243313
230425_114,0.009115,0.043933,0.482353,-1.430565,0.245707
230425_115,0.0625,0.029661,0.376471,-1.801505,0.214402
230425_116,0.065104,0.027049,0.388235,-2.068522,0.184743
230425_117,0.065104,0.035318,0.396078,-1.858144,0.194664
230425_118,0.065104,0.030575,0.392157,-1.812754,0.184707
230425_119,0.063802,0.02253,0.380392,-1.910446,0.198654
230425_120,0.0625,0.032873,0.388235,-1.769872,0.19901
230425_121,0.0625,0.046647,0.403922,-1.506948,0.210053
230425_122,0.0625,0.032595,0.368627,-1.481288,0.227443
230425_123,0.0625,0.024747,0.337255,-1.541978,0.264524
230425_124,0.200521,0.033541,0.317647,-1.639146,0.202815
230425_125,0.190104,0.001929,0.407843,-2.882894,0.85686
230425_126,0.191406,0.056085,0.34902,-1.529695,0.197287
230425_127,0.199219,0.045251,0.356863,-1.692535,0.181306
230425_128,0.28776,0.041014,0.27451,-1.710124,0.22423
230425_129,0.104167,0.027448,0.27451,-2.113124,0.27033
230425_130,0.144531,0.024462,0.203922,-2.152289,0.297835
230425_131,0.50651,0.013884,0.12549,-1.381901,0.321205
230425_132,0.53125,0.008563,0.098039,-1.141442,0.315594
230425_133,0.063802,0.04392,0.4,-1.355004,0.238647
230425_134,0.050781,0.047723,0.419608,-1.395079,0.230274
230425_135,0.057292,0.043321,0.411765,-1.436268,0.249847
230425_136,0.057292,0.045783,0.415686,-1.378833,0.257558
230425_137,0.050781,0.044381,0.411765,-1.25179,0.268774
230425_138,0.05599,0.040237,0.411765,-1.171876,0.282623
230425_139,0.054688,0.048832,0.431373,-1.105461,0.277831
230425_140,0.03125,0.053513,0.47451,-1.170499,0.265076
230425_141,0.042969,0.030146,0.431373,-1.408274,0.267521
230425_142,0.070312,0.062308,0.470588,-1.591736,0.273945
230425_143,0.035156,0.07467,0.537255,-1.518972,0.293414
230425_144,0.054688,0.069218,0.529412,-1.535341,0.249876
230425_145,0.041667,0.066649,0.556863,-1.564235,0.262897
230425_146,0.022135,0.037635,0.52549,-1.662759,0.230966
230425_147,0.032552,0.032787,0.513726,-1.928519,0.230613
230425_148,0.141927,0.04115,0.47451,-1.986502,0.197449
230425_149,0.191406,0.050624,0.482353,-2.236416,0.147969
230425_150,0.010417,0.027807,0.505882,-2.364679,0.150531
230425_151,0.0625,0.026605,0.360784,-1.46027,0.303534
230425_152,0.063802,0.026446,0.364706,-1.602926,0.315694
230425_153,0.063802,0.031193,0.384314,-1.548205,0.292772
230425_154,0.0625,0.027508,0.380392,-1.519552,0.239569
230425_155,0.0625,0.015083,0.372549,-1.665168,0.254631
230425_156,0.0625,0.025967,0.396078,-1.751321,0.215475
230425_157,0.0625,0.041729,0.427451,-1.686836,0.176002
230425_158,0.0625,0.021592,0.388235,-2.019005,0.171613
230425_159,0.0625,0.012413,0.352941,-2.119266,0.156511
230425_160,0.210938,0.02726,0.309804,-1.337623,0.299082
230425_161,0.204427,0.000144,0.427451,-2.972983,0.873124
230425_162,0.201823,0.044294,0.388235,-1.898308,0.097023
230425_163,0.201823,0.049819,0.352941,-1.373354,0.284223
230425_164,0.21875,0.00584,0.407843,-3.131925,0.890969
230425_165,0.097656,0.013594,0.282353,-2.595737,0.023573
230425_166,0.105469,0.018752,0.286275,-1.895453,0.221541
230425_167,0.221354,0.000679,0.176471,-3.707024,0.897511
230425_168,0.53125,0.0,0.094118,-3.655182,0.827168
230425_169,0.53125,0.001933,0.094118,-2.38275,0.150066
230425_170,0.059896,0.032758,0.435294,-1.650998,0.205797
230425_171,0.052083,0.033768,0.45098,-1.567858,0.220408
230425_172,0.057292,0.025085,0.439216,-1.721854,0.232555
230425_173,0.052083,0.028749,0.45098,-1.679438,0.203639
230425_174,0.039062,0.026299,0.447059,-1.774208,0.189275
230425_175,0.050781,0.019903,0.45098,-1.821592,0.161647
230425_176,0.052083,0.000261,0.501961,-3.401759,0.859449
230425_177,0.052083,0.02402,0.470588,-1.845714,0.145325
230425_178,0.022135,0.000707,0.517647,-3.466611,0.877872
230425_179,0.035156,0.012229,0.443137,-2.509623,0.143548
230425_180,0.050781,0.045902,0.47451,-1.927744,0.314792
230425_181,0.0,0.127436,0.658824,-1.682728,0.271438
230425_182,0.035156,0.129379,0.662745,-1.608194,0.265976
230425_183,0.050781,0.129064,0.631373,-1.515006,0.317694
230425_184,0.013021,0.124228,0.635294,-1.563098,0.299872
230425_185,0.007812,0.111608,0.611765,-1.629524,0.30378
230425_186,0.029948,0.102432,0.588235,-1.610423,0.258349
230425_187,0.032552,0.129974,0.623529,-1.496198,0.319864
230425_188,0.041667,0.086845,0.588235,-1.676864,0.288044
230425_189,0.028646,0.033761,0.490196,-2.660824,0.121259
230425_190,0.005208,0.035679,0.694118,-2.822165,0.88781
230425_191,0.001302,0.118711,0.607843,-1.29,0.359755
230425_192,0.0,0.107506,0.596078,-1.419016,0.318487
230425_193,0.007812,0.09494,0.560784,-1.287305,0.358911
230425_194,0.014323,0.077652,0.537255,-1.261591,0.360579
230425_195,0.035156,0.089493,0.501961,-1.214833,0.381294
230425_196,0.018229,0.091288,0.517647,-1.215249,0.372676
230425_197,0.018229,0.095004,0.521569,-1.297864,0.378688
230425_198,0.035156,0.046528,0.447059,-1.678805,0.337633
230425_199,0.026042,0.118031,0.6,-1.263811,0.368933
230425_200,0.0,0.103312,0.627451,-1.514058,0.326554
230425_201,0.020833,0.097324,0.596078,-1.542089,0.318529
230425_202,0.0,0.104155,0.596078,-1.287355,0.374739
230425_203,0.057292,0.10755,0.537255,-1.192836,0.368883
230425_204,0.074219,0.074313,0.498039,-1.292449,0.360675
230425_205,0.127604,0.059518,0.423529,-1.469981,0.316773
230425_206,0.035156,0.091103,0.545098,-1.491879,0.333387
230425_207,0.019531,0.023599,0.392157,-1.991581,0.289367
230425_208,0.023438,0.070892,0.568627,-1.603546,0.276353
230425_209,0.007812,0.066166,0.560784,-1.483321,0.299863
230425_210,0.0,0.080455,0.576471,-1.463685,0.306069
230425_211,0.0,0.07068,0.611765,-1.647204,0.273501
230425_212,0.003906,0.04975,0.517647,-1.707306,0.269067
230425_213,0.083333,0.006931,0.356863,-1.972918,0.251028
230425_214,0.046875,0.014668,0.376471,-1.849479,0.252856
230425_215,0.0625,0.067781,0.482353,-1.683043,0.260887
230510_1,0.117188,0.049751,0.47451,-1.985728,0.178353
230510_2,0.11849,0.049904,0.47451,-1.988079,0.179023
230510_3,0.03125,0.066981,0.592157,-1.909567,0.222819
230510_4,0.065104,0.066531,0.572549,-1.933883,0.249658
230510_5,0.05599,0.035937,0.6,-3.051888,0.957201
230510_6,0.054688,0.064306,0.572549,-1.928896,0.239123
230510_7,0.066406,0.059029,0.556863,-1.918323,0.229174
230510_8,0.067708,0.051451,0.545098,-1.962051,0.229025
230510_9,0.085938,0.052001,0.545098,-1.95931,0.214796
230510_10,0.061198,0.055834,0.541176,-1.970595,0.21654
230510_11,0.174479,0.038302,0.47451,-2.016227,0.149587
230510_12,0.108073,0.033342,0.505882,-2.656607,0.231263
230510_13,0.101562,0.045774,0.627451,-2.41267,0.222964
230510_14,0.072917,0.044829,0.670588,-2.367425,0.200799
230510_15,0.066406,0.037566,0.647059,-2.364075,0.24165
230510_16,0.115885,0.034398,0.6,-2.214377,0.257038
230510_17,0.061198,0.038548,0.627451,-2.201548,0.206889
230510_18,0.039062,0.046939,0.639216,-2.176841,0.197587
230510_19,0.041667,0.041899,0.615686,-2.157149,0.18898
230510_20,0.065104,0.035577,0.580392,-2.108169,0.137256
230510_21,0.122396,0.02925,0.345098,-2.065528,0.121768
230510_22,0.0625,0.046349,0.47451,-1.805298,0.202542
230510_23,0.052083,0.041758,0.47451,-2.053701,0.222706
230510_24,0.061198,0.039505,0.494118,-2.289451,0.283383
230510_25,0.078125,0.043897,0.462745,-2.496141,0.296988
230510_26,0.082031,0.028524,0.470588,-2.468204,0.274566
230510_27,0.0625,0.031787,0.454902,-2.534526,0.219836
230510_28,0.0625,0.019231,0.45098,-2.558106,0.22163
230510_29,0.0625,0.018327,0.490196,-2.462668,0.185149
230510_30,0.123698,0.020386,0.341176,-2.373336,0.061362
230510_31,0.105469,0.016291,0.52549,-3.28984,0.923594
230510_32,0.160156,0.011059,0.403922,-3.146145,0.759152
230510_33,0.061198,0.024103,0.498039,-2.210768,0.19004
230510_34,0.0625,0.023758,0.533333,-2.393637,0.211317
230510_35,0.072917,0.006187,0.603922,-3.198793,0.960407
230510_36,0.072917,0.026137,0.580392,-2.201686,0.189542
230510_37,0.041667,0.009815,0.607843,-3.163647,0.952218
230510_38,0.0625,0.021146,0.6,-2.898287,0.86228
230510_39,0.138021,0.041185,0.490196,-1.859114,0.024666
230510_40,0.138021,0.041242,0.490196,-1.859534,0.024036
230510_41,0.045573,0.054551,0.596078,-1.823931,0.024717
230510_42,0.0625,0.051992,0.580392,-1.852765,0.055537
230510_43,0.05599,0.046481,0.588235,-1.811525,0.037827
230510_44,0.080729,0.0403,0.576471,-2.662864,0.022305
230510_45,0.061198,0.042915,0.552941,-1.806314,0.043509
230510_46,0.083333,0.045483,0.552941,-1.798166,0.03859
230510_47,0.079427,0.050359,0.54902,-1.786081,0.056195
230510_48,0.15625,0.033309,0.478431,-1.893909,0.044811
230510_49,0.09375,0.039907,0.52549,-1.670664,0.054247
230510_50,0.13151,0.056689,0.623529,-1.616818,0.077012
230510_51,0.078125,0.045399,0.678431,-1.592092,0.072607
230510_52,0.078125,0.045713,0.678431,-1.578604,0.07377
230510_53,0.070312,0.033204,0.65098,-1.585917,0.052512
230510_54,0.127604,0.033567,0.596078,-1.794732,0.058594
230510_55,0.0625,0.030485,0.631373,-1.676147,0.046815
230510_56,0.050781,0.042864,0.639216,-1.696969,0.065352
230510_57,0.049479,0.041799,0.607843,-1.693262,0.071829
230510_58,0.079427,0.039122,0.572549,-1.718942,0.066537
230510_59,0.114583,0.036705,0.380392,-2.023733,0.003078
230510_60,0.050781,0.039148,0.482353,-1.965792,0.03141
230510_61,0.059896,0.037314,0.482353,-1.868765,0.028948
230510_62,0.072917,0.045099,0.501961,-1.563038,0.01044
230510_63,0.071615,0.044507,0.478431,-1.622372,0.023373
230510_64,0.070312,0.03029,0.47451,-1.728468,0.01532
230510_65,0.076823,0.03631,0.454902,-1.67529,0.032143
230510_66,0.065104,0.026161,0.458824,-1.712891,0.051236
230510_67,0.079427,0.026246,0.486275,-1.723319,0.061522
230510_68,0.144531,0.031033,0.52549,-2.81265,0.961567
230510_69,0.341146,0.023357,0.211765,-1.697358,0.154108
230510_70,0.117188,0.024,0.423529,-1.849894,0.071043
230510_71,0.061198,0.02889,0.482353,-1.696056,0.10017
230510_72,0.070312,0.02769,0.537255,-1.663032,0.022327
230510_73,0.058594,0.031918,0.584314,-1.59308,0.052493
230510_74,0.058594,0.034107,0.6,-1.632324,0.051946
230510_75,0.048177,0.030528,0.560784,-1.641076,0.071601
230510_76,0.049479,0.03709,0.580392,-1.601296,0.055422
230510_77,0.130208,0.048018,0.376471,-1.365224,0.195499
230510_78,0.078125,0.06293,0.439216,-1.198031,0.258795
230510_79,0.070312,0.044821,0.372549,-1.304184,0.250411
230510_80,0.0625,0.08327,0.470588,-1.213512,0.268594
230510_81,0.0625,0.028107,0.560784,-2.307011,0.968522
230510_82,0.061198,0.039288,0.435294,-1.324887,0.245723
230510_83,0.061198,0.039346,0.435294,-1.321665,0.241754
230510_84,0.045573,0.005416,0.517647,-2.473207,0.965401
230510_85,0.0625,0.066373,0.454902,-1.167044,0.240233
230510_86,0.127604,0.028268,0.423529,-2.248557,0.203724
230510_87,0.061198,0.039294,0.501961,-2.256692,0.209306
230510_88,0.071615,0.023239,0.407843,-2.391109,0.16713
230510_89,0.0625,0.055719,0.521569,-2.258926,0.16584
230510_90,0.0625,0.03522,0.501961,-2.186039,0.183459
230510_91,0.0625,0.020821,0.470588,-2.214729,0.169983
230510_92,0.059896,0.032314,0.490196,-2.153628,0.209108
230510_93,0.048177,0.046141,0.513726,-2.20292,0.259934
230510_94,0.0625,0.048513,0.513726,-2.115641,0.257708
230512_1,0.078125,0.127862,0.596078,-1.885841,0.184828
230512_2,0.044271,0.136027,0.615686,-3.03026,0.96
230512_3,0.049479,0.147285,0.611765,-1.898398,0.202796
230512_4,0.059896,0.100082,0.6,-2.979767,0.959263
230512_5,0.058594,0.111919,0.54902,-1.933666,0.194805
230512_6,0.059896,0.112436,0.54902,-1.942307,0.199981
230512_7,0.06901,0.091348,0.568627,-2.963703,0.963063
230512_8,0.160156,0.054127,0.454902,-1.797299,0.116211
230512_9,0.065104,0.187558,0.8,-2.196976,0.265024
230512_10,0.061198,0.20252,0.827451,-2.111687,0.225455
230512_11,0.06901,0.213491,0.823529,-1.940158,0.192899
230512_12,0.063802,0.162365,0.760784,-1.981171,0.236564
230512_13,0.104167,0.150438,0.72549,-1.986766,0.233612
230512_14,0.208333,0.144207,0.619608,-1.959468,0.21843
230512_15,0.032552,0.198746,0.788235,-1.960963,0.181341
230512_16,0.13151,0.140706,0.67451,-1.984192,0.133944
230512_17,0.042969,0.149792,0.709804,-1.901911,0.103755
230512_18,0.053385,0.118122,0.54902,-1.851186,0.185978
230512_19,0.041667,0.11924,0.576471,-1.881941,0.220544
230512_20,0.057292,0.108864,0.564706,-2.10674,0.289193
230512_21,0.079427,0.104646,0.517647,-2.359949,0.387842
230512_22,0.074219,0.100244,0.529412,-2.328705,0.385582
230512_23,0.066406,0.104532,0.537255,-2.265763,0.387029
230512_24,0.0625,0.097207,0.501961,-2.399767,0.351722
230512_25,0.049479,0.10096,0.509804,-2.304202,0.336472
230512_26,0.059896,0.093544,0.537255,-2.352082,0.328553
230512_27,0.084635,0.140185,0.698039,-2.147877,0.099302
230512_28,0.101562,0.101601,0.72549,-3.31166,0.934743
230512_29,0.035156,0.117213,0.698039,-3.162252,0.906609
230512_30,0.040365,0.220264,0.811765,-2.068517,0.20465
230512_31,0.050781,0.185544,0.854902,-3.144416,0.960234
230512_32,0.03776,0.196852,0.788235,-2.072383,0.226535
230512_33,0.010417,0.173374,0.760784,-2.166075,0.212234
230512_34,0.0,0.169422,0.752941,-2.176234,0.190307
230512_35,0.014323,0.205448,0.776471,-2.18247,0.19205
230512_36,0.059896,0.116882,0.6,-1.892228,0.020747
230512_37,0.059896,0.130352,0.603922,-1.884921,0.013788
230512_38,0.078125,0.14469,0.623529,-3.228515,0.94365
230512_39,0.041667,0.109375,0.584314,-1.902882,0.050893
230512_40,0.058594,0.101401,0.556863,-1.939444,0.039278
230512_41,0.072917,0.11204,0.572549,-3.310999,0.926999
230512_42,0.070312,0.103943,0.545098,-1.973888,0.062123
230512_43,0.088542,0.110811,0.564706,-3.342696,0.937228
230512_44,0.164062,0.055308,0.458824,-2.168685,0.052127
230512_45,0.063802,0.205212,0.792157,-1.698368,0.094278
230512_46,0.033854,0.207878,0.835294,-1.64278,0.094176
230512_47,0.076823,0.218692,0.823529,-1.786209,0.108754
230512_48,0.058594,0.165593,0.756863,-1.875013,0.09254
230512_49,0.111979,0.148301,0.729412,-1.991049,0.087475
230512_50,0.223958,0.151447,0.623529,-1.978169,0.116191
230512_51,0.045573,0.20122,0.780392,-1.936007,0.102432
230512_52,0.167969,0.145677,0.666667,-1.901138,0.10409
230512_53,0.083333,0.152072,0.701961,-1.834795,0.07964
230512_54,0.054688,0.113013,0.560784,-2.337401,0.047199
230512_55,0.050781,0.111242,0.592157,-2.255172,0.040126
230512_56,0.067708,0.089991,0.596078,-3.331313,0.916954
230512_57,0.06901,0.109498,0.572549,-2.081384,0.007944
230512_58,0.070312,0.110813,0.529412,-2.831889,0.7445
230512_59,0.076823,0.115337,0.537255,-1.915372,0.006522
230512_60,0.066406,0.119405,0.537255,-1.956503,0.024229
230512_61,0.059896,0.111455,0.521569,-3.048299,0.928544
230512_62,0.063802,0.09744,0.537255,-1.918469,0.013124
230512_63,0.09375,0.145311,0.666667,-1.714314,0.046397
230512_64,0.261719,0.058549,0.254902,-2.127872,0.097028
230512_65,0.023438,0.11588,0.694118,-1.97424,0.00222
230512_66,0.0625,0.222225,0.792157,-1.886218,0.014306
230512_67,0.0625,0.24629,0.811765,-2.174401,0.01731
230512_68,0.058594,0.208242,0.772549,-2.110102,0.0458
230512_69,0.059896,0.179124,0.764706,-2.313006,0.113766
230512_70,0.029948,0.170308,0.745098,-2.153888,0.101308
230512_71,0.041667,0.204662,0.764706,-2.147103,0.099173
230512_72,0.091146,0.047605,0.384314,-1.366945,0.216765
230512_73,0.0625,0.059783,0.431373,-1.235065,0.264945
230512_74,0.074219,0.032993,0.352941,-1.375994,0.23798
230512_75,0.0625,0.058395,0.439216,-1.202803,0.235501
230512_76,0.063802,0.052532,0.435294,-1.341251,0.211782
230512_77,0.0625,0.054592,0.447059,-1.34291,0.215099
230512_78,0.071615,0.063549,0.458824,-1.403374,0.204663
230512_79,0.071615,0.060631,0.470588,-1.538659,0.190043
230512_80,0.0625,0.057856,0.478431,-1.60059,0.165122
230512_81,0.088542,0.030193,0.435294,-2.179178,0.211931
230512_82,0.0625,0.034101,0.486275,-2.212543,0.212376
230512_83,0.074219,0.018103,0.392157,-2.38568,0.177289
230512_84,0.0625,0.036209,0.494118,-2.248493,0.172834
230512_85,0.053385,0.032878,0.482353,-2.134752,0.205473
230512_86,0.052083,0.031511,0.482353,-2.179038,0.194225
230512_87,0.039062,0.011052,0.545098,-3.224059,0.936851
230512_88,0.066406,0.044825,0.509804,-2.137252,0.24068
230512_89,0.058594,0.013036,0.54902,-3.127942,0.946241
230517_1,0.041667,0.13201,0.490196,-1.95916,0.236812
230517_2,0.070312,0.12667,0.462745,-2.002839,0.307311
230517_3,0.061198,0.126242,0.466667,-2.125654,0.319547
230517_4,0.044271,0.109315,0.501961,-2.049685,0.285605
230517_5,0.05599,0.117256,0.521569,-2.080847,0.258911
230517_6,0.041667,0.109591,0.545098,-2.108171,0.277435
230517_7,0.065104,0.114993,0.521569,-2.146562,0.282975
230517_8,0.119792,0.0652,0.45098,-2.187786,0.226819
230517_9,0.14974,0.072951,0.45098,-2.229481,0.218238
230517_10,0.03125,0.288831,0.839216,-2.132924,0.188921
230517_11,0.127604,0.209784,0.701961,-2.049925,0.144145
230517_12,0.029948,0.209419,0.752941,-1.978787,0.141387
230517_13,0.039062,0.162444,0.694118,-1.997235,0.158947
230517_14,0.040365,0.16907,0.698039,-1.936847,0.145701
230517_15,0.020833,0.156522,0.682353,-1.936397,0.138929
230517_16,0.020833,0.156172,0.678431,-1.993211,0.147629
230517_17,0.054688,0.138721,0.647059,-2.00164,0.172673
230517_18,0.053385,0.141978,0.647059,-2.033738,0.16565
230517_19,0.033854,0.11915,0.596078,-1.700154,0.056104
230517_20,0.040365,0.102289,0.588235,-1.731968,0.063011
230517_21,0.066406,0.125013,0.611765,-1.772048,0.085156
230517_22,0.084635,0.113594,0.584314,-1.942207,0.087003
230517_23,0.083333,0.110277,0.556863,-1.934262,0.073026
230517_24,0.079427,0.107895,0.552941,-1.932047,0.068142
230517_25,0.06901,0.101439,0.54902,-1.955938,0.107839
230517_26,0.0625,0.092333,0.541176,-2.048231,0.098497
230517_27,0.076823,0.090771,0.533333,-2.011697,0.081804
230517_28,0.316406,0.078269,0.282353,-1.84939,0.159425
230517_29,0.154948,0.079417,0.466667,-1.991525,0.094004
230517_30,0.032552,0.100104,0.6,-2.043943,0.317122
230517_31,0.035156,0.107361,0.666667,-1.610876,0.039013
230517_32,0.0625,0.090221,0.635294,-1.613474,0.054115
230517_33,0.057292,0.083335,0.631373,-1.621083,0.056014
230517_34,0.03776,0.07613,0.623529,-1.666325,0.088177
230517_35,0.035156,0.08984,0.631373,-1.709459,0.088864
230517_36,0.040365,0.116014,0.666667,-1.700087,0.073631
230517_37,0.066406,0.12772,0.478431,-1.892493,0.028513
230517_38,0.070312,0.124079,0.458824,-1.921254,0.066618
230517_39,0.075521,0.120407,0.454902,-1.899584,0.062678
230517_40,0.06901,0.106612,0.490196,-1.857514,0.04786
230517_41,0.072917,0.107524,0.505882,-1.824806,0.036896
230517_42,0.089844,0.100485,0.533333,-1.809825,0.037995
230517_43,0.09375,0.110196,0.517647,-1.79377,0.036089
230517_44,0.157552,0.068743,0.443137,-1.929619,0.037939
230517_45,0.152344,0.072508,0.443137,-1.942046,0.054646
230517_46,0.039062,0.291358,0.835294,-1.757583,0.106457
230517_47,0.186198,0.197079,0.705882,-1.900051,0.138899
230517_48,0.066406,0.176389,0.768627,-1.887985,0.099215
230517_49,0.035156,0.137458,0.709804,-1.913574,0.087751
230517_50,0.03776,0.143194,0.721569,-1.9265,0.072722
230517_51,0.046875,0.137585,0.694118,-1.925201,0.071124
230517_52,0.050781,0.135881,0.686275,-1.936531,0.075383
230517_53,0.035156,0.124115,0.65098,-1.937394,0.057184
230517_54,0.078125,0.13118,0.65098,-1.93795,0.046488
230517_55,0.039062,0.117766,0.592157,-2.316577,0.054398
230517_56,0.040365,0.095998,0.592157,-2.381527,0.02291
230517_57,0.058594,0.119968,0.627451,-2.153456,0.003253
230517_58,0.066406,0.108952,0.592157,-2.208399,0.02156
230517_59,0.063802,0.102089,0.564706,-2.247372,0.053712
230517_60,0.052083,0.110207,0.556863,-2.333231,0.031543
230517_61,0.044271,0.097688,0.552941,-2.340521,0.042096
230517_62,0.05599,0.092818,0.545098,-2.418405,0.066879
230517_63,0.061198,0.093264,0.537255,-2.385668,0.0864
230517_64,0.3125,0.075684,0.27451,-2.09888,0.124079
230517_65,0.154948,0.072756,0.486275,-1.994312,0.0057
230517_66,0.03125,0.087875,0.607843,-1.946304,0.032328
230517_67,0.048177,0.111211,0.666667,-2.052778,0.040005
230517_68,0.063802,0.090125,0.635294,-2.208466,0.032702
230517_69,0.065104,0.085152,0.631373,-2.237543,0.004209
230517_70,0.049479,0.072723,0.627451,-2.359933,0.074464
230517_71,0.045573,0.089704,0.631373,-2.28265,0.101413
230517_72,0.052083,0.115721,0.670588,-2.287866,0.079335
230517_73,0.080729,0.237442,0.309804,-2.195184,0.265536
230517_74,0.041667,0.238298,0.27451,-2.200396,0.3053
230517_75,0.088542,0.224291,0.25098,-2.291864,0.291291
230517_76,0.022135,0.250781,0.333333,-2.064034,0.261155
230517_77,0.015625,0.240982,0.403922,-1.889235,0.242615
230517_78,0.007812,0.235329,0.439216,-1.861413,0.256449
230517_79,0.013021,0.227394,0.47451,-1.749999,0.262389
230517_80,0.023438,0.218885,0.427451,-1.915037,0.252303
230517_81,0.022135,0.221821,0.321569,-2.218273,0.269079
230517_82,0.03776,0.279568,0.321569,-2.902368,0.264099
230517_83,0.035156,0.271624,0.278431,-3.050029,0.288456
230517_84,0.066406,0.258367,0.254902,-3.141177,0.267113
230517_85,0.007812,0.283379,0.317647,-2.967198,0.248334
230517_86,0.015625,0.279868,0.368627,-2.730407,0.231242
230517_87,0.016927,0.278245,0.392157,-2.691962,0.220299
230517_88,0.013021,0.27617,0.407843,-2.57125,0.235046
230517_89,0.002604,0.272797,0.372549,-2.684176,0.292221
230517_90,0.001302,0.260396,0.290196,-2.907785,0.275291
230523_1,0.540365,0.013283,0.035294,-1.50702,0.004719
230523_2,0.02474,0.027434,0.6,-1.545092,0.011722
230523_3,0.03776,0.017527,0.596078,-1.550389,0.011621
230523_4,0.02474,0.009541,0.592157,-1.530626,0.021765
230523_5,0.013021,0.018176,0.603922,-2.932904,0.932542
230523_6,0.007812,0.024434,0.572549,-1.427446,0.031435
230523_7,0.022135,0.006994,0.537255,-1.447355,0.012155
230523_8,0.126302,0.006585,0.490196,-1.469704,0.016137
230523_9,0.675781,0.0097,0.015686,-1.487417,0.005767
230523_10,0.518229,0.008202,0.054902,-1.507832,0.019427
230523_11,0.545573,0.005656,0.027451,-1.529094,0.050512
230523_12,0.001302,0.012246,0.552941,-1.609238,0.049607
230523_13,0.002604,0.016607,0.494118,-1.657296,0.043012
230523_14,0.011719,0.028709,0.482353,-1.628127,0.041258
230523_15,0.019531,0.070187,0.47451,-1.700177,0.038726
230523_16,0.0,0.00841,0.552941,-1.455069,0.029522
230523_17,0.09375,0.010983,0.501961,-1.472116,0.032635
230523_18,0.678385,0.003975,0.015686,-1.479388,0.040768
230523_19,0.477865,0.001355,0.078431,-1.518121,0.040512
230523_20,0.567708,0.008226,0.023529,-1.674857,0.096406
230523_21,0.061198,0.027568,0.486275,-1.684754,0.070939
230523_22,0.059896,0.00467,0.513726,-1.640717,0.075117
230523_23,0.042969,0.00481,0.54902,-1.61808,0.075893
230523_24,0.078125,0.000443,0.541176,-2.635744,0.860292
230523_25,0.082031,0.004667,0.509804,-1.615274,0.091944
230523_26,0.072917,0.016123,0.501961,-1.532364,0.098004
230523_27,0.130208,0.007965,0.447059,-1.601215,0.090963
230523_28,0.688802,0.000861,0.011765,-1.588831,0.095432
230523_29,0.602865,0.021576,0.019608,-1.698371,0.090968
230523_30,0.061198,0.050917,0.505882,-1.981225,0.022075
230523_31,0.052083,0.0051,0.513726,-1.69409,0.058996
230523_32,0.045573,0.011703,0.54902,-1.596449,0.046044
230523_33,0.03125,0.013532,0.545098,-1.695999,0.033417
230523_34,0.026042,0.012273,0.54902,-1.653388,0.021183
230523_35,0.10026,0.007617,0.505882,-1.812004,0.011758
230523_36,0.704427,0.000582,0.015686,-1.899902,0.028693
230523_37,0.484375,0.000305,0.113725,-2.269373,0.028896
230523_38,0.109375,0.048509,0.65098,-1.422484,0.046425
230523_39,0.11849,0.0219,0.603922,-1.415325,0.028642
230523_40,0.13151,0.027401,0.619608,-1.65655,0.021953
230523_41,0.177083,0.020959,0.603922,-1.498986,0.017109
230523_42,0.184896,0.02727,0.603922,-1.387373,0.028609
230523_43,0.195312,0.02263,0.639216,-1.585814,0.038337
230523_44,0.179688,0.010635,0.584314,-1.871823,0.039035
230523_45,0.132812,0.00229,0.635294,-3.123803,0.90838
230523_46,0.10026,0.041771,0.705882,-1.815814,0.065464
230523_47,0.160156,0.119264,0.67451,-1.989836,0.031769
230523_48,0.171875,0.081469,0.729412,-3.024021,0.879393
230523_49,0.130208,0.117874,0.647059,-2.045003,0.020231
230523_50,0.132812,0.111791,0.643137,-1.789675,0.007547
230523_51,0.113281,0.138631,0.654902,-1.689425,0.005172
230523_52,0.130208,0.118591,0.643137,-1.677084,0.030553
230523_53,0.117188,0.109259,0.631373,-1.672167,0.022773
230523_54,0.123698,0.090708,0.596078,-1.608229,0.024795
230523_55,0.138021,0.077217,0.576471,-1.419997,0.030778
230523_56,0.141927,0.074014,0.615686,-1.441212,0.051556
230523_57,0.08724,0.020184,0.65098,-1.997894,0.111557
230523_58,0.132812,0.041569,0.662745,-1.767595,0.104517
230523_59,0.147135,0.053945,0.694118,-1.649778,0.060165
230523_60,0.13151,0.049113,0.686275,-1.618173,0.079975
230523_61,0.09375,0.03944,0.662745,-1.637367,0.044689
230523_62,0.06901,0.052046,0.670588,-1.526355,0.052832
230523_63,0.042969,0.068527,0.690196,-1.503388,0.052114
230523_64,0.013021,0.05681,0.705882,-1.445749,0.055226
230523_65,0.046875,0.056983,0.662745,-1.449377,0.056862
230523_66,0.105469,0.052171,0.690196,-1.516401,0.071799
230523_67,0.105469,0.019945,0.647059,-1.406594,0.044102
230523_68,0.105469,0.026161,0.623529,-1.513089,0.032301
230523_69,0.088542,0.028006,0.619608,-1.472797,0.006686
230523_70,0.071615,0.037679,0.631373,-1.541374,0.005248
230523_71,0.036458,0.050401,0.556863,-2.02126,0.046579
230523_72,0.040365,0.054354,0.639216,-1.735905,0.003155
230523_73,0.054688,0.028239,0.619608,-1.789315,0.014384
230523_74,0.059896,0.04829,0.662745,-1.763839,0.010876
230523_75,0.190104,0.004796,0.52549,-1.812816,0.020322
230523_76,0.229167,6e-06,0.545098,-3.368741,0.894872
230523_77,0.196615,0.004112,0.52549,-2.026259,0.035075
230523_78,0.304688,0.001191,0.321569,-3.395201,0.88118
230523_79,0.283854,0.005297,0.372549,-2.215604,0.005272
230523_80,0.201823,0.005131,0.52549,-1.851708,0.014614
230523_81,0.200521,0.000413,0.592157,-3.388827,0.875847
230523_82,0.199219,0.003611,0.541176,-2.116503,0.034404
230523_83,0.09375,0.0,0.556863,-3.818995,0.167471
230523_84,0.21875,0.001162,0.529412,-2.182381,0.059339
230523_85,0.22526,0.003139,0.529412,-2.027593,0.034152
230523_86,0.24349,0.001858,0.498039,-2.022927,0.012484
230523_87,0.264323,0.000736,0.458824,-2.233729,0.002592
230523_88,0.313802,0.000289,0.447059,-2.35788,0.022539
230523_89,0.263021,0.001123,0.486275,-2.363954,0.018337
230523_90,0.238281,0.000464,0.478431,-2.808606,0.038685
230523_91,0.266927,0.00447,0.490196,-2.197875,0.033819
230523_92,0.161458,0.002942,0.545098,-2.254951,0.013243
230523_93,0.261719,0.002911,0.478431,-1.987408,0.056631
230523_94,0.289062,0.000121,0.466667,-3.560865,0.902629
230523_95,0.294271,0.003071,0.423529,-2.111742,0.034394
230523_96,0.25651,0.001228,0.454902,-2.120715,0.00701
230523_97,0.269531,0.001136,0.443137,-2.262046,0.021073
230523_98,0.24349,0.000319,0.423529,-2.237409,0.084117
230523_99,0.285156,0.000103,0.470588,-2.297509,0.076394
230523_100,0.268229,3.7e-05,0.486275,-2.277877,0.041416
230523_101,0.226562,9.5e-05,0.482353,-2.187985,0.028205
230523_102,0.179688,0.000126,0.498039,-2.313196,0.088534
230523_103,0.278646,0.00573,0.439216,-1.836716,0.034068
230523_104,0.268229,0.005147,0.411765,-1.727775,0.013538
230523_105,0.251302,0.003662,0.403922,-1.936177,0.008846
230523_106,0.266927,0.001049,0.345098,-2.171398,0.009374
230523_107,0.296875,0.002795,0.392157,-2.041183,0.000694
230523_108,0.303385,0.001481,0.403922,-2.106472,0.03996
230523_109,0.307292,0.001895,0.403922,-2.058047,0.021782
230523_110,0.278646,0.003352,0.372549,-1.991496,0.016692
230523_111,0.263021,5.5e-05,0.392157,-3.431158,0.909716
230524_1,0.358073,0.134375,0.470588,-1.516893,0.013748
230524_2,0.003906,0.166887,0.737255,-1.43043,0.008782
230524_3,0.005208,0.18042,0.745098,-1.453046,0.025403
230524_4,0.026042,0.199374,0.764706,-1.314761,0.027791
230524_5,0.028646,0.141851,0.709804,-1.244105,0.038
230524_6,0.010417,0.122724,0.662745,-1.274505,0.020813
230524_7,0.304688,0.073788,0.494118,-1.288255,0.02451
230524_8,0.509115,0.052802,0.082353,-1.443187,0.018762
230524_9,0.68099,0.022761,0.027451,-1.362748,0.036949
230524_10,0.311198,0.142952,0.572549,-1.583146,0.015155
230524_11,0.013021,0.179356,0.823529,-2.710831,0.943033
230524_12,0.010417,0.17809,0.729412,-2.377865,0.740147
230524_13,0.016927,0.181633,0.701961,-1.432814,0.028107
230524_14,0.011719,0.231154,0.752941,-1.383126,0.019266
230524_15,0.359375,0.127739,0.486275,-1.380901,0.049638
230524_16,0.451823,0.115738,0.2,-1.406763,0.046373
230524_17,0.325521,0.111403,0.643137,-2.73769,0.919569
230524_18,0.264323,0.188245,0.533333,-1.605579,0.001903
230524_19,0.00651,0.216494,0.721569,-1.483902,0.00323
230524_20,0.010417,0.272224,0.792157,-1.462978,0.078436
230524_21,0.001302,0.324922,0.862745,-1.396457,0.080093
230524_22,0.026042,0.221068,0.729412,-1.341906,0.068733
230524_23,0.072917,0.229598,0.752941,-1.326833,0.066882
230524_24,0.378906,0.126011,0.372549,-1.417169,0.060379
230524_25,0.390625,0.13422,0.345098,-1.46888,0.072417
230524_26,0.77474,0.02213,0.023529,-1.397954,0.053065
230524_27,0.261719,0.103579,0.541176,-1.588843,0.029072
230524_28,0.015625,0.188669,0.709804,-1.429827,0.045414
230524_29,0.014323,0.192237,0.721569,-1.364572,0.054303
230524_30,0.013021,0.178679,0.780392,-2.571883,0.942499
230524_31,0.005208,0.216811,0.756863,-1.334894,0.056671
230524_32,0.016927,0.18234,0.713726,-1.321925,0.061523
230524_33,0.009115,0.189364,0.741176,-1.365143,0.078127
230524_34,0.429688,0.087456,0.258824,-1.39572,0.079804
230524_35,0.341146,0.089283,0.447059,-1.434578,0.093157
230524_36,0.786458,0.010906,0.019608,-1.878176,0.019343
230524_37,0.157552,0.039468,0.45098,-1.828238,0.029355
230524_38,0.141927,0.030824,0.517647,-1.384624,0.009403
230524_39,0.151042,0.076241,0.658824,-1.646973,0.019851
230524_40,0.15625,0.079669,0.666667,-1.599891,0.013328
230524_41,0.182292,0.109788,0.694118,-1.579266,9.4e-05
230524_42,0.240885,0.106853,0.65098,-1.670721,0.002514
230524_43,0.175781,0.047703,0.666667,-2.009972,0.02846
230524_44,0.136719,0.047042,0.686275,-1.873335,0.040226
230524_45,0.095052,0.063459,0.713726,-1.716877,0.073104
230524_46,0.161458,0.008443,0.501961,-2.276054,0.026578
230524_47,0.173177,0.020523,0.478431,-2.032797,0.028305
230524_48,0.135417,0.019651,0.439216,-2.633013,0.056796
230524_49,0.130208,0.033557,0.494118,-2.020411,0.035695
230524_50,0.127604,0.030874,0.486275,-1.808547,0.054328
230524_51,0.119792,0.023282,0.494118,-1.810842,0.065875
230524_52,0.144531,0.020871,0.458824,-1.782074,0.028354
230524_53,0.16276,0.018354,0.454902,-1.943111,0.010012
230524_54,0.154948,0.015064,0.482353,-1.764236,0.043178
230524_55,0.084635,0.008638,0.603922,-2.17368,0.138805
230524_56,0.161458,0.017793,0.623529,-1.9335,0.100047
230524_57,0.144531,0.019377,0.65098,-1.81678,0.04962
230524_58,0.132812,0.021221,0.627451,-1.840094,0.064331
230524_59,0.083333,0.011497,0.611765,-1.818964,0.041008
230524_60,0.08724,0.009951,0.580392,-1.829448,0.033687
230524_61,0.074219,0.008313,0.529412,-1.700398,0.039626
230524_62,0.063802,0.003427,0.54902,-1.539789,0.036049
230524_63,0.092448,0.002048,0.470588,-1.449314,0.042628
230524_64,0.070312,0.026438,0.627451,-1.512217,0.050285
230524_65,0.084635,0.012465,0.603922,-2.995641,0.946509
230524_66,0.079427,0.013051,0.568627,-1.570452,0.007745
230524_67,0.052083,0.013849,0.54902,-1.582614,0.014095
230524_68,0.061198,0.010104,0.533333,-1.604613,0.006894
230524_69,0.041667,0.008826,0.486275,-1.971391,0.0247
230524_70,0.21875,9.3e-05,0.4,-3.35501,0.84821
230524_71,0.222656,0.001235,0.34902,-2.334272,0.055296
230524_72,0.196615,0.040581,0.588235,-1.367674,0.003315
230524_73,0.247396,0.039996,0.478431,-1.488692,0.009765
230524_74,0.236979,0.049135,0.521569,-1.445684,0.003894
230524_75,0.216146,0.054342,0.52549,-1.554485,0.002701
230524_76,0.292969,0.050864,0.423529,-1.567023,0.002215
230524_77,0.242188,0.050672,0.564706,-1.49115,0.002103
230524_78,0.28776,0.046046,0.521569,-1.430488,0.002726
230524_79,0.200521,0.025527,0.603922,-1.297403,0.008956
230524_80,0.140625,0.024431,0.596078,-1.75112,0.100348
230524_81,0.192708,0.012291,0.588235,-1.504968,0.019534
230524_82,0.217448,0.033354,0.572549,-1.615715,0.010948
230524_83,0.251302,0.011185,0.552941,-1.65833,0.0142
230524_84,0.30599,0.00355,0.560784,-3.034792,0.952841
230524_85,0.30599,0.013091,0.466667,-1.777804,0.001144
230524_86,0.290365,0.016201,0.52549,-1.556556,0.018467
230524_87,0.27474,0.013058,0.505882,-1.405431,0.031182
230524_88,0.234375,0.022231,0.541176,-1.420873,0.035306
230524_89,0.203125,0.016112,0.552941,-1.886111,0.025933
230524_90,0.252604,0.013261,0.501961,-1.575214,0.007212
230524_91,0.282552,0.018014,0.45098,-1.667541,0.000619
230524_92,0.235677,0.015105,0.513726,-1.702323,0.035943
230524_93,0.242188,0.022474,0.509804,-1.704914,0.021413
230524_94,0.247396,0.008569,0.486275,-1.838306,0.075768
230524_95,0.279948,0.005913,0.52549,-1.710741,0.068967
230524_96,0.269531,0.004662,0.513726,-1.668148,0.017734
230524_97,0.229167,0.013368,0.513726,-1.787552,0.003897
230524_98,0.171875,0.004585,0.537255,-1.832398,0.066405
230524_99,0.291667,0.01845,0.505882,-2.065704,0.024388
230524_100,0.257812,0.010777,0.466667,-2.078788,0.001484
230524_101,0.277344,0.012521,0.462745,-2.225142,0.027853
230524_102,0.283854,0.006995,0.423529,-2.30869,0.055507
230524_103,0.307292,0.012864,0.388235,-2.0413,0.01636
230524_104,0.321615,0.001451,0.494118,-3.269656,0.918806
230524_105,0.325521,0.015804,0.439216,-1.932816,0.039077
230524_106,0.294271,0.001839,0.517647,-3.247673,0.938264
230524_107,0.264323,0.013838,0.443137,-1.775401,0.016815
230524_108,0.261719,0.012845,0.454902,-1.64306,0.076928
230525_1,0.442708,0.015113,0.156863,-1.493422,0.042478
230525_2,0.045573,0.022268,0.494118,-1.448743,0.047138
230525_3,0.035156,0.017511,0.505882,-1.470822,0.043656
230525_4,0.08724,0.011202,0.490196,-1.400613,0.036162
230525_5,0.03125,0.009646,0.501961,-1.366869,0.054941
230525_6,0.072917,0.0156,0.478431,-1.381794,0.028184
230525_7,0.261719,0.008181,0.368627,-1.37099,0.029411
230525_8,0.582031,0.011581,0.019608,-1.590059,0.010634
230525_9,0.617188,0.0064,0.027451,-1.491792,0.021591
230525_10,0.414062,0.009598,0.313726,-1.482182,0.059742
230525_11,0.026042,0.014735,0.533333,-1.598119,0.038436
230525_12,0.046875,0.010068,0.498039,-1.634284,0.038512
230525_13,0.053385,0.012732,0.458824,-1.755543,0.036503
230525_14,0.042969,0.010881,0.498039,-1.661499,0.037335
230525_15,0.045573,0.00307,0.513726,-1.767328,0.027195
230525_16,0.264323,0.001442,0.407843,-1.749917,0.048363
230525_17,0.522135,0.001284,0.054902,-1.605119,0.045349
230525_18,0.639323,0.002401,0.015686,-1.853613,0.062847
230525_19,0.325521,0.015446,0.290196,-1.571508,0.059054
230525_20,0.016927,0.027671,0.494118,-1.983063,0.221376
230525_21,0.06901,0.024612,0.486275,-1.574213,0.086206
230525_22,0.019531,0.01506,0.560784,-1.491207,0.087521
230525_23,0.042969,0.005099,0.454902,-1.622383,0.079927
230525_24,0.022135,0.006639,0.490196,-1.607745,0.096112
230525_25,0.328125,0.003535,0.290196,-1.707467,0.096172
230525_26,0.492188,0.001891,0.082353,-1.990019,0.068606
230525_27,0.722656,1e-05,0.011765,-2.253249,0.075034
230525_28,0.313802,0.006046,0.290196,-1.712419,0.052862
230525_29,0.065104,0.001534,0.388235,-3.237807,0.917523
230525_30,0.065104,0.008458,0.396078,-1.72859,0.038473
230525_31,0.05599,0.009706,0.486275,-1.89475,0.039833
230525_32,0.053385,0.003031,0.494118,-3.225145,0.915718
230525_33,0.039062,0.010873,0.447059,-1.760276,0.066566
230525_34,0.033854,0.017,0.470588,-1.566899,0.073334
230525_35,0.391927,0.011408,0.258824,-1.515801,0.093337
230525_36,0.41276,0.004706,0.254902,-1.764808,0.081876
230525_37,0.761719,0.000154,0.011765,-2.180595,0.004517
230525_38,0.438802,0.004279,0.172549,-1.878212,0.034403
230525_39,0.041667,0.009577,0.509804,-1.930124,0.04829
230525_40,0.029948,0.008807,0.517647,-2.006678,0.048076
230525_41,0.085938,0.003479,0.505882,-1.9704,0.020827
230525_42,0.027344,0.005025,0.513726,-1.935055,0.048555
230525_43,0.050781,0.011157,0.498039,-1.996778,0.032873
230525_44,0.261719,0.003197,0.411765,-1.919095,0.040011
230525_45,0.582031,0.007723,0.019608,-2.059375,0.018578
230525_46,0.614583,0.004801,0.027451,-1.97719,0.019661
230525_47,0.410156,0.005239,0.345098,-2.193913,0.031254
230525_48,0.036458,0.002062,0.54902,-3.40526,0.903624
230525_49,0.046875,0.008038,0.498039,-2.201142,0.003603
230525_50,0.041667,0.008814,0.466667,-2.2555,0.02388
230525_51,0.044271,0.007617,0.501961,-2.233399,0.002666
230525_52,0.048177,0.001017,0.513726,-2.295596,0.008625
230525_53,0.265625,0.000509,0.423529,-2.350093,0.012234
230525_54,0.522135,9.3e-05,0.058824,-2.209748,0.018883
230525_55,0.648438,0.00246,0.015686,-2.424534,0.001867
230525_56,0.356771,0.0134,0.309804,-2.299146,0.003401
230525_57,0.035156,0.026297,0.478431,-2.264176,0.078634
230525_58,0.048177,0.016955,0.490196,-2.286271,0.069971
230525_59,0.03125,0.012225,0.54902,-2.190165,0.081133
230525_60,0.046875,0.002783,0.45098,-2.236804,0.026903
230525_61,0.0625,0.004417,0.490196,-2.164444,0.050923
230525_62,0.352865,0.001919,0.298039,-2.189818,0.074914
230525_63,0.497396,0.000856,0.086275,-2.394705,0.014482
230525_64,0.722656,3e-06,0.011765,-2.812566,0.014797
230525_65,0.315104,0.004064,0.317647,-2.083419,0.025431
230525_66,0.048177,0.002532,0.419608,-2.057518,0.039979
230525_67,0.023438,0.005163,0.498039,-2.145417,0.013735
230525_68,0.014323,0.007345,0.486275,-2.087141,0.018263
230525_69,0.026042,0.005699,0.454902,-2.081475,0.041864
230525_70,0.032552,0.008396,0.482353,-1.921543,0.048181
230525_71,0.408854,0.005825,0.305882,-1.91155,0.078901
230525_72,0.401042,0.001343,0.278431,-2.151057,0.05133
230525_73,0.117188,0.027203,0.505882,-1.38285,0.028076
230525_74,0.158854,0.015536,0.447059,-1.5125,0.011137
230525_75,0.138021,0.026037,0.498039,-1.714015,0.017545
230525_76,0.18099,0.036928,0.529412,-1.490275,0.017354
230525_77,0.1875,0.048304,0.552941,-1.306892,0.004196
230525_78,0.200521,0.040576,0.580392,-1.451599,0.000901
230525_79,0.204427,0.031195,0.572549,-1.805477,0.029566
230525_80,0.182292,0.054506,0.556863,-1.751818,0.000376
230525_81,0.106771,0.04314,0.682353,-2.914125,0.924669
230525_82,0.110677,0.095526,0.631373,-1.353201,0.040624
230525_83,0.169271,0.000863,0.392157,-2.312512,0.029492
230525_84,0.186198,0.001152,0.360784,-2.156381,0.025543
230525_85,0.127604,0.000895,0.392157,-2.515347,0.016587
230525_86,0.154948,0.003621,0.4,-2.138856,0.009208
230525_87,0.16276,0.001242,0.392157,-2.253565,0.056571
230525_88,0.144531,0.000964,0.403922,-2.390118,0.100248
230525_89,0.154948,0.015436,0.411765,-2.062536,0.00018
230525_90,0.167969,0.00163,0.388235,-2.091243,0.028827
230525_91,0.174479,0.002192,0.447059,-2.078614,0.061539
230525_92,0.152344,0.001158,0.447059,-2.116223,0.079492
230525_93,0.21224,0.002533,0.466667,-1.839983,0.06415
230525_94,0.145833,0.002252,0.498039,-1.637303,0.020058
230525_95,0.190104,0.005745,0.468627,-1.680669,0.026253
230525_96,0.140625,0.002254,0.470588,-1.620137,0.020318
230525_97,0.033854,0.004836,0.486275,-1.660531,0.014245
230525_98,0.048177,0.00684,0.454902,-1.683442,0.026098
230525_99,0.041667,0.005591,0.45098,-1.539693,0.045349
230525_100,0.079427,0.000559,0.396078,-1.5278,0.058684
230525_101,0.06901,0.006023,0.482353,-1.732379,0.049263
230525_102,0.063802,0.008036,0.486275,-1.522886,0.042273
230525_103,0.079427,0.013632,0.486275,-1.651272,0.036655
230525_104,0.054688,0.008993,0.470588,-1.66356,0.027451
230525_105,0.040365,0.010256,0.443137,-1.615389,0.006578
230525_106,0.03776,0.010765,0.443137,-1.626122,0.011512
230525_107,0.046875,0.006496,0.431373,-1.792288,0.015113
230525_108,0.059896,0.011628,0.423529,-1.894119,0.010025
230525_109,0.096354,0.007474,0.454902,-1.877914,0.002458
230525_110,0.11849,0.022813,0.482353,-1.676444,0.043794
230525_111,0.144531,0.002024,0.47451,-3.199605,0.907945
230525_112,0.145833,0.015645,0.427451,-1.785663,0.011056
230525_113,0.148438,0.008675,0.517647,-3.331113,0.884187
230525_114,0.192708,0.047789,0.627451,-2.956557,0.898142
230525_115,0.19401,0.084153,0.584314,-1.457057,0.009516
230525_116,0.203125,0.091494,0.623529,-1.642934,0.002642
230525_117,0.1875,0.071327,0.635294,-1.949243,0.022832
230525_118,0.183594,0.112773,0.623529,-1.895382,0.044993
230525_119,0.097656,0.193414,0.694118,-1.812686,0.078452
230525_120,0.197917,0.000189,0.372549,-2.772494,0.011947
230525_121,0.188802,0.000116,0.34902,-2.86184,0.064325
230525_122,0.141927,0.000245,0.372549,-2.950755,0.101597
230525_123,0.16276,0.003777,0.388235,-2.819967,0.082299
230525_124,0.173177,0.000385,0.368627,-2.864437,0.186561
230525_125,0.138021,0.000306,0.407843,-2.8407,0.174969
230525_126,0.169271,0.011292,0.388235,-2.553885,0.036219
230525_127,0.171875,0.000331,0.376471,-2.48842,0.020006
230525_128,0.165365,0.00249,0.443137,-2.459592,0.024787
230525_129,0.231771,0.000655,0.384314,-2.582698,0.144229
230525_130,0.166667,0.001414,0.435294,-2.218203,0.139448
230525_131,0.161458,0.002781,0.447059,-2.145504,0.081214
230525_132,0.264323,0.005455,0.376471,-2.245266,0.079328
230525_133,0.109375,0.001044,0.439216,-2.290272,0.04112
230525_134,0.101562,0.002205,0.423529,-2.334538,0.059029
230525_135,0.10026,0.010007,0.380392,-2.443486,0.091274
230525_136,0.109375,0.006036,0.392157,-2.304749,0.125151
230525_137,0.145833,3.4e-05,0.329412,-2.546057,0.155145
230525_138,0.119792,0.001536,0.462745,-2.08105,0.108092
230525_139,0.140625,0.006092,0.458824,-2.057984,0.10852
230525_140,0.15625,0.005183,0.447059,-2.271829,0.103913
230525_141,0.084635,0.003811,0.415686,-2.362798,0.099147
230525_142,0.097656,0.001139,0.415686,-2.316621,0.065195
230525_143,0.06901,0.002126,0.403922,-2.304762,0.10014
230525_144,0.054688,0.000501,0.4,-2.350626,0.080533
230525_145,0.111979,0.000276,0.396078,-2.449536,0.068117
230525_146,0.115885,0.000488,0.431373,-2.12861,0.086043
230525_147,0.188802,0.15472,0.580392,-1.484022,0.016773
230525_148,0.197917,0.138153,0.564706,-1.557937,0.021875
230525_149,0.147135,0.150651,0.611765,-1.565004,0.005937
230525_150,0.196615,0.128279,0.494118,-1.646285,0.020441
230525_151,0.208333,0.121839,0.65098,-2.981385,0.925075
230525_152,0.213542,0.139792,0.596078,-1.228382,0.003215
230525_153,0.186198,0.129695,0.615686,-1.198787,0.008631
230525_154,0.105469,0.161367,0.690196,-1.714931,0.037874
230525_155,0.203125,0.070489,0.619608,-1.459904,0.018698
230525_156,0.203125,0.103053,0.603922,-1.544451,0.031796
230525_157,0.242188,0.111103,0.615686,-1.536013,0.01681
230525_158,0.261719,0.141791,0.6,-1.57125,0.003366
230525_159,0.24349,0.134892,0.537255,-1.741292,0.005425
230525_160,0.252604,0.160741,0.627451,-1.477488,0.003921
230525_161,0.238281,0.134521,0.639216,-1.554433,0.019009
230525_162,0.222656,0.173946,0.670588,-1.661831,0.026162
230525_163,0.158854,0.164187,0.713726,-1.871944,0.009787
230525_164,0.260417,0.039946,0.494118,-1.626419,0.021618
230525_165,0.259115,0.044259,0.443137,-1.754777,0.009143
230525_166,0.221354,0.043133,0.521569,-1.633734,0.002007
230525_167,0.207031,0.047698,0.521569,-1.752473,0.002193
230525_168,0.235677,0.031,0.52549,-1.768315,0.038199
230525_169,0.231771,0.06686,0.592157,-1.905537,0.021494
230525_170,0.231771,0.099386,0.592157,-1.947948,0.001453
230525_171,0.160156,0.121296,0.619608,-1.899712,0.020153
230525_172,0.140625,0.122705,0.65098,-1.911849,0.05768
230525_173,0.252604,0.050657,0.505882,-2.047204,0.017818
230525_174,0.161458,0.053483,0.517647,-2.052215,0.031191
230525_175,0.190104,0.068924,0.533333,-2.08407,0.006334
230525_176,0.188802,0.046013,0.501961,-2.269886,0.02934
230525_177,0.25651,0.064318,0.45098,-2.258553,0.063713
230525_178,0.257812,0.065891,0.533333,-2.27733,0.000897
230525_179,0.25,0.072027,0.552941,-2.184098,0.01006
230525_180,0.197917,0.077808,0.494118,-2.189685,0.015976
230525_181,0.186198,0.034072,0.54902,-2.651704,0.011759
230525_182,0.205729,0.155852,0.6,-1.871412,0.015974
230525_183,0.197917,0.126434,0.6,-1.523911,0.017726
230525_184,0.174479,0.138972,0.65098,-1.533159,0.028056
230525_185,0.200521,0.116653,0.521569,-1.838159,0.007523
230525_186,0.263021,0.101635,0.505882,-2.247965,0.006259
230525_187,0.21875,0.127566,0.584314,-1.620195,0.006585
230525_188,0.216146,0.133392,0.65098,-1.422064,0.00038
230525_189,0.174479,0.116286,0.670588,-1.377915,0.021136
230525_190,0.089844,0.161467,0.694118,-2.0244,0.050849
230525_191,0.174479,0.112787,0.670588,-1.949273,0.05595
230525_192,0.197917,0.163734,0.690196,-1.849232,0.061638
230525_193,0.21875,0.143555,0.694118,-2.044511,0.026522
230525_194,0.240885,0.149489,0.654902,-1.995356,0.005903
230525_195,0.282552,0.131718,0.580392,-2.053193,0.00472
230525_196,0.263021,0.158254,0.643137,-1.914124,0.000677
230525_197,0.248698,0.131781,0.639216,-1.841935,0.000234
230525_198,0.246094,0.17834,0.654902,-1.888448,0.024918
230525_199,0.152344,0.171486,0.709804,-2.12941,0.030545
230525_200,0.251302,0.031756,0.521569,-2.00493,0.100164
230525_201,0.27474,0.045428,0.478431,-2.019092,0.117708
230525_202,0.213542,0.084591,0.576471,-1.952417,0.100147
230525_203,0.21224,0.112082,0.580392,-2.032702,0.085379
230525_204,0.217448,0.078765,0.560784,-2.09794,0.015714
230525_205,0.213542,0.120482,0.627451,-2.221619,0.020956
230525_206,0.235677,0.144059,0.607843,-2.166478,0.009892
230525_207,0.169271,0.155364,0.635294,-2.115309,0.04053
230525_208,0.14974,0.111619,0.709804,-3.342865,0.898139
230525_209,0.148438,0.141136,0.662745,-2.076652,0.086069
230525_210,0.226562,0.061119,0.552941,-2.47086,0.075646
230525_211,0.164062,0.052236,0.545098,-2.380471,0.113317
230525_212,0.183594,0.065281,0.537255,-2.414686,0.20207
230525_213,0.197917,0.042575,0.494118,-2.456175,0.222899
230525_214,0.255208,0.06706,0.458824,-2.484529,0.180929
230525_215,0.253906,0.072559,0.533333,-2.52852,0.03315
230525_216,0.239583,0.079458,0.54902,-2.447572,0.041961
230525_217,0.183594,0.080461,0.498039,-2.404216,0.035177
230525_218,0.201823,0.035878,0.568627,-2.852595,0.031846
230529_1,0.364583,0.053001,0.333333,-1.866705,0.0142
230529_2,0.016927,0.082512,0.490196,-1.835328,0.000593
230529_3,0.026042,0.079937,0.517647,-1.798047,0.013517
230529_4,0.0,0.07144,0.529412,-1.650171,0.020921
230529_5,0.033854,0.066363,0.517647,-1.591339,0.031026
230529_6,0.102865,0.066296,0.478431,-1.582679,0.011457
230529_7,0.279948,0.032471,0.435294,-2.852814,0.920368
230529_8,0.473958,0.065252,0.129412,-1.705152,0.011381
230529_9,0.727865,0.016056,0.015686,-1.868561,0.005485
230529_10,0.376302,0.054136,0.286275,-1.793237,0.016688
230529_11,0.0625,0.057925,0.403922,-1.839966,0.051786
230529_12,0.071615,0.022002,0.356863,-3.110294,0.948025
230529_13,0.082031,0.036552,0.384314,-3.059564,0.944814
230529_14,0.072917,0.063224,0.431373,-1.539922,0.005338
230529_15,0.371094,0.026447,0.243137,-2.053606,0.003376
230529_16,0.677083,0.014687,0.015686,-2.755317,0.905188
230529_17,0.71875,0.01336,0.011765,-1.529185,0.052805
230529_18,0.380208,0.014614,0.207843,-2.575328,0.047181
230529_19,0.05599,0.037936,0.34902,-2.614963,0.018805
230529_20,0.072917,0.045893,0.396078,-2.438296,0.032108
230529_21,0.053385,0.045986,0.439216,-2.252992,0.010639
230529_22,0.085938,0.04864,0.364706,-2.146833,0.043838
230529_23,0.08724,0.048176,0.403922,-1.934198,0.037709
230529_24,0.365885,0.047714,0.262745,-1.960283,0.040136
230529_25,0.505208,0.03272,0.058824,-1.658786,0.11163
230529_26,0.748698,0.009047,0.011765,-1.590765,0.129961
230529_27,0.640625,0.002331,0.07451,-2.567171,0.039933
230529_28,0.46875,0.005077,0.121569,-2.60294,0.008708
230529_29,0.453125,0.018761,0.117647,-2.345286,0.033811
230529_30,0.53776,0.010845,0.113725,-3.118187,0.932334
230529_31,0.574219,0.013237,0.098039,-1.787721,0.037415
230529_32,0.574219,0.013087,0.098039,-1.781832,0.040284
230529_33,0.890625,0.000103,0.011765,-3.259869,0.825783
230529_34,0.878906,0.00163,0.007843,-1.988945,0.032008
230529_35,0.878906,0.0015,0.007843,-2.004643,0.027066
230529_36,0.355469,0.046666,0.329412,-1.697851,0.001557
230529_37,0.018229,0.071463,0.494118,-1.672977,0.01818
230529_38,0.022135,0.057384,0.52549,-1.672107,0.023679
230529_39,0.0,0.052729,0.537255,-1.668967,0.01893
230529_40,0.032552,0.046354,0.517647,-1.701432,0.039919
230529_41,0.105469,0.04674,0.478431,-1.806932,0.013448
230529_42,0.394531,0.025824,0.278431,-1.68855,0.028886
230529_43,0.476562,0.040024,0.137255,-1.978483,0.005944
230529_44,0.72526,0.007729,0.011765,-1.90992,0.019005
230529_45,0.375,0.037862,0.270588,-1.674112,0.031824
230529_46,0.0625,0.028262,0.411765,-3.24267,0.912279
230529_47,0.06901,0.021829,0.333333,-1.847122,0.026477
230529_48,0.065104,0.011454,0.337255,-3.273265,0.931346
230529_49,0.076823,0.039719,0.329412,-1.889189,0.027554
230529_50,0.092448,0.026047,0.356863,-1.877636,0.026492
230529_51,0.071615,0.026817,0.423529,-1.805187,0.031038
230529_52,0.377604,0.008053,0.223529,-2.121935,0.091152
230529_53,0.486979,0.01925,0.098039,-1.935072,0.034592
230529_54,0.720052,0.005056,0.011765,-1.985818,0.042036
230529_55,0.395833,0.008963,0.184314,-2.252464,0.063814
230529_56,0.080729,0.022208,0.32549,-2.022656,0.088695
230529_57,0.082031,0.024685,0.356863,-1.943572,0.061799
230529_58,0.061198,0.023313,0.4,-2.11346,0.094598
230529_59,0.098958,0.02143,0.329412,-1.991889,0.05367
230529_60,0.097656,0.021975,0.364706,-1.937065,0.05323
230529_61,0.398438,0.023438,0.231373,-2.000355,0.073403
230529_62,0.488281,0.011105,0.109804,-2.162614,0.182734
230529_63,0.744792,0.001776,0.011765,-2.204271,0.173564
230529_64,0.516927,0.000193,0.113725,-3.867812,0.877822
230529_65,0.570312,0.008958,0.105882,-2.193273,0.141342
230529_66,0.64974,0.00931,0.101961,-2.07934,0.14588
230529_67,0.645833,0.009705,0.090196,-1.978272,0.142461
230529_68,0.641927,0.002293,0.090196,-2.047951,0.148559
230529_69,0.747396,0.00118,0.05098,-2.217013,0.152337
230529_70,0.794271,0.00233,0.031373,-3.656809,0.7633
230529_71,0.897135,0.000196,0.007843,-2.846166,0.19215
230529_72,0.126302,0.08431,0.521569,-1.499673,0.044209
230529_73,0.139323,0.04244,0.458824,-1.751547,0.027501
230529_74,0.157552,0.034718,0.505882,-1.868227,0.029595
230529_75,0.199219,0.056332,0.419608,-1.91149,0.010233
230529_76,0.239583,0.067304,0.364706,-1.999134,0.028346
230529_77,0.197917,0.075418,0.356863,-2.057876,0.040338
230529_78,0.19401,0.062935,0.34902,-2.458315,0.023171
230529_79,0.173177,0.085339,0.352941,-2.24865,0.002326
230529_80,0.117188,0.110668,0.356863,-1.864762,0.050916
230529_81,0.166667,0.09011,0.494118,-1.656389,0.031078
230529_82,0.145833,0.081111,0.486275,-1.668611,0.02921
230529_83,0.130208,0.086377,0.509804,-1.692701,0.018554
230529_84,0.117188,0.086915,0.498039,-1.584094,0.013615
230529_85,0.152344,0.082406,0.47451,-1.469223,0.019956
230529_86,0.122396,0.080245,0.482353,-1.442027,0.02876
230529_87,0.15625,0.075356,0.403922,-1.672401,0.027349
230529_88,0.127604,0.075453,0.415686,-1.923091,0.027143
230529_89,0.10026,0.069729,0.490196,-1.89642,0.044747
230529_90,0.08724,0.089714,0.631373,-1.727846,0.050489
230529_91,0.115885,0.103195,0.713726,-2.573106,0.951507
230529_92,0.135417,0.114128,0.607843,-1.410181,0.024161
230529_93,0.104167,0.074176,0.443137,-1.418443,0.03188
230529_94,0.119792,0.079717,0.443137,-1.514764,0.017011
230529_95,0.111979,0.070152,0.368627,-1.668144,0.027325
230529_96,0.102865,0.05589,0.32549,-1.749674,0.031938
230529_97,0.113281,0.061841,0.321569,-1.817167,0.036219
230529_98,0.111979,0.066748,0.294118,-1.775175,0.032141
230529_99,0.166667,0.096395,0.556863,-1.674229,0.032036
230529_100,0.173177,0.102966,0.529412,-1.844278,0.078189
230529_101,0.140625,0.072472,0.568627,-1.719441,0.01531
230529_102,0.096354,0.070382,0.556863,-1.68436,0.01558
230529_103,0.135417,0.075844,0.52549,-1.709179,0.027036
230529_104,0.101562,0.058547,0.513726,-1.841962,0.031775
230529_105,0.075521,0.036377,0.556863,-1.94374,0.01185
230529_106,0.151042,0.042676,0.54902,-1.97657,0.016888
230529_107,0.170573,0.067448,0.482353,-1.787647,0.051103
230529_108,0.125,0.07651,0.521569,-1.562878,0.061332
230529_109,0.144531,0.038147,0.462745,-1.882357,0.037998
230529_110,0.154948,0.031779,0.509804,-1.963597,0.044844
230529_111,0.195312,0.058951,0.431373,-1.842658,0.004835
230529_112,0.235677,0.075932,0.384314,-1.856103,0.010124
230529_113,0.200521,0.082982,0.368627,-2.006664,0.022889
230529_114,0.190104,0.067224,0.360784,-2.23252,0.067344
230529_115,0.166667,0.095135,0.372549,-2.092528,0.074603
230529_116,0.097656,0.125874,0.380392,-1.992977,0.187636
230529_117,0.167969,0.089816,0.498039,-2.174569,0.0078
230529_118,0.130208,0.075832,0.513726,-2.353431,0.039351
230529_119,0.110677,0.090775,0.513726,-2.327585,0.073982
230529_120,0.134115,0.080372,0.501961,-2.310555,0.098087
230529_121,0.145833,0.063859,0.494118,-2.299166,0.088206
230529_122,0.126302,0.061873,0.47451,-2.245984,0.106114
230529_123,0.154948,0.081387,0.415686,-2.311208,0.07131
230529_124,0.123698,0.083357,0.435294,-2.406988,0.078212
230529_125,0.088542,0.071843,0.486275,-2.449159,0.004004
230529_126,0.141927,0.106168,0.701961,-2.497138,0.497445
230529_127,0.135417,0.119946,0.686275,-1.847129,0.12083
230529_128,0.127604,0.085906,0.631373,-3.099699,0.938848
230529_129,0.101562,0.063749,0.462745,-1.864959,0.041213
230529_130,0.128906,0.063297,0.454902,-1.928226,0.01668
230529_131,0.114583,0.069235,0.368627,-2.004603,0.030983
230529_132,0.078125,0.053505,0.368627,-1.844237,0.057822
230529_133,0.114583,0.048601,0.329412,-1.98363,0.059364
230529_134,0.109375,0.039155,0.317647,-2.36527,0.062014
230529_135,0.205729,0.074126,0.513726,-1.967026,0.106259
230529_136,0.200521,0.086583,0.505882,-1.990609,0.09149
230529_137,0.138021,0.050695,0.560784,-1.764322,0.04579
230529_138,0.157552,0.049123,0.556863,-1.765637,0.045417
230529_139,0.14974,0.057772,0.466667,-2.07636,0.045318
230529_140,0.160156,0.019643,0.513726,-1.973401,0.040972
230529_141,0.109375,0.023254,0.545098,-1.929379,0.029305
230529_142,0.184896,0.036112,0.482353,-1.89533,0.023183
230529_143,0.140625,0.054468,0.45098,-2.17938,0.088311
230529_144,0.167969,0.112578,0.615686,-1.475963,0.001705
230529_145,0.214844,0.09488,0.552941,-1.475701,0.035996
230529_146,0.184896,0.114525,0.580392,-1.452492,0.006682
230529_147,0.217448,0.11297,0.501961,-1.563688,0.010373
230529_148,0.255208,0.089719,0.443137,-1.597663,0.014925
230529_149,0.210938,0.10361,0.580392,-1.57555,0.024406
230529_150,0.223958,0.110836,0.615686,-1.531621,0.030787
230529_151,0.18099,0.118487,0.607843,-1.461324,0.032207
230529_152,0.11849,0.111799,0.65098,-1.321365,0.072994
230529_153,0.184896,0.113022,0.666667,-1.591185,0.020107
230529_154,0.216146,0.09967,0.631373,-1.574415,0.043871
230529_155,0.263021,0.075638,0.592157,-1.731953,0.00585
230529_156,0.263021,0.057428,0.572549,-1.899347,0.00645
230529_157,0.295573,0.082455,0.513726,-1.679479,0.005629
230529_158,0.277344,0.110889,0.54902,-1.611657,0.054453
230529_159,0.276042,0.108115,0.545098,-1.516745,0.001322
230529_160,0.259115,0.057348,0.662745,-2.744845,0.935163
230529_161,0.222656,0.133746,0.639216,-1.483706,0.018519
230529_162,0.179688,0.111427,0.654902,-1.241063,0.033493
230529_163,0.263021,0.084274,0.482353,-1.896123,0.007425
230529_164,0.304688,0.01479,0.313726,-2.510061,0.028944
230529_165,0.238281,0.031162,0.356863,-2.140327,0.019329
230529_166,0.227865,0.025461,0.431373,-2.071129,0.044589
230529_167,0.240885,0.060815,0.501961,-1.643466,0.09508
230529_168,0.252604,0.10667,0.545098,-1.560673,0.088057
230529_169,0.244792,0.107632,0.541176,-1.506761,0.052704
230529_170,0.184896,0.097711,0.537255,-1.510957,0.05048
230529_171,0.171875,0.085836,0.521569,-1.442045,0.070531
230529_172,0.263021,0.070012,0.486275,-1.803192,0.026269
230529_173,0.207031,0.059488,0.439216,-1.952122,0.022916
230529_174,0.261719,0.052141,0.368627,-2.013033,0.04578
230529_175,0.326823,0.013919,0.235294,-2.444206,0.026194
230529_176,0.347656,5e-06,0.235294,-2.660631,0.04559
230529_177,0.345052,0.0,0.247059,-2.644089,0.065208
230529_178,0.333333,0.008719,0.235294,-2.551429,0.006248
230529_179,0.302083,0.045595,0.282353,-2.164351,0.029005
230529_180,0.235677,0.064398,0.254902,-1.884105,0.026167
230529_181,0.178385,0.116127,0.619608,-2.165963,0.004454
230529_182,0.217448,0.092408,0.580392,-1.61661,0.003614
230529_183,0.174479,0.112809,0.603922,-1.608864,0.01302
230529_184,0.222656,0.1124,0.52549,-1.877873,0.009139
230529_185,0.270833,0.076327,0.45098,-1.750929,0.018618
230529_186,0.201823,0.091446,0.603922,-1.532479,0.014286
230529_187,0.22526,0.099061,0.643137,-1.473387,0.007838
230529_188,0.22526,0.046637,0.713726,-2.869669,0.92219
230529_189,0.128906,0.04572,0.709804,-2.833495,0.887892
230529_190,0.175781,0.126973,0.67451,-2.303343,0.141157
230529_191,0.195312,0.109044,0.635294,-2.190874,0.129055
230529_192,0.233073,0.072477,0.603922,-2.404809,0.067507
230529_193,0.270833,0.060808,0.584314,-2.481113,0.019536
230529_194,0.292969,0.083894,0.513726,-2.342194,0.033715
230529_195,0.278646,0.113415,0.537255,-2.026554,0.016459
230529_196,0.260417,0.096743,0.588235,-1.903275,0.012113
230529_197,0.21224,0.139982,0.666667,-1.967382,0.034138
230529_198,0.183594,0.128663,0.666667,-2.132684,0.03651
230529_199,0.259115,0.089568,0.498039,-2.416948,0.12435
230529_200,0.308594,0.013664,0.313726,-3.054092,0.299564
230529_201,0.235677,0.031043,0.34902,-2.726271,0.159416
230529_202,0.221354,0.029299,0.431373,-2.579312,0.168761
230529_203,0.21224,0.057416,0.521569,-2.259388,0.010552
230529_204,0.248698,0.105762,0.568627,-2.220793,0.035665
230529_205,0.239583,0.106097,0.560784,-2.226246,0.025479
230529_206,0.179688,0.096099,0.556863,-2.042588,0.058437
230529_207,0.165365,0.081598,0.521569,-2.068408,0.117511
230529_208,0.242188,0.074079,0.509804,-2.310805,0.104975
230529_209,0.1875,0.065034,0.45098,-2.381635,0.153535
230529_210,0.266927,0.052898,0.372549,-2.360292,0.280852
230529_211,0.334635,0.015453,0.235294,-2.926009,0.351099
230529_212,0.352865,0.0,0.227451,-3.064142,0.2054
230529_213,0.348958,0.0,0.243137,-3.15971,0.162332
230529_214,0.328125,0.006915,0.231373,-2.912264,0.138481
230529_215,0.303385,0.040831,0.282353,-2.244781,0.122481
230529_216,0.242188,0.051365,0.254902,-2.426801,0.10407
